sequence_id,session_number,game_type,difficulty,accuracy,score,response_time,mistakes,accuracy_change,target_difficulty
1,1,Memory Match & Recall,Easy,76.62,6,5.16,2,0.0,Medium
1,2,Everyday Problem Solver,Easy,88.09,4,4.01,1,11.47,Medium
1,3,Behaviour & Emotional Response,Easy,79.05,8,6.26,2,-9.04,Medium
1,4,Memory Match & Recall,Easy,86.56,5,3.74,1,7.51,Medium
1,5,Everyday Problem Solver,Medium,76.71,4,4.33,1,-9.85,Medium
2,1,Behaviour & Emotional Response,Easy,64.47,6,2.19,4,0.0,Medium
2,2,Everyday Problem Solver,Medium,44.16,4,4.47,4,-20.31,Medium
2,3,Memory Match & Recall,Medium,49.94,3,5.48,3,5.78,Medium
2,4,My Life Memories,Easy,62.07,4,2.81,2,12.13,Medium
2,5,Everyday Problem Solver,Hard,55.81,4,5.58,4,-6.26,Medium
3,1,Memory Match & Recall,Easy,62.46,3,3.85,2,0.0,Medium
3,2,Story & Conversation,Hard,51.18,4,4.51,4,-11.28,Medium
3,3,Memory Match & Recall,Medium,66.27,3,4.25,2,15.09,Medium
3,4,My Life Memories,Easy,73.76,6,3.69,2,7.49,Medium
3,5,Behaviour & Emotional Response,Hard,66.13,5,5.75,3,-7.63,Medium
4,1,Behaviour & Emotional Response,Easy,59.07,3,3.06,2,0.0,Easy
4,2,Memory Match & Recall,Medium,46.89,4,2.77,4,-12.18,Easy
4,3,Memory Match & Recall,Hard,27.17,1,6.32,4,-19.72,Easy
4,4,My Life Memories,Easy,63.07,5,4.7,3,35.9,Easy
4,5,Everyday Problem Solver,Medium,49.44,3,4.74,3,-13.63,Easy
5,1,Story & Conversation,Medium,33.5,2,4.68,3,0.0,Medium
5,2,Behaviour & Emotional Response,Medium,45.66,3,5.55,3,12.16,Medium
5,3,Everyday Problem Solver,Medium,30.24,2,5.65,6,-15.42,Medium
5,4,Behaviour & Emotional Response,Easy,50.01,4,3.79,4,19.77,Medium
5,5,Memory Match & Recall,Easy,57.49,3,5.78,2,7.48,Medium
6,1,Story & Conversation,Medium,68.93,3,4.58,2,0.0,Hard
6,2,Everyday Problem Solver,Hard,65.46,5,6.95,3,-3.47,Hard
6,3,Everyday Problem Solver,Medium,74.09,7,4.68,3,8.63,Hard
6,4,My Life Memories,Easy,81.83,5,2.91,1,7.74,Hard
6,5,Everyday Problem Solver,Medium,84.84,7,6.45,1,3.01,Hard
7,1,Behaviour & Emotional Response,Medium,64.94,6,5.41,4,0.0,Medium
7,2,Story & Conversation,Easy,66.55,4,4.9,2,1.61,Medium
7,3,Behaviour & Emotional Response,Medium,71.15,4,4.89,1,4.6,Medium
7,4,Memory Match & Recall,Easy,82.81,5,1.5,1,11.66,Medium
7,5,My Life Memories,Medium,69.85,7,5.05,3,-12.96,Medium
8,1,My Life Memories,Medium,56.07,6,2.67,4,0.0,Medium
8,2,Behaviour & Emotional Response,Easy,65.7,3,4.9,2,9.63,Medium
8,3,Memory Match & Recall,Medium,67.38,5,4.34,3,1.68,Medium
8,4,Story & Conversation,Easy,65.16,7,3.88,3,-2.22,Medium
8,5,Everyday Problem Solver,Medium,67.01,5,5.36,3,1.85,Medium
9,1,Behaviour & Emotional Response,Medium,55.13,3,5.18,2,0.0,Medium
9,2,Story & Conversation,Hard,47.37,3,5.08,3,-7.76,Medium
9,3,Everyday Problem Solver,Medium,53.09,3,4.6,3,5.72,Medium
9,4,Behaviour & Emotional Response,Hard,35.77,2,6.37,3,-17.32,Medium
9,5,Behaviour & Emotional Response,Easy,69.62,3,4.45,2,33.85,Medium
10,1,Memory Match & Recall,Hard,35.99,3,5.51,5,0.0,Medium
10,2,Everyday Problem Solver,Easy,65.92,3,3.51,2,29.93,Medium
10,3,Memory Match & Recall,Medium,58.51,3,5.52,2,-7.41,Medium
10,4,Behaviour & Emotional Response,Medium,72.3,4,5.13,2,13.79,Medium
10,5,My Life Memories,Hard,52.03,3,5.79,3,-20.27,Medium
11,1,Story & Conversation,Medium,31.06,3,5.32,7,0.0,Medium
11,2,Everyday Problem Solver,Hard,35.5,2,5.79,4,4.44,Medium
11,3,Story & Conversation,Medium,36.03,3,5.17,5,0.53,Medium
11,4,My Life Memories,Hard,16.71,2,7.54,8,-19.32,Medium
11,5,Memory Match & Recall,Easy,51.73,3,5.54,2,35.02,Medium
12,1,Story & Conversation,Easy,64.78,4,2.8,2,0.0,Easy
12,2,Behaviour & Emotional Response,Easy,61.38,3,7.14,2,-3.4,Easy
12,3,Memory Match & Recall,Easy,53.42,3,3.89,2,-7.96,Easy
12,4,Story & Conversation,Easy,61.46,4,3.9,2,8.04,Easy
12,5,Story & Conversation,Medium,43.06,3,5.24,3,-18.4,Easy
13,1,Behaviour & Emotional Response,Easy,56.91,6,3.44,4,0.0,Medium
13,2,Everyday Problem Solver,Medium,54.87,5,4.12,5,-2.04,Medium
13,3,Everyday Problem Solver,Easy,55.13,6,5.54,4,0.26,Medium
13,4,Story & Conversation,Medium,41.18,4,5.44,6,-13.95,Medium
13,5,Memory Match & Recall,Medium,57.91,3,3.11,2,16.73,Medium
14,1,Memory Match & Recall,Medium,64.33,5,5.92,3,0.0,Medium
14,2,Memory Match & Recall,Easy,66.85,4,2.88,2,2.52,Medium
14,3,Behaviour & Emotional Response,Medium,68.9,7,5.31,3,2.05,Medium
14,4,Everyday Problem Solver,Easy,78.77,5,4.79,1,9.87,Medium
14,5,Memory Match & Recall,Medium,64.69,3,5.26,2,-14.08,Medium
15,1,Memory Match & Recall,Medium,60.11,3,7.26,2,0.0,Medium
15,2,Memory Match & Recall,Hard,56.74,3,4.42,3,-3.37,Medium
15,3,Everyday Problem Solver,Medium,71.34,7,3.76,3,14.6,Medium
15,4,Everyday Problem Solver,Hard,61.62,3,7.2,2,-9.72,Medium
15,5,Everyday Problem Solver,Medium,65.47,7,6.13,3,3.85,Medium
16,1,Story & Conversation,Hard,59.12,6,8.1,4,0.0,Hard
16,2,Story & Conversation,Medium,66.22,7,4.07,3,7.1,Hard
16,3,Everyday Problem Solver,Easy,73.85,4,3.43,2,7.63,Hard
16,4,Memory Match & Recall,Medium,70.23,4,5.35,1,-3.62,Hard
16,5,Story & Conversation,Easy,83.85,8,5.32,2,13.62,Hard
17,1,Behaviour & Emotional Response,Hard,56.92,3,5.53,3,0.0,Medium
17,2,Memory Match & Recall,Hard,66.02,3,6.52,2,9.1,Medium
17,3,Everyday Problem Solver,Easy,68.05,3,3.17,2,2.03,Medium
17,4,Everyday Problem Solver,Medium,67.59,4,4.69,2,-0.46,Medium
17,5,Behaviour & Emotional Response,Medium,70.48,4,5.5,1,2.89,Medium
18,1,My Life Memories,Medium,53.83,4,3.25,4,0.0,Medium
18,2,Story & Conversation,Easy,67.73,5,5.49,3,13.9,Medium
18,3,Everyday Problem Solver,Easy,73.19,4,2.92,2,5.46,Medium
18,4,Story & Conversation,Medium,64.45,3,5.45,2,-8.74,Medium
18,5,Memory Match & Recall,Medium,59.6,3,5.21,2,-4.85,Medium
19,1,Memory Match & Recall,Medium,54.02,4,5.5,4,0.0,Medium
19,2,Everyday Problem Solver,Hard,53.74,3,7.17,2,-0.28,Medium
19,3,Everyday Problem Solver,Medium,70.2,4,3.29,2,16.46,Medium
19,4,My Life Memories,Hard,47.75,4,6.54,4,-22.45,Medium
19,5,Behaviour & Emotional Response,Hard,57.96,3,6.45,2,10.21,Medium
20,1,Behaviour & Emotional Response,Easy,98.0,5,5.58,0,0.0,Hard
20,2,Everyday Problem Solver,Easy,98.0,5,5.0,0,0.0,Hard
20,3,Behaviour & Emotional Response,Easy,98.0,8,5.13,0,0.0,Hard
20,4,Behaviour & Emotional Response,Easy,98.0,8,3.93,0,0.0,Hard
20,5,Everyday Problem Solver,Medium,98.0,8,4.81,0,0.0,Hard
21,1,Behaviour & Emotional Response,Medium,83.52,4,5.66,1,0.0,Hard
21,2,Memory Match & Recall,Medium,86.54,7,4.24,1,3.02,Hard
21,3,Memory Match & Recall,Easy,98.0,6,4.29,0,11.46,Hard
21,4,Story & Conversation,Easy,98.0,10,3.36,0,0.0,Hard
21,5,Behaviour & Emotional Response,Medium,98.0,5,3.84,0,0.0,Hard
22,1,Memory Match & Recall,Easy,73.52,4,3.63,2,0.0,Easy
22,2,Behaviour & Emotional Response,Easy,87.61,7,5.06,1,14.09,Easy
22,3,Behaviour & Emotional Response,Medium,54.1,5,5.29,5,-33.51,Easy
22,4,Everyday Problem Solver,Easy,73.78,6,5.43,2,19.68,Easy
22,5,Memory Match & Recall,Hard,52.49,3,5.74,3,-21.29,Easy
23,1,Everyday Problem Solver,Medium,72.77,6,3.48,2,0.0,Hard
23,2,Behaviour & Emotional Response,Hard,55.07,6,5.29,4,-17.7,Hard
23,3,Behaviour & Emotional Response,Medium,66.65,4,7.09,2,11.58,Hard
23,4,Everyday Problem Solver,Hard,62.5,4,4.29,2,-4.15,Hard
23,5,My Life Memories,Easy,89.08,7,6.83,1,26.58,Hard
24,1,My Life Memories,Hard,54.37,3,5.28,3,0.0,Medium
24,2,Story & Conversation,Easy,94.59,5,3.39,0,40.22,Medium
24,3,My Life Memories,Hard,69.15,7,6.68,3,-25.44,Medium
24,4,Everyday Problem Solver,Easy,84.43,8,4.25,2,15.28,Medium
24,5,Story & Conversation,Easy,72.04,4,3.19,2,-12.39,Medium
25,1,Everyday Problem Solver,Easy,58.72,4,6.49,2,0.0,Easy
25,2,My Life Memories,Easy,59.13,3,4.0,2,0.41,Easy
25,3,Story & Conversation,Medium,60.0,6,6.75,4,0.87,Easy
25,4,Behaviour & Emotional Response,Easy,62.1,3,5.9,2,2.1,Easy
25,5,Memory Match & Recall,Hard,50.27,4,4.72,4,-11.83,Easy
26,1,Everyday Problem Solver,Medium,68.13,5,4.23,3,0.0,Medium
26,2,Memory Match & Recall,Easy,78.85,8,3.91,2,10.72,Medium
26,3,Story & Conversation,Medium,70.61,6,5.73,2,-8.24,Medium
26,4,My Life Memories,Medium,80.95,4,3.37,1,10.34,Medium
26,5,My Life Memories,Hard,73.73,4,3.37,2,-7.22,Medium
27,1,Story & Conversation,Easy,71.25,7,4.77,3,0.0,Medium
27,2,Memory Match & Recall,Medium,55.49,3,4.81,3,-15.76,Medium
27,3,Story & Conversation,Medium,57.77,5,4.33,3,2.28,Medium
27,4,Behaviour & Emotional Response,Easy,77.32,4,4.81,1,19.55,Medium
27,5,Story & Conversation,Medium,59.57,6,6.1,4,-17.75,Medium
28,1,Story & Conversation,Medium,69.49,6,5.7,2,0.0,Medium
28,2,Behaviour & Emotional Response,Easy,71.14,7,3.76,3,1.65,Medium
28,3,My Life Memories,Medium,72.09,4,5.66,2,0.95,Medium
28,4,Behaviour & Emotional Response,Medium,68.98,7,5.09,3,-3.11,Medium
28,5,Behaviour & Emotional Response,Hard,66.28,5,5.06,3,-2.7,Medium
29,1,Story & Conversation,Easy,76.99,6,4.12,2,0.0,Medium
29,2,My Life Memories,Medium,76.3,5,5.88,1,-0.69,Medium
29,3,Behaviour & Emotional Response,Medium,76.09,5,6.46,1,-0.21,Medium
29,4,Memory Match & Recall,Easy,82.83,7,5.16,1,6.74,Medium
29,5,Memory Match & Recall,Hard,60.34,4,6.21,2,-22.49,Medium
30,1,Story & Conversation,Easy,68.63,4,5.17,2,0.0,Medium
30,2,Everyday Problem Solver,Easy,64.64,4,6.99,2,-3.99,Medium
30,3,My Life Memories,Medium,55.01,3,3.6,2,-9.63,Medium
30,4,My Life Memories,Medium,69.5,4,5.89,2,14.49,Medium
30,5,My Life Memories,Medium,67.79,4,5.71,2,-1.71,Medium
31,1,Everyday Problem Solver,Medium,54.43,3,5.16,2,0.0,Medium
31,2,Memory Match & Recall,Medium,57.25,3,6.21,3,2.82,Medium
31,3,Everyday Problem Solver,Hard,49.93,5,4.91,5,-7.32,Medium
31,4,Memory Match & Recall,Medium,62.39,3,5.5,2,12.46,Medium
31,5,My Life Memories,Easy,72.43,7,3.43,3,10.04,Medium
32,1,Behaviour & Emotional Response,Hard,53.13,4,5.27,4,0.0,Medium
32,2,My Life Memories,Medium,62.33,6,5.28,4,9.2,Medium
32,3,Behaviour & Emotional Response,Medium,57.97,3,3.35,3,-4.36,Medium
32,4,My Life Memories,Medium,63.84,4,4.73,2,5.87,Medium
32,5,Story & Conversation,Medium,71.52,7,6.7,3,7.68,Medium
33,1,Everyday Problem Solver,Easy,81.91,4,4.32,1,0.0,Hard
33,2,Story & Conversation,Easy,78.35,6,4.35,2,-3.56,Hard
33,3,Story & Conversation,Hard,62.13,3,6.19,2,-16.22,Hard
33,4,Everyday Problem Solver,Easy,82.4,8,4.96,2,20.27,Hard
33,5,Everyday Problem Solver,Medium,88.06,4,4.67,1,5.66,Hard
34,1,My Life Memories,Medium,70.17,7,4.46,3,0.0,Hard
34,2,My Life Memories,Easy,78.87,8,4.38,2,8.7,Hard
34,3,My Life Memories,Hard,57.61,3,4.91,2,-21.26,Hard
34,4,Behaviour & Emotional Response,Medium,70.67,4,5.53,1,13.06,Hard
34,5,Story & Conversation,Easy,90.73,9,5.43,1,20.06,Hard
35,1,My Life Memories,Medium,87.69,5,5.85,1,0.0,Hard
35,2,My Life Memories,Easy,98.0,10,6.84,0,10.31,Hard
35,3,My Life Memories,Easy,98.0,8,3.21,0,0.0,Hard
35,4,My Life Memories,Medium,93.2,9,2.21,1,-4.8,Hard
35,5,Everyday Problem Solver,Hard,83.14,4,4.72,1,-10.06,Hard
36,1,My Life Memories,Medium,64.31,3,7.24,2,0.0,Hard
36,2,Memory Match & Recall,Medium,69.46,4,4.25,2,5.15,Hard
36,3,My Life Memories,Easy,69.87,6,5.03,2,0.41,Hard
36,4,My Life Memories,Easy,68.83,7,6.65,3,-1.04,Hard
36,5,Story & Conversation,Easy,85.33,9,3.75,1,16.5,Hard
37,1,Story & Conversation,Medium,42.43,4,5.02,6,0.0,Easy
37,2,Story & Conversation,Hard,31.23,3,4.14,7,-11.2,Easy
37,3,Memory Match & Recall,Medium,33.71,2,5.24,3,2.48,Easy
37,4,Story & Conversation,Easy,49.08,2,4.07,3,15.37,Easy
37,5,Memory Match & Recall,Medium,44.04,3,3.87,3,-5.04,Easy
38,1,Everyday Problem Solver,Hard,46.59,3,6.54,3,0.0,Hard
38,2,Everyday Problem Solver,Easy,73.63,4,3.06,1,27.04,Hard
38,3,Behaviour & Emotional Response,Hard,39.66,4,7.52,6,-33.97,Hard
38,4,Story & Conversation,Medium,64.36,4,4.09,2,24.7,Hard
38,5,Behaviour & Emotional Response,Medium,73.17,4,5.05,1,8.81,Hard
39,1,Everyday Problem Solver,Hard,66.09,3,8.24,2,0.0,Hard
39,2,Behaviour & Emotional Response,Easy,98.0,8,3.92,0,31.91,Hard
39,3,Behaviour & Emotional Response,Medium,86.52,9,5.58,1,-11.48,Hard
39,4,My Life Memories,Hard,78.4,5,4.51,1,-8.12,Hard
39,5,Memory Match & Recall,Medium,87.81,5,6.07,1,9.41,Hard
40,1,Memory Match & Recall,Medium,26.52,2,2.84,6,0.0,Easy
40,2,Behaviour & Emotional Response,Hard,21.5,1,6.99,4,-5.02,Easy
40,3,Story & Conversation,Medium,45.63,4,5.22,4,24.13,Easy
40,4,Memory Match & Recall,Medium,47.89,4,3.46,4,2.26,Easy
40,5,Memory Match & Recall,Hard,17.4,2,6.09,8,-30.49,Easy
41,1,Memory Match & Recall,Medium,65.56,5,2.49,3,0.0,Medium
41,2,My Life Memories,Medium,66.73,7,3.4,3,1.17,Medium
41,3,Everyday Problem Solver,Medium,72.78,6,5.36,2,6.05,Medium
41,4,Behaviour & Emotional Response,Hard,52.62,5,5.26,5,-20.16,Medium
41,5,My Life Memories,Medium,65.41,5,4.9,3,12.79,Medium
42,1,Story & Conversation,Hard,56.41,3,6.45,2,0.0,Hard
42,2,Story & Conversation,Hard,60.65,4,4.86,2,4.24,Hard
42,3,My Life Memories,Medium,76.68,8,3.64,2,16.03,Hard
42,4,Story & Conversation,Easy,85.51,7,2.88,1,8.83,Hard
42,5,Everyday Problem Solver,Medium,92.12,7,4.81,1,6.61,Hard
43,1,Story & Conversation,Easy,60.79,5,4.38,3,0.0,Easy
43,2,Behaviour & Emotional Response,Easy,59.68,4,5.26,2,-1.11,Easy
43,3,Memory Match & Recall,Easy,67.05,7,3.83,3,7.37,Easy
43,4,My Life Memories,Medium,50.55,3,4.77,3,-16.5,Easy
43,5,My Life Memories,Medium,41.69,4,3.35,6,-8.86,Easy
44,1,My Life Memories,Medium,90.37,5,4.48,0,0.0,Medium
44,2,Story & Conversation,Easy,95.46,6,4.61,0,5.09,Medium
44,3,Story & Conversation,Medium,98.0,8,6.06,0,2.54,Medium
44,4,My Life Memories,Medium,84.24,7,3.68,1,-13.76,Medium
44,5,My Life Memories,Hard,64.86,5,6.03,3,-19.38,Medium
45,1,Story & Conversation,Medium,40.12,3,4.4,5,0.0,Easy
45,2,Story & Conversation,Easy,53.67,3,6.6,2,13.55,Easy
45,3,Everyday Problem Solver,Easy,66.94,4,4.45,2,13.27,Easy
45,4,Everyday Problem Solver,Easy,72.03,7,4.52,3,5.09,Easy
45,5,Story & Conversation,Medium,49.49,4,6.93,4,-22.54,Easy
46,1,Memory Match & Recall,Hard,49.86,4,5.67,4,0.0,Hard
46,2,Everyday Problem Solver,Medium,64.33,5,3.33,3,14.47,Hard
46,3,Memory Match & Recall,Medium,76.64,5,7.18,1,12.31,Hard
46,4,Story & Conversation,Easy,74.19,4,5.08,1,-2.45,Hard
46,5,Behaviour & Emotional Response,Easy,80.18,5,3.77,1,5.99,Hard
47,1,My Life Memories,Easy,55.93,3,4.61,2,0.0,Easy
47,2,Behaviour & Emotional Response,Easy,57.63,6,4.86,4,1.7,Easy
47,3,My Life Memories,Easy,63.81,3,4.2,2,6.18,Easy
47,4,Story & Conversation,Hard,38.17,4,5.3,6,-25.64,Easy
47,5,Memory Match & Recall,Hard,49.65,5,6.5,5,11.48,Easy
48,1,My Life Memories,Easy,55.93,3,5.45,2,0.0,Easy
48,2,Everyday Problem Solver,Easy,46.82,4,5.28,4,-9.11,Easy
48,3,Memory Match & Recall,Hard,32.36,2,6.73,3,-14.46,Easy
48,4,Behaviour & Emotional Response,Medium,45.26,3,2.97,3,12.9,Easy
48,5,Behaviour & Emotional Response,Medium,41.57,4,5.23,6,-3.69,Easy
49,1,Story & Conversation,Hard,46.47,5,6.69,5,0.0,Hard
49,2,Story & Conversation,Medium,55.43,3,4.98,2,8.96,Hard
49,3,Behaviour & Emotional Response,Hard,47.63,2,5.14,3,-7.8,Hard
49,4,Everyday Problem Solver,Medium,68.68,5,3.92,3,21.05,Hard
49,5,Memory Match & Recall,Easy,77.59,5,5.59,1,8.91,Hard
50,1,Behaviour & Emotional Response,Easy,66.36,3,3.11,2,0.0,Medium
50,2,My Life Memories,Medium,56.03,6,6.78,4,-10.33,Medium
50,3,Story & Conversation,Easy,49.52,4,3.65,4,-6.51,Medium
50,4,Story & Conversation,Medium,59.31,6,4.78,4,9.79,Medium
50,5,Memory Match & Recall,Medium,59.57,5,4.3,3,0.26,Medium
51,1,Behaviour & Emotional Response,Medium,60.36,4,6.42,2,0.0,Medium
51,2,My Life Memories,Easy,74.33,4,4.81,2,13.97,Medium
51,3,Everyday Problem Solver,Hard,49.83,3,5.32,3,-24.5,Medium
51,4,Memory Match & Recall,Easy,73.2,6,4.89,2,23.37,Medium
51,5,Behaviour & Emotional Response,Medium,64.77,5,5.33,3,-8.43,Medium
52,1,My Life Memories,Easy,98.0,8,3.82,0,0.0,Hard
52,2,My Life Memories,Hard,87.84,9,5.11,1,-10.16,Hard
52,3,My Life Memories,Easy,91.9,5,3.06,0,4.06,Hard
52,4,My Life Memories,Medium,84.41,7,4.4,1,-7.49,Hard
52,5,Memory Match & Recall,Easy,98.0,5,6.23,0,13.59,Hard
53,1,Story & Conversation,Medium,63.59,4,5.99,2,0.0,Medium
53,2,My Life Memories,Medium,53.14,5,5.36,5,-10.45,Medium
53,3,Story & Conversation,Easy,82.53,8,2.57,2,29.39,Medium
53,4,My Life Memories,Hard,64.27,6,6.19,4,-18.26,Medium
53,5,Story & Conversation,Medium,68.41,5,5.71,3,4.14,Medium
54,1,Memory Match & Recall,Hard,83.15,7,5.93,1,0.0,Hard
54,2,My Life Memories,Medium,92.8,7,3.74,1,9.65,Hard
54,3,My Life Memories,Hard,90.04,5,4.55,0,-2.76,Hard
54,4,My Life Memories,Easy,98.0,8,3.64,0,7.96,Hard
54,5,Story & Conversation,Easy,98.0,10,4.62,0,0.0,Hard
55,1,Behaviour & Emotional Response,Hard,60.5,3,5.49,2,0.0,Hard
55,2,Behaviour & Emotional Response,Medium,71.19,4,4.4,1,10.69,Hard
55,3,Everyday Problem Solver,Medium,80.83,8,5.76,2,9.64,Hard
55,4,My Life Memories,Medium,74.53,4,5.95,2,-6.3,Hard
55,5,Story & Conversation,Medium,89.7,7,5.28,1,15.17,Hard
56,1,My Life Memories,Hard,71.51,7,4.23,3,0.0,Hard
56,2,Memory Match & Recall,Easy,88.98,5,6.08,1,17.47,Hard
56,3,Everyday Problem Solver,Easy,98.0,5,4.15,0,9.02,Hard
56,4,Behaviour & Emotional Response,Medium,94.33,6,3.39,0,-3.67,Hard
56,5,Memory Match & Recall,Medium,98.0,5,4.87,0,3.67,Hard
57,1,Everyday Problem Solver,Medium,66.0,5,5.55,3,0.0,Easy
57,2,Behaviour & Emotional Response,Medium,64.48,6,4.04,4,-1.52,Easy
57,3,My Life Memories,Hard,55.47,3,8.11,3,-9.01,Easy
57,4,My Life Memories,Medium,74.21,7,6.82,3,18.74,Easy
57,5,Everyday Problem Solver,Hard,52.57,3,4.69,3,-21.64,Easy
58,1,Memory Match & Recall,Easy,68.45,7,5.77,3,0.0,Medium
58,2,Story & Conversation,Hard,37.46,3,7.84,5,-30.99,Medium
58,3,Memory Match & Recall,Easy,70.17,6,3.93,2,32.71,Medium
58,4,Behaviour & Emotional Response,Medium,56.54,6,3.06,4,-13.63,Medium
58,5,Everyday Problem Solver,Medium,69.05,7,5.04,3,12.51,Medium
59,1,Story & Conversation,Easy,42.88,4,4.25,6,0.0,Easy
59,2,My Life Memories,Hard,40.16,2,5.67,4,-2.72,Easy
59,3,Everyday Problem Solver,Medium,34.63,2,4.93,4,-5.53,Easy
59,4,My Life Memories,Easy,53.51,5,1.5,5,18.88,Easy
59,5,My Life Memories,Medium,46.32,3,4.85,3,-7.19,Easy
60,1,My Life Memories,Hard,69.54,4,7.1,2,0.0,Hard
60,2,Behaviour & Emotional Response,Hard,58.33,5,4.51,3,-11.21,Hard
60,3,Memory Match & Recall,Hard,76.88,8,5.76,2,18.55,Hard
60,4,Memory Match & Recall,Medium,75.03,8,4.87,2,-1.85,Hard
60,5,Memory Match & Recall,Medium,77.63,8,4.71,2,2.6,Hard
61,1,Everyday Problem Solver,Easy,58.11,5,4.5,3,0.0,Hard
61,2,Story & Conversation,Medium,49.63,5,4.25,5,-8.48,Hard
61,3,Memory Match & Recall,Hard,43.03,4,5.65,6,-6.6,Hard
61,4,Story & Conversation,Medium,64.92,6,1.8,4,21.89,Hard
61,5,Behaviour & Emotional Response,Easy,73.94,4,5.9,1,9.02,Hard
62,1,Everyday Problem Solver,Medium,26.84,2,4.84,6,0.0,Medium
62,2,Everyday Problem Solver,Medium,21.95,2,4.39,8,-4.89,Medium
62,3,Memory Match & Recall,Medium,25.24,1,7.4,4,3.29,Medium
62,4,My Life Memories,Easy,49.01,4,6.13,4,23.77,Medium
62,5,Memory Match & Recall,Easy,49.23,2,3.25,3,0.22,Medium
63,1,Story & Conversation,Medium,55.07,6,3.59,4,0.0,Medium
63,2,Everyday Problem Solver,Easy,67.91,7,4.17,3,12.84,Medium
63,3,Behaviour & Emotional Response,Medium,52.88,3,5.93,3,-15.03,Medium
63,4,Everyday Problem Solver,Easy,69.3,7,4.01,3,16.42,Medium
63,5,Behaviour & Emotional Response,Medium,65.09,7,3.68,3,-4.21,Medium
64,1,Behaviour & Emotional Response,Easy,82.8,8,3.97,2,0.0,Hard
64,2,Story & Conversation,Medium,72.7,4,3.42,1,-10.1,Hard
64,3,My Life Memories,Hard,65.78,4,5.55,2,-6.92,Hard
64,4,Memory Match & Recall,Medium,70.6,6,6.19,2,4.82,Hard
64,5,Behaviour & Emotional Response,Easy,81.01,8,2.66,2,10.41,Hard
65,1,Story & Conversation,Medium,40.29,3,3.64,5,0.0,Easy
65,2,Everyday Problem Solver,Hard,36.68,4,3.51,6,-3.61,Easy
65,3,Memory Match & Recall,Easy,59.83,5,4.77,3,23.15,Easy
65,4,Behaviour & Emotional Response,Easy,50.57,4,3.94,4,-9.26,Easy
65,5,Memory Match & Recall,Hard,33.05,3,5.99,7,-17.52,Easy
66,1,Story & Conversation,Easy,87.23,4,4.48,1,0.0,Hard
66,2,Behaviour & Emotional Response,Medium,75.87,6,4.82,2,-11.36,Hard
66,3,Everyday Problem Solver,Medium,81.4,7,2.8,1,5.53,Hard
66,4,Everyday Problem Solver,Medium,72.96,6,5.81,2,-8.44,Hard
66,5,Everyday Problem Solver,Medium,83.57,4,4.61,1,10.61,Hard
67,1,Story & Conversation,Medium,62.36,3,4.35,2,0.0,Medium
67,2,Behaviour & Emotional Response,Medium,57.11,3,5.28,3,-5.25,Medium
67,3,Memory Match & Recall,Hard,45.41,4,6.43,4,-11.7,Medium
67,4,My Life Memories,Easy,64.56,4,5.72,2,19.15,Medium
67,5,Behaviour & Emotional Response,Hard,57.11,5,6.15,3,-7.45,Medium
68,1,Behaviour & Emotional Response,Medium,84.73,7,6.04,1,0.0,Hard
68,2,Everyday Problem Solver,Easy,75.2,8,2.86,2,-9.53,Hard
68,3,Story & Conversation,Medium,73.99,6,4.94,2,-1.21,Hard
68,4,Memory Match & Recall,Medium,82.35,4,3.97,1,8.36,Hard
68,5,Everyday Problem Solver,Medium,81.86,5,3.94,1,-0.49,Hard
69,1,My Life Memories,Hard,30.39,2,4.95,6,0.0,Medium
69,2,Memory Match & Recall,Medium,44.22,2,3.98,3,13.83,Medium
69,3,Story & Conversation,Medium,60.15,6,3.88,4,15.93,Medium
69,4,Story & Conversation,Medium,71.12,6,5.52,2,10.97,Medium
69,5,Behaviour & Emotional Response,Medium,57.94,5,4.01,3,-13.18,Medium
70,1,Memory Match & Recall,Medium,67.05,7,5.11,3,0.0,Hard
70,2,Memory Match & Recall,Medium,87.37,7,4.69,1,20.32,Hard
70,3,Behaviour & Emotional Response,Easy,90.4,5,3.43,0,3.03,Hard
70,4,My Life Memories,Hard,62.79,5,7.92,3,-27.61,Hard
70,5,My Life Memories,Easy,82.74,4,6.51,1,19.95,Hard
71,1,Memory Match & Recall,Easy,77.24,8,5.14,2,0.0,Hard
71,2,Memory Match & Recall,Easy,87.95,5,5.04,1,10.71,Hard
71,3,My Life Memories,Medium,64.19,6,4.11,4,-23.76,Hard
71,4,Behaviour & Emotional Response,Medium,73.63,4,4.82,2,9.44,Hard
71,5,My Life Memories,Medium,80.34,8,5.07,2,6.71,Hard
72,1,Behaviour & Emotional Response,Medium,42.25,3,5.89,5,0.0,Easy
72,2,Memory Match & Recall,Medium,44.83,3,6.44,3,2.58,Easy
72,3,My Life Memories,Medium,47.97,3,5.67,3,3.14,Easy
72,4,Story & Conversation,Easy,54.05,4,2.57,4,6.08,Easy
72,5,Behaviour & Emotional Response,Hard,36.55,3,6.26,5,-17.5,Easy
73,1,Memory Match & Recall,Medium,56.41,3,3.75,3,0.0,Medium
73,2,Memory Match & Recall,Hard,59.89,6,5.77,4,3.48,Medium
73,3,Memory Match & Recall,Medium,71.16,4,4.96,1,11.27,Medium
73,4,Memory Match & Recall,Medium,68.75,4,6.08,2,-2.41,Medium
73,5,Everyday Problem Solver,Medium,66.98,4,5.08,2,-1.77,Medium
74,1,Memory Match & Recall,Hard,38.46,2,5.62,4,0.0,Medium
74,2,Behaviour & Emotional Response,Easy,65.9,4,3.9,2,27.44,Medium
74,3,Story & Conversation,Medium,63.6,3,3.92,2,-2.3,Medium
74,4,Story & Conversation,Hard,44.44,3,5.42,3,-19.16,Medium
74,5,Everyday Problem Solver,Medium,67.75,4,5.19,2,23.31,Medium
75,1,Memory Match & Recall,Medium,66.56,3,5.29,2,0.0,Hard
75,2,Everyday Problem Solver,Easy,92.32,6,4.36,0,25.76,Hard
75,3,Behaviour & Emotional Response,Easy,94.87,6,3.62,0,2.55,Hard
75,4,Story & Conversation,Easy,98.0,10,6.97,0,3.13,Hard
75,5,Behaviour & Emotional Response,Easy,89.3,4,3.75,1,-8.7,Hard
76,1,My Life Memories,Medium,91.28,7,4.14,1,0.0,Medium
76,2,Behaviour & Emotional Response,Medium,80.78,8,4.52,2,-10.5,Medium
76,3,Behaviour & Emotional Response,Easy,86.73,4,3.2,1,5.95,Medium
76,4,Behaviour & Emotional Response,Easy,90.28,5,3.36,0,3.55,Medium
76,5,Memory Match & Recall,Hard,75.59,8,5.98,2,-14.69,Medium
77,1,My Life Memories,Medium,77.27,8,6.06,2,0.0,Hard
77,2,My Life Memories,Easy,93.47,5,4.19,0,16.2,Hard
77,3,Story & Conversation,Medium,90.31,5,3.43,0,-3.16,Hard
77,4,Everyday Problem Solver,Easy,98.0,8,4.42,0,7.69,Hard
77,5,My Life Memories,Hard,80.21,6,6.01,2,-17.79,Hard
78,1,My Life Memories,Medium,91.17,9,4.13,1,0.0,Hard
78,2,Memory Match & Recall,Medium,92.76,5,4.09,0,1.59,Hard
78,3,Behaviour & Emotional Response,Medium,94.18,6,6.17,0,1.42,Hard
78,4,My Life Memories,Medium,98.0,6,4.03,0,3.82,Hard
78,5,My Life Memories,Easy,98.0,10,4.78,0,0.0,Hard
79,1,My Life Memories,Medium,55.51,3,5.3,2,0.0,Medium
79,2,Story & Conversation,Medium,44.12,4,7.0,4,-11.39,Medium
79,3,Story & Conversation,Hard,53.49,5,5.14,5,9.37,Medium
79,4,Memory Match & Recall,Easy,63.89,3,4.83,2,10.4,Medium
79,5,Memory Match & Recall,Medium,59.72,5,5.81,3,-4.17,Medium
80,1,Everyday Problem Solver,Medium,89.09,7,3.83,1,0.0,Hard
80,2,Memory Match & Recall,Medium,83.38,8,3.96,2,-5.71,Hard
80,3,Memory Match & Recall,Hard,80.95,6,7.81,2,-2.43,Hard
80,4,Story & Conversation,Easy,98.0,6,4.48,0,17.05,Hard
80,5,Everyday Problem Solver,Medium,96.05,6,6.16,0,-1.95,Hard
81,1,Memory Match & Recall,Medium,91.81,7,4.18,1,0.0,Hard
81,2,Memory Match & Recall,Medium,98.0,6,5.53,0,6.19,Hard
81,3,My Life Memories,Hard,97.08,5,6.22,0,-0.92,Hard
81,4,Behaviour & Emotional Response,Hard,85.34,7,6.33,1,-11.74,Hard
81,5,Memory Match & Recall,Easy,98.0,8,5.2,0,12.66,Hard
82,1,Story & Conversation,Medium,74.01,4,6.31,2,0.0,Medium
82,2,Everyday Problem Solver,Medium,77.4,8,5.66,2,3.39,Medium
82,3,Memory Match & Recall,Easy,79.61,4,4.54,1,2.21,Medium
82,4,Memory Match & Recall,Medium,79.35,5,3.88,1,-0.26,Medium
82,5,My Life Memories,Medium,75.82,6,4.42,2,-3.53,Medium
83,1,Everyday Problem Solver,Medium,68.1,5,5.18,3,0.0,Medium
83,2,Behaviour & Emotional Response,Medium,62.21,3,3.37,2,-5.89,Medium
83,3,Everyday Problem Solver,Easy,77.91,4,5.15,1,15.7,Medium
83,4,Memory Match & Recall,Easy,87.91,9,3.93,1,10.0,Medium
83,5,My Life Memories,Medium,67.75,7,5.26,3,-20.16,Medium
84,1,Story & Conversation,Easy,93.09,5,4.59,0,0.0,Hard
84,2,Story & Conversation,Medium,88.81,7,5.01,1,-4.28,Hard
84,3,Behaviour & Emotional Response,Medium,83.98,7,5.06,1,-4.83,Hard
84,4,Memory Match & Recall,Easy,98.0,5,2.98,0,14.02,Hard
84,5,Memory Match & Recall,Easy,98.0,6,3.38,0,0.0,Hard
85,1,Everyday Problem Solver,Medium,68.79,6,4.28,2,0.0,Medium
85,2,Story & Conversation,Easy,91.69,9,6.15,1,22.9,Medium
85,3,My Life Memories,Easy,90.53,9,3.61,1,-1.16,Medium
85,4,Behaviour & Emotional Response,Medium,93.71,7,3.01,1,3.18,Medium
85,5,Memory Match & Recall,Medium,70.73,4,5.46,1,-22.98,Medium
86,1,My Life Memories,Easy,56.34,3,5.4,2,0.0,Medium
86,2,Story & Conversation,Medium,55.43,6,4.38,4,-0.91,Medium
86,3,My Life Memories,Easy,57.79,6,5.58,4,2.36,Medium
86,4,Memory Match & Recall,Hard,48.87,3,5.79,3,-8.92,Medium
86,5,Behaviour & Emotional Response,Medium,69.55,6,3.66,2,20.68,Medium
87,1,Memory Match & Recall,Medium,32.97,2,5.18,3,0.0,Medium
87,2,Everyday Problem Solver,Medium,40.08,4,4.89,6,7.11,Medium
87,3,Behaviour & Emotional Response,Easy,52.23,4,3.08,4,12.15,Medium
87,4,Story & Conversation,Easy,60.28,4,4.42,2,8.05,Medium
87,5,Memory Match & Recall,Medium,49.82,2,5.51,3,-10.46,Medium
88,1,Behaviour & Emotional Response,Medium,70.27,6,5.48,2,0.0,Hard
88,2,Story & Conversation,Medium,72.21,4,6.52,2,1.94,Hard
88,3,Everyday Problem Solver,Easy,81.03,6,5.2,2,8.82,Hard
88,4,Everyday Problem Solver,Easy,80.81,5,6.08,1,-0.22,Hard
88,5,Memory Match & Recall,Easy,78.79,8,6.53,2,-2.02,Hard
89,1,My Life Memories,Medium,50.81,5,5.25,5,0.0,Easy
89,2,Behaviour & Emotional Response,Medium,56.81,5,6.05,3,6.0,Easy
89,3,Story & Conversation,Easy,68.48,3,3.92,2,11.67,Easy
89,4,My Life Memories,Medium,52.56,4,4.54,4,-15.92,Easy
89,5,Story & Conversation,Medium,50.85,4,3.19,4,-1.71,Easy
90,1,Behaviour & Emotional Response,Easy,86.12,9,4.82,1,0.0,Medium
90,2,My Life Memories,Easy,77.1,6,4.33,2,-9.02,Medium
90,3,Story & Conversation,Easy,84.38,4,2.93,1,7.28,Medium
90,4,Behaviour & Emotional Response,Medium,84.93,8,5.87,2,0.55,Medium
90,5,My Life Memories,Medium,76.08,4,4.92,1,-8.85,Medium
91,1,My Life Memories,Hard,38.88,2,5.69,4,0.0,Hard
91,2,Story & Conversation,Medium,60.53,4,3.81,2,21.65,Hard
91,3,Memory Match & Recall,Medium,64.44,5,7.14,3,3.91,Hard
91,4,Memory Match & Recall,Medium,71.47,4,4.24,2,7.03,Hard
91,5,Memory Match & Recall,Easy,82.56,8,6.02,2,11.09,Hard
92,1,My Life Memories,Medium,74.23,4,4.13,2,0.0,Hard
92,2,Story & Conversation,Medium,79.56,6,5.34,2,5.33,Hard
92,3,My Life Memories,Medium,82.24,7,5.6,1,2.68,Hard
92,4,Behaviour & Emotional Response,Easy,94.67,8,3.6,0,12.43,Hard
92,5,Memory Match & Recall,Easy,97.77,10,4.45,0,3.1,Hard
93,1,Story & Conversation,Easy,96.99,6,6.31,0,0.0,Hard
93,2,Story & Conversation,Easy,98.0,6,3.43,0,1.01,Hard
93,3,Story & Conversation,Easy,98.0,10,3.83,0,0.0,Hard
93,4,Everyday Problem Solver,Medium,98.0,5,5.34,0,0.0,Hard
93,5,Story & Conversation,Medium,93.69,7,4.72,1,-4.31,Hard
94,1,Everyday Problem Solver,Medium,98.0,5,5.24,0,0.0,Hard
94,2,My Life Memories,Medium,93.86,5,4.89,0,-4.14,Hard
94,3,Story & Conversation,Easy,98.0,6,2.99,0,4.14,Hard
94,4,Story & Conversation,Hard,83.09,8,3.63,2,-14.91,Hard
94,5,Everyday Problem Solver,Easy,98.0,6,4.99,0,14.91,Hard
95,1,Everyday Problem Solver,Easy,72.2,4,2.95,1,0.0,Easy
95,2,Behaviour & Emotional Response,Medium,45.47,2,5.41,3,-26.73,Easy
95,3,Story & Conversation,Hard,50.03,3,7.92,3,4.56,Easy
95,4,Behaviour & Emotional Response,Medium,54.5,3,6.36,3,4.47,Easy
95,5,Everyday Problem Solver,Hard,46.52,3,5.72,3,-7.98,Easy
96,1,My Life Memories,Easy,87.17,7,2.41,1,0.0,Medium
96,2,Everyday Problem Solver,Hard,71.61,6,7.38,2,-15.56,Medium
96,3,My Life Memories,Easy,82.5,5,4.81,1,10.89,Medium
96,4,Story & Conversation,Hard,68.72,7,6.06,3,-13.78,Medium
96,5,Everyday Problem Solver,Medium,75.95,8,4.09,2,7.23,Medium
97,1,My Life Memories,Medium,66.65,7,5.62,3,0.0,Medium
97,2,Behaviour & Emotional Response,Medium,58.89,4,5.95,2,-7.76,Medium
97,3,Everyday Problem Solver,Hard,33.53,2,7.41,4,-25.36,Medium
97,4,Story & Conversation,Easy,63.68,6,4.06,4,30.15,Medium
97,5,Story & Conversation,Medium,58.9,3,3.48,2,-4.78,Medium
98,1,Behaviour & Emotional Response,Hard,62.61,5,6.21,3,0.0,Medium
98,2,Memory Match & Recall,Medium,78.63,6,5.44,2,16.02,Medium
98,3,My Life Memories,Hard,68.87,4,4.21,2,-9.76,Medium
98,4,My Life Memories,Easy,97.89,6,3.62,0,29.02,Medium
98,5,My Life Memories,Hard,62.07,3,5.29,2,-35.82,Medium
99,1,My Life Memories,Easy,97.61,8,3.8,0,0.0,Hard
99,2,Everyday Problem Solver,Medium,81.92,4,4.46,1,-15.69,Hard
99,3,Story & Conversation,Easy,98.0,8,4.67,0,16.08,Hard
99,4,Memory Match & Recall,Hard,77.59,6,6.92,2,-20.41,Hard
99,5,Everyday Problem Solver,Easy,98.0,8,3.91,0,20.41,Hard
100,1,My Life Memories,Medium,56.63,3,5.0,3,0.0,Medium
100,2,My Life Memories,Medium,62.92,3,5.06,2,6.29,Medium
100,3,Memory Match & Recall,Easy,74.45,4,4.31,2,11.53,Medium
100,4,Everyday Problem Solver,Medium,62.03,6,2.61,4,-12.42,Medium
100,5,Memory Match & Recall,Medium,68.55,4,5.37,2,6.52,Medium
101,1,Story & Conversation,Easy,67.59,4,6.97,2,0.0,Hard
101,2,My Life Memories,Medium,75.63,8,6.22,2,8.04,Hard
101,3,Memory Match & Recall,Easy,81.73,8,5.08,2,6.1,Hard
101,4,Behaviour & Emotional Response,Medium,73.15,4,4.17,2,-8.58,Hard
101,5,Everyday Problem Solver,Easy,98.0,5,3.99,0,24.85,Hard
102,1,Behaviour & Emotional Response,Medium,68.48,7,5.55,3,0.0,Medium
102,2,Everyday Problem Solver,Medium,65.66,3,5.41,2,-2.82,Medium
102,3,Behaviour & Emotional Response,Hard,68.68,3,5.68,2,3.02,Medium
102,4,Behaviour & Emotional Response,Medium,68.97,3,6.21,2,0.29,Medium
102,5,My Life Memories,Hard,63.89,3,7.21,2,-5.08,Medium
103,1,My Life Memories,Hard,50.72,4,7.85,4,0.0,Hard
103,2,Memory Match & Recall,Medium,64.2,3,5.35,2,13.48,Hard
103,3,Story & Conversation,Easy,78.06,4,4.3,1,13.86,Hard
103,4,Behaviour & Emotional Response,Medium,76.05,6,5.28,2,-2.01,Hard
103,5,Everyday Problem Solver,Easy,88.11,7,6.23,1,12.06,Hard
104,1,Everyday Problem Solver,Hard,53.34,5,7.03,5,0.0,Medium
104,2,My Life Memories,Medium,75.44,5,3.42,1,22.1,Medium
104,3,Memory Match & Recall,Medium,73.39,7,5.75,3,-2.05,Medium
104,4,Memory Match & Recall,Easy,79.52,4,6.01,1,6.13,Medium
104,5,Everyday Problem Solver,Hard,59.9,5,5.97,3,-19.62,Medium
105,1,Story & Conversation,Medium,57.5,6,3.72,4,0.0,Easy
105,2,Story & Conversation,Easy,60.26,4,6.43,2,2.76,Easy
105,3,Story & Conversation,Medium,55.32,3,3.87,2,-4.94,Easy
105,4,Story & Conversation,Easy,58.98,5,3.76,3,3.66,Easy
105,5,My Life Memories,Hard,43.47,4,7.92,6,-15.51,Easy
106,1,My Life Memories,Easy,81.02,5,7.05,1,0.0,Hard
106,2,My Life Memories,Medium,82.54,7,4.45,1,1.52,Hard
106,3,Behaviour & Emotional Response,Easy,73.15,4,7.16,1,-9.39,Hard
106,4,My Life Memories,Easy,81.31,5,2.38,1,8.16,Hard
106,5,Behaviour & Emotional Response,Easy,97.28,5,7.15,0,15.97,Hard
107,1,Memory Match & Recall,Easy,94.15,8,4.96,0,0.0,Medium
107,2,Story & Conversation,Medium,87.38,9,5.71,1,-6.77,Medium
107,3,Everyday Problem Solver,Medium,85.45,7,4.94,1,-1.93,Medium
107,4,My Life Memories,Easy,94.89,8,3.34,0,9.44,Medium
107,5,Behaviour & Emotional Response,Hard,73.08,6,3.68,2,-21.81,Medium
108,1,Memory Match & Recall,Easy,62.59,6,3.17,4,0.0,Medium
108,2,Story & Conversation,Medium,61.1,4,6.68,2,-1.49,Medium
108,3,Memory Match & Recall,Easy,77.03,8,2.5,2,15.93,Medium
108,4,Memory Match & Recall,Easy,67.09,4,5.59,2,-9.94,Medium
108,5,Story & Conversation,Medium,58.63,3,4.76,2,-8.46,Medium
109,1,Behaviour & Emotional Response,Easy,72.44,7,4.55,3,0.0,Medium
109,2,Story & Conversation,Medium,61.75,3,4.28,2,-10.69,Medium
109,3,Behaviour & Emotional Response,Easy,83.17,7,2.42,1,21.42,Medium
109,4,My Life Memories,Easy,85.39,7,4.29,1,2.22,Medium
109,5,Everyday Problem Solver,Hard,65.57,3,6.04,2,-19.82,Medium
110,1,Everyday Problem Solver,Medium,81.21,8,4.34,2,0.0,Hard
110,2,Behaviour & Emotional Response,Easy,92.7,7,4.91,1,11.49,Hard
110,3,My Life Memories,Easy,93.76,8,4.3,0,1.06,Hard
110,4,My Life Memories,Easy,90.75,5,3.48,1,-3.01,Hard
110,5,Memory Match & Recall,Medium,78.05,8,6.98,2,-12.7,Hard
111,1,Memory Match & Recall,Hard,25.18,2,5.24,6,0.0,Medium
111,2,Story & Conversation,Medium,48.21,4,4.76,4,23.03,Medium
111,3,Story & Conversation,Hard,39.83,2,5.17,4,-8.38,Medium
111,4,Story & Conversation,Medium,47.52,2,4.12,3,7.69,Medium
111,5,Everyday Problem Solver,Medium,60.21,4,3.59,2,12.69,Medium
112,1,My Life Memories,Easy,78.45,6,4.87,2,0.0,Medium
112,2,My Life Memories,Hard,53.04,3,5.72,3,-25.41,Medium
112,3,Behaviour & Emotional Response,Hard,55.91,3,5.68,2,2.87,Medium
112,4,Story & Conversation,Medium,74.93,7,7.55,3,19.02,Medium
112,5,Behaviour & Emotional Response,Medium,67.3,7,3.32,3,-7.63,Medium
113,1,Behaviour & Emotional Response,Easy,84.15,7,3.36,1,0.0,Medium
113,2,Memory Match & Recall,Medium,70.01,6,6.95,2,-14.14,Medium
113,3,Everyday Problem Solver,Hard,46.35,3,6.61,3,-23.66,Medium
113,4,Everyday Problem Solver,Medium,72.95,4,4.46,1,26.6,Medium
113,5,Memory Match & Recall,Medium,63.45,5,4.29,3,-9.5,Medium
114,1,Everyday Problem Solver,Easy,50.88,3,3.12,3,0.0,Easy
114,2,Story & Conversation,Hard,34.48,3,5.1,5,-16.4,Easy
114,3,Memory Match & Recall,Easy,59.18,5,2.66,3,24.7,Easy
114,4,Everyday Problem Solver,Medium,51.26,3,6.09,2,-7.92,Easy
114,5,Behaviour & Emotional Response,Medium,38.82,2,5.64,4,-12.44,Easy
115,1,Everyday Problem Solver,Medium,71.16,6,6.94,2,0.0,Hard
115,2,Behaviour & Emotional Response,Easy,92.43,5,3.41,0,21.27,Hard
115,3,Memory Match & Recall,Easy,91.08,7,4.94,1,-1.35,Hard
115,4,Everyday Problem Solver,Medium,83.37,8,5.48,2,-7.71,Hard
115,5,Behaviour & Emotional Response,Medium,78.89,8,5.07,2,-4.48,Hard
116,1,Behaviour & Emotional Response,Easy,48.13,4,3.53,4,0.0,Medium
116,2,My Life Memories,Easy,45.88,5,6.12,5,-2.25,Medium
116,3,Story & Conversation,Medium,48.34,2,5.84,3,2.46,Medium
116,4,Everyday Problem Solver,Medium,36.74,4,4.83,6,-11.6,Medium
116,5,My Life Memories,Easy,62.07,4,4.67,2,25.33,Medium
117,1,Story & Conversation,Hard,85.15,7,5.85,1,0.0,Hard
117,2,Story & Conversation,Hard,82.44,5,5.8,1,-2.71,Hard
117,3,Story & Conversation,Medium,96.88,5,5.57,0,14.44,Hard
117,4,Story & Conversation,Easy,98.0,5,3.27,0,1.12,Hard
117,5,Story & Conversation,Medium,92.8,6,2.55,0,-5.2,Hard
118,1,Memory Match & Recall,Easy,71.0,7,1.85,3,0.0,Hard
118,2,Behaviour & Emotional Response,Medium,71.45,4,7.92,2,0.45,Hard
118,3,Story & Conversation,Hard,58.58,5,6.84,3,-12.87,Hard
118,4,Everyday Problem Solver,Medium,72.61,7,4.8,3,14.03,Hard
118,5,Behaviour & Emotional Response,Medium,79.13,6,4.52,2,6.52,Hard
119,1,My Life Memories,Easy,75.94,8,3.59,2,0.0,Medium
119,2,Behaviour & Emotional Response,Medium,71.46,4,4.72,2,-4.48,Medium
119,3,Everyday Problem Solver,Medium,62.48,3,5.64,2,-8.98,Medium
119,4,Memory Match & Recall,Easy,73.12,7,4.45,3,10.64,Medium
119,5,Story & Conversation,Medium,69.96,3,6.24,2,-3.16,Medium
120,1,My Life Memories,Easy,76.97,6,5.37,2,0.0,Medium
120,2,Story & Conversation,Medium,76.96,6,5.55,2,-0.01,Medium
120,3,Memory Match & Recall,Medium,70.18,4,3.36,2,-6.78,Medium
120,4,Story & Conversation,Medium,65.23,3,4.61,2,-4.95,Medium
120,5,My Life Memories,Medium,69.46,6,4.72,2,4.23,Medium
121,1,Behaviour & Emotional Response,Medium,64.03,3,4.9,2,0.0,Medium
121,2,Everyday Problem Solver,Hard,53.27,5,5.95,5,-10.76,Medium
121,3,Story & Conversation,Medium,52.0,4,3.96,4,-1.27,Medium
121,4,Behaviour & Emotional Response,Hard,52.49,3,4.43,3,0.49,Medium
121,5,Everyday Problem Solver,Medium,70.45,7,6.77,3,17.96,Medium
122,1,Behaviour & Emotional Response,Easy,87.0,4,6.09,1,0.0,Hard
122,2,Everyday Problem Solver,Medium,80.67,8,4.45,2,-6.33,Hard
122,3,Behaviour & Emotional Response,Medium,77.6,5,4.52,1,-3.07,Hard
122,4,Story & Conversation,Hard,68.45,5,5.96,3,-9.15,Hard
122,5,Everyday Problem Solver,Medium,85.24,7,4.82,1,16.79,Hard
123,1,Behaviour & Emotional Response,Easy,83.7,8,5.47,2,0.0,Medium
123,2,Behaviour & Emotional Response,Easy,69.14,3,1.5,2,-14.56,Medium
123,3,Story & Conversation,Easy,85.16,4,2.68,1,16.02,Medium
123,4,My Life Memories,Medium,69.71,3,3.54,2,-15.45,Medium
123,5,Behaviour & Emotional Response,Medium,61.74,4,5.66,2,-7.97,Medium
124,1,Memory Match & Recall,Medium,67.93,4,1.85,2,0.0,Hard
124,2,Behaviour & Emotional Response,Medium,69.61,7,5.41,3,1.68,Hard
124,3,Everyday Problem Solver,Hard,53.51,3,6.09,3,-16.1,Hard
124,4,Memory Match & Recall,Medium,75.8,4,5.59,1,22.29,Hard
124,5,Everyday Problem Solver,Easy,88.1,7,3.13,1,12.3,Hard
125,1,My Life Memories,Easy,87.0,5,4.27,1,0.0,Medium
125,2,My Life Memories,Medium,73.85,7,4.38,3,-13.15,Medium
125,3,Memory Match & Recall,Medium,75.64,5,4.69,1,1.79,Medium
125,4,Behaviour & Emotional Response,Easy,98.0,10,2.57,0,22.36,Medium
125,5,Behaviour & Emotional Response,Medium,74.27,4,6.67,2,-23.73,Medium
126,1,My Life Memories,Hard,40.85,3,7.22,5,0.0,Medium
126,2,Behaviour & Emotional Response,Medium,54.73,4,7.25,4,13.88,Medium
126,3,Behaviour & Emotional Response,Medium,63.93,4,4.4,2,9.2,Medium
126,4,Story & Conversation,Medium,74.3,4,4.18,2,10.37,Medium
126,5,Story & Conversation,Medium,67.31,4,5.32,2,-6.99,Medium
127,1,My Life Memories,Easy,98.0,8,4.25,0,0.0,Hard
127,2,Behaviour & Emotional Response,Hard,64.51,5,6.34,3,-33.49,Hard
127,3,Story & Conversation,Easy,88.46,9,6.71,1,23.95,Hard
127,4,My Life Memories,Hard,72.85,4,5.28,2,-15.61,Hard
127,5,Story & Conversation,Easy,96.63,5,2.61,0,23.78,Hard
128,1,Story & Conversation,Hard,40.63,3,5.19,5,0.0,Medium
128,2,My Life Memories,Easy,50.64,4,5.24,4,10.01,Medium
128,3,Behaviour & Emotional Response,Medium,55.54,3,5.92,3,4.9,Medium
128,4,Memory Match & Recall,Medium,55.9,3,4.14,3,0.36,Medium
128,5,Everyday Problem Solver,Easy,52.89,3,6.38,3,-3.01,Medium
129,1,Everyday Problem Solver,Easy,63.65,6,6.08,4,0.0,Medium
129,2,Story & Conversation,Medium,60.0,3,5.57,2,-3.65,Medium
129,3,Everyday Problem Solver,Easy,81.15,5,3.58,1,21.15,Medium
129,4,My Life Memories,Medium,65.23,7,5.05,3,-15.92,Medium
129,5,My Life Memories,Medium,62.77,5,6.83,3,-2.46,Medium
130,1,Story & Conversation,Easy,80.85,4,5.64,1,0.0,Medium
130,2,Memory Match & Recall,Medium,66.93,4,3.96,2,-13.92,Medium
130,3,Behaviour & Emotional Response,Medium,64.35,3,2.63,2,-2.58,Medium
130,4,Everyday Problem Solver,Medium,84.45,5,3.5,1,20.1,Medium
130,5,Memory Match & Recall,Hard,60.29,6,5.49,4,-24.16,Medium
131,1,My Life Memories,Easy,79.51,6,5.4,2,0.0,Hard
131,2,Memory Match & Recall,Easy,72.61,4,4.22,1,-6.9,Hard
131,3,Story & Conversation,Easy,79.31,8,4.07,2,6.7,Hard
131,4,Everyday Problem Solver,Hard,66.76,7,6.36,3,-12.55,Hard
131,5,Story & Conversation,Easy,85.02,4,5.12,1,18.26,Hard
132,1,Story & Conversation,Easy,88.69,9,2.73,1,0.0,Hard
132,2,Story & Conversation,Medium,81.5,4,4.07,1,-7.19,Hard
132,3,Story & Conversation,Medium,77.43,5,5.58,1,-4.07,Hard
132,4,Everyday Problem Solver,Medium,89.53,9,4.81,1,12.1,Hard
132,5,My Life Memories,Medium,85.46,4,6.86,1,-4.07,Hard
133,1,My Life Memories,Medium,79.22,5,5.54,1,0.0,Medium
133,2,Everyday Problem Solver,Medium,54.55,3,5.97,3,-24.67,Medium
133,3,Memory Match & Recall,Easy,78.9,5,5.92,1,24.35,Medium
133,4,My Life Memories,Medium,72.15,6,4.76,2,-6.75,Medium
133,5,Story & Conversation,Medium,62.27,3,4.75,2,-9.88,Medium
134,1,Story & Conversation,Medium,43.76,3,5.86,3,0.0,Medium
134,2,Memory Match & Recall,Medium,58.76,6,5.5,4,15.0,Medium
134,3,Story & Conversation,Easy,53.07,4,5.11,4,-5.69,Medium
134,4,Memory Match & Recall,Medium,58.92,5,4.3,3,5.85,Medium
134,5,Story & Conversation,Medium,52.44,3,5.1,3,-6.48,Medium
135,1,Everyday Problem Solver,Medium,52.12,5,4.94,5,0.0,Easy
135,2,Behaviour & Emotional Response,Medium,52.24,5,4.02,5,0.12,Easy
135,3,Behaviour & Emotional Response,Hard,36.6,2,6.87,4,-15.64,Easy
135,4,Everyday Problem Solver,Medium,50.49,3,7.17,2,13.89,Easy
135,5,Behaviour & Emotional Response,Medium,51.83,4,5.35,4,1.34,Easy
136,1,Memory Match & Recall,Hard,53.48,3,3.76,2,0.0,Hard
136,2,Memory Match & Recall,Hard,54.33,3,7.38,3,0.85,Hard
136,3,Behaviour & Emotional Response,Medium,73.68,4,7.98,2,19.35,Hard
136,4,Story & Conversation,Hard,63.1,6,6.02,4,-10.58,Hard
136,5,Memory Match & Recall,Medium,89.24,9,7.19,1,26.14,Hard
137,1,Memory Match & Recall,Hard,86.17,9,6.84,1,0.0,Hard
137,2,Memory Match & Recall,Medium,95.98,10,5.67,0,9.81,Hard
137,3,My Life Memories,Medium,90.62,9,3.79,1,-5.36,Hard
137,4,Story & Conversation,Medium,95.4,10,4.53,0,4.78,Hard
137,5,Story & Conversation,Hard,82.2,5,6.48,1,-13.2,Hard
138,1,Behaviour & Emotional Response,Easy,84.86,8,6.09,2,0.0,Hard
138,2,Story & Conversation,Medium,68.98,3,4.72,2,-15.88,Hard
138,3,Memory Match & Recall,Hard,61.03,6,3.57,4,-7.95,Hard
138,4,Memory Match & Recall,Easy,88.33,5,4.15,1,27.3,Hard
138,5,Everyday Problem Solver,Medium,89.41,9,5.54,1,1.08,Hard
139,1,Story & Conversation,Hard,43.76,4,7.42,6,0.0,Medium
139,2,My Life Memories,Hard,37.63,4,5.73,6,-6.13,Medium
139,3,My Life Memories,Easy,51.88,3,4.14,3,14.25,Medium
139,4,Story & Conversation,Easy,65.67,7,6.74,3,13.79,Medium
139,5,Behaviour & Emotional Response,Easy,69.9,4,3.85,2,4.23,Medium
140,1,Memory Match & Recall,Medium,44.05,4,3.03,4,0.0,Medium
140,2,My Life Memories,Medium,46.64,5,4.95,5,2.59,Medium
140,3,Behaviour & Emotional Response,Medium,43.41,3,3.24,3,-3.23,Medium
140,4,Everyday Problem Solver,Medium,50.79,3,4.45,3,7.38,Medium
140,5,Story & Conversation,Easy,52.19,3,1.5,2,1.4,Medium
141,1,Memory Match & Recall,Hard,58.22,6,7.83,4,0.0,Medium
141,2,Behaviour & Emotional Response,Medium,58.34,3,4.31,2,0.12,Medium
141,3,Everyday Problem Solver,Easy,75.4,4,3.2,1,17.06,Medium
141,4,Behaviour & Emotional Response,Easy,75.9,4,5.31,1,0.5,Medium
141,5,Everyday Problem Solver,Medium,72.95,7,4.8,3,-2.95,Medium
142,1,My Life Memories,Easy,61.68,4,3.51,2,0.0,Medium
142,2,Memory Match & Recall,Easy,67.09,5,4.9,3,5.41,Medium
142,3,Everyday Problem Solver,Hard,53.43,4,4.91,4,-13.66,Medium
142,4,Behaviour & Emotional Response,Medium,70.4,6,4.61,2,16.97,Medium
142,5,Everyday Problem Solver,Easy,72.82,4,3.52,2,2.42,Medium
143,1,Behaviour & Emotional Response,Easy,38.94,3,5.57,5,0.0,Easy
143,2,Story & Conversation,Easy,33.45,2,4.81,4,-5.49,Easy
143,3,My Life Memories,Medium,29.73,1,3.39,4,-3.72,Easy
143,4,Story & Conversation,Hard,15.0,2,7.13,8,-14.73,Easy
143,5,Behaviour & Emotional Response,Easy,32.11,3,5.1,7,17.11,Easy
144,1,My Life Memories,Easy,52.45,5,4.54,5,0.0,Easy
144,2,Everyday Problem Solver,Medium,31.46,3,6.65,7,-20.99,Easy
144,3,Everyday Problem Solver,Hard,26.24,2,5.12,6,-5.22,Easy
144,4,Everyday Problem Solver,Hard,33.35,2,7.41,3,7.11,Easy
144,5,Behaviour & Emotional Response,Medium,39.56,4,5.26,6,6.21,Easy
145,1,Behaviour & Emotional Response,Medium,70.59,7,5.15,3,0.0,Hard
145,2,Everyday Problem Solver,Easy,75.73,6,3.4,2,5.14,Hard
145,3,Memory Match & Recall,Hard,57.95,5,4.55,3,-17.78,Hard
145,4,Memory Match & Recall,Medium,53.4,3,5.6,3,-4.55,Hard
145,5,Memory Match & Recall,Easy,87.86,4,1.5,1,34.46,Hard
146,1,Memory Match & Recall,Easy,58.57,4,7.0,2,0.0,Easy
146,2,My Life Memories,Easy,56.48,5,3.67,3,-2.09,Easy
146,3,Story & Conversation,Hard,34.76,2,7.67,3,-21.72,Easy
146,4,Everyday Problem Solver,Hard,33.48,2,5.07,3,-1.28,Easy
146,5,My Life Memories,Hard,35.96,2,4.87,4,2.48,Easy
147,1,My Life Memories,Hard,59.59,5,6.21,3,0.0,Hard
147,2,Story & Conversation,Medium,61.83,5,4.66,3,2.24,Hard
147,3,Story & Conversation,Easy,65.46,7,5.54,3,3.63,Hard
147,4,My Life Memories,Easy,75.87,8,4.18,2,10.41,Hard
147,5,Story & Conversation,Hard,75.0,6,6.06,2,-0.87,Hard
148,1,Story & Conversation,Medium,46.16,3,6.51,3,0.0,Medium
148,2,Everyday Problem Solver,Easy,60.9,6,2.79,4,14.74,Medium
148,3,Story & Conversation,Easy,67.24,5,3.66,3,6.34,Medium
148,4,Everyday Problem Solver,Medium,64.46,4,6.28,2,-2.78,Medium
148,5,My Life Memories,Medium,52.04,4,6.62,4,-12.42,Medium
149,1,Story & Conversation,Medium,66.13,7,5.55,3,0.0,Hard
149,2,My Life Memories,Medium,57.44,5,4.27,3,-8.69,Hard
149,3,Everyday Problem Solver,Easy,80.2,8,3.96,2,22.76,Hard
149,4,Everyday Problem Solver,Hard,51.1,3,4.75,2,-29.1,Hard
149,5,Behaviour & Emotional Response,Easy,79.56,4,6.84,1,28.46,Hard
150,1,Memory Match & Recall,Medium,44.13,4,6.84,6,0.0,Medium
150,2,Everyday Problem Solver,Hard,33.01,2,6.58,4,-11.12,Medium
150,3,Memory Match & Recall,Medium,40.61,2,5.69,3,7.6,Medium
150,4,Everyday Problem Solver,Medium,47.36,4,6.3,4,6.75,Medium
150,5,Memory Match & Recall,Medium,57.11,6,8.15,4,9.75,Medium
151,1,My Life Memories,Easy,80.65,8,4.59,2,0.0,Hard
151,2,Memory Match & Recall,Easy,78.08,6,4.78,2,-2.57,Hard
151,3,Behaviour & Emotional Response,Hard,57.92,3,6.04,2,-20.16,Hard
151,4,Behaviour & Emotional Response,Hard,69.1,7,4.54,3,11.18,Hard
151,5,Everyday Problem Solver,Easy,91.53,5,5.85,0,22.43,Hard
152,1,Behaviour & Emotional Response,Easy,55.5,3,3.83,3,0.0,Medium
152,2,Behaviour & Emotional Response,Medium,67.51,5,4.93,3,12.01,Medium
152,3,Story & Conversation,Medium,55.23,3,4.45,2,-12.28,Medium
152,4,Story & Conversation,Hard,55.77,6,6.51,4,0.54,Medium
152,5,Behaviour & Emotional Response,Easy,72.8,4,3.98,2,17.03,Medium
153,1,Story & Conversation,Medium,48.59,2,7.05,3,0.0,Easy
153,2,Memory Match & Recall,Easy,63.69,6,5.95,4,15.1,Easy
153,3,My Life Memories,Medium,66.25,3,6.17,2,2.56,Easy
153,4,Memory Match & Recall,Medium,56.03,3,5.54,2,-10.22,Easy
153,5,My Life Memories,Hard,47.98,4,4.83,4,-8.05,Easy
154,1,Behaviour & Emotional Response,Hard,45.79,2,7.36,3,0.0,Medium
154,2,Behaviour & Emotional Response,Hard,51.58,3,6.13,3,5.79,Medium
154,3,Everyday Problem Solver,Hard,57.57,6,5.53,4,5.99,Medium
154,4,Story & Conversation,Easy,82.89,4,3.77,1,25.32,Medium
154,5,Story & Conversation,Hard,64.09,3,4.17,2,-18.8,Medium
155,1,Everyday Problem Solver,Hard,61.53,5,4.61,3,0.0,Hard
155,2,Memory Match & Recall,Hard,47.33,3,6.54,3,-14.2,Hard
155,3,My Life Memories,Hard,53.97,4,6.29,4,6.64,Hard
155,4,Everyday Problem Solver,Medium,69.33,7,5.71,3,15.36,Hard
155,5,Behaviour & Emotional Response,Easy,84.55,5,4.82,1,15.22,Hard
156,1,Memory Match & Recall,Medium,60.42,5,7.3,3,0.0,Medium
156,2,Memory Match & Recall,Easy,67.09,4,3.29,2,6.67,Medium
156,3,Memory Match & Recall,Easy,76.02,8,4.25,2,8.93,Medium
156,4,Story & Conversation,Easy,57.85,5,5.55,3,-18.17,Medium
156,5,My Life Memories,Medium,59.17,5,4.92,3,1.32,Medium
157,1,Behaviour & Emotional Response,Hard,54.12,5,6.72,5,0.0,Hard
157,2,Everyday Problem Solver,Medium,63.87,6,5.6,4,9.75,Hard
157,3,Memory Match & Recall,Medium,66.42,5,5.86,3,2.55,Hard
157,4,Everyday Problem Solver,Medium,73.17,4,3.79,1,6.75,Hard
157,5,Story & Conversation,Easy,87.5,5,3.66,1,14.33,Hard
158,1,My Life Memories,Easy,84.32,4,6.53,1,0.0,Medium
158,2,Memory Match & Recall,Easy,82.28,7,3.92,1,-2.04,Medium
158,3,My Life Memories,Medium,75.0,6,4.54,2,-7.28,Medium
158,4,Memory Match & Recall,Easy,91.42,5,2.33,1,16.42,Medium
158,5,My Life Memories,Medium,71.8,7,3.64,3,-19.62,Medium
159,1,Memory Match & Recall,Easy,94.52,8,4.12,0,0.0,Hard
159,2,Behaviour & Emotional Response,Easy,84.74,7,4.41,1,-9.78,Hard
159,3,My Life Memories,Easy,94.23,9,3.13,1,9.49,Hard
159,4,My Life Memories,Medium,80.18,5,6.03,1,-14.05,Hard
159,5,Behaviour & Emotional Response,Medium,83.26,8,5.06,2,3.08,Hard
160,1,Everyday Problem Solver,Easy,68.8,6,5.26,2,0.0,Hard
160,2,Story & Conversation,Medium,72.59,4,2.72,1,3.79,Hard
160,3,Everyday Problem Solver,Medium,81.08,8,6.5,2,8.49,Hard
160,4,Story & Conversation,Medium,78.69,4,6.01,1,-2.39,Hard
160,5,Story & Conversation,Easy,98.0,6,5.79,0,19.31,Hard
161,1,My Life Memories,Medium,89.05,5,4.88,1,0.0,Hard
161,2,My Life Memories,Easy,86.49,7,4.01,1,-2.56,Hard
161,3,Memory Match & Recall,Hard,70.54,6,8.34,2,-15.95,Hard
161,4,Behaviour & Emotional Response,Medium,88.04,7,4.94,1,17.5,Hard
161,5,My Life Memories,Easy,98.0,6,4.27,0,9.96,Hard
162,1,Story & Conversation,Easy,91.69,6,4.5,0,0.0,Hard
162,2,My Life Memories,Easy,92.47,9,2.68,1,0.78,Hard
162,3,Story & Conversation,Easy,94.76,9,4.2,1,2.29,Hard
162,4,Behaviour & Emotional Response,Medium,87.35,7,3.97,1,-7.41,Hard
162,5,My Life Memories,Easy,92.99,9,4.16,1,5.64,Hard
163,1,Story & Conversation,Easy,51.99,3,4.68,3,0.0,Easy
163,2,Behaviour & Emotional Response,Hard,18.18,1,5.78,5,-33.81,Easy
163,3,Behaviour & Emotional Response,Easy,45.92,5,5.02,5,27.74,Easy
163,4,Everyday Problem Solver,Medium,49.97,4,2.85,4,4.05,Easy
163,5,Memory Match & Recall,Hard,32.12,3,5.85,7,-17.85,Easy
164,1,My Life Memories,Easy,81.35,7,3.45,1,0.0,Medium
164,2,Everyday Problem Solver,Easy,79.66,5,3.41,1,-1.69,Medium
164,3,My Life Memories,Medium,79.53,4,4.89,1,-0.13,Medium
164,4,My Life Memories,Hard,73.98,7,5.64,3,-5.55,Medium
164,5,Behaviour & Emotional Response,Medium,71.82,7,3.11,3,-2.16,Medium
165,1,Behaviour & Emotional Response,Easy,33.45,3,5.05,5,0.0,Easy
165,2,Behaviour & Emotional Response,Medium,37.51,2,3.3,3,4.06,Easy
165,3,Memory Match & Recall,Medium,41.32,3,4.59,5,3.81,Easy
165,4,Everyday Problem Solver,Medium,38.33,2,7.13,3,-2.99,Easy
165,5,Behaviour & Emotional Response,Hard,32.33,3,5.72,7,-6.0,Easy
166,1,Story & Conversation,Hard,21.72,2,5.26,8,0.0,Medium
166,2,Memory Match & Recall,Easy,56.87,5,3.36,3,35.15,Medium
166,3,Everyday Problem Solver,Medium,48.84,3,5.2,3,-8.03,Medium
166,4,My Life Memories,Medium,49.78,5,4.32,5,0.94,Medium
166,5,Behaviour & Emotional Response,Medium,53.64,3,5.6,3,3.86,Medium
167,1,Story & Conversation,Hard,40.11,4,5.86,6,0.0,Medium
167,2,Memory Match & Recall,Easy,55.26,3,5.41,2,15.15,Medium
167,3,Memory Match & Recall,Hard,36.04,2,7.16,4,-19.22,Medium
167,4,Story & Conversation,Easy,59.87,6,3.79,4,23.83,Medium
167,5,Everyday Problem Solver,Medium,51.81,4,3.71,4,-8.06,Medium
168,1,My Life Memories,Easy,71.43,7,4.18,3,0.0,Hard
168,2,Story & Conversation,Easy,72.36,4,2.16,1,0.93,Hard
168,3,Memory Match & Recall,Easy,71.34,6,4.54,2,-1.02,Hard
168,4,Memory Match & Recall,Medium,67.09,4,3.73,2,-4.25,Hard
168,5,Everyday Problem Solver,Medium,75.22,5,3.86,1,8.13,Hard
169,1,Story & Conversation,Medium,77.11,8,4.11,2,0.0,Hard
169,2,Everyday Problem Solver,Medium,86.69,5,3.37,1,9.58,Hard
169,3,Everyday Problem Solver,Medium,83.06,8,6.04,2,-3.63,Hard
169,4,My Life Memories,Easy,85.02,5,5.99,1,1.96,Hard
169,5,My Life Memories,Medium,79.04,8,5.21,2,-5.98,Hard
170,1,Memory Match & Recall,Medium,63.1,4,5.97,2,0.0,Medium
170,2,Story & Conversation,Medium,70.17,4,2.84,1,7.07,Medium
170,3,Behaviour & Emotional Response,Easy,84.73,5,2.33,1,14.56,Medium
170,4,Story & Conversation,Easy,84.6,8,5.68,2,-0.13,Medium
170,5,Memory Match & Recall,Easy,73.36,7,3.92,3,-11.24,Medium
171,1,Behaviour & Emotional Response,Hard,30.12,2,5.69,6,0.0,Easy
171,2,Behaviour & Emotional Response,Medium,49.59,5,6.68,5,19.47,Easy
171,3,Behaviour & Emotional Response,Easy,64.79,5,3.81,3,15.2,Easy
171,4,My Life Memories,Medium,46.66,4,3.11,4,-18.13,Easy
171,5,Behaviour & Emotional Response,Medium,44.58,3,6.3,3,-2.08,Easy
172,1,Story & Conversation,Easy,86.83,7,3.59,1,0.0,Hard
172,2,Memory Match & Recall,Easy,95.58,6,4.57,0,8.75,Hard
172,3,Behaviour & Emotional Response,Medium,82.38,5,5.35,1,-13.2,Hard
172,4,Behaviour & Emotional Response,Medium,85.89,5,4.8,1,3.51,Hard
172,5,My Life Memories,Medium,93.51,6,4.76,0,7.62,Hard
173,1,Behaviour & Emotional Response,Easy,62.8,5,4.39,3,0.0,Easy
173,2,Everyday Problem Solver,Easy,62.73,6,4.19,4,-0.07,Easy
173,3,Behaviour & Emotional Response,Easy,76.05,6,5.06,2,13.32,Easy
173,4,Memory Match & Recall,Medium,56.18,3,5.89,3,-19.87,Easy
173,5,My Life Memories,Hard,45.45,5,7.34,5,-10.73,Easy
174,1,My Life Memories,Medium,64.9,6,5.52,4,0.0,Hard
174,2,My Life Memories,Medium,57.62,3,3.69,2,-7.28,Hard
174,3,Behaviour & Emotional Response,Easy,71.38,4,4.6,2,13.76,Hard
174,4,Story & Conversation,Easy,90.44,5,6.95,1,19.06,Hard
174,5,Behaviour & Emotional Response,Easy,85.37,9,4.92,1,-5.07,Hard
175,1,Behaviour & Emotional Response,Medium,29.73,3,4.32,7,0.0,Easy
175,2,Behaviour & Emotional Response,Medium,30.76,2,5.05,3,1.03,Easy
175,3,Story & Conversation,Medium,33.15,3,2.86,5,2.39,Easy
175,4,Behaviour & Emotional Response,Hard,29.97,1,4.77,4,-3.18,Easy
175,5,My Life Memories,Medium,40.42,4,7.67,6,10.45,Easy
176,1,Memory Match & Recall,Medium,31.03,2,4.91,4,0.0,Hard
176,2,Story & Conversation,Hard,42.31,2,8.31,3,11.28,Hard
176,3,My Life Memories,Easy,51.83,3,5.18,2,9.52,Hard
176,4,My Life Memories,Hard,35.92,2,5.89,3,-15.91,Hard
176,5,Everyday Problem Solver,Easy,78.08,6,2.57,2,42.16,Hard
177,1,Behaviour & Emotional Response,Medium,66.61,4,6.27,2,0.0,Easy
177,2,Behaviour & Emotional Response,Easy,75.89,5,4.76,1,9.28,Easy
177,3,Everyday Problem Solver,Hard,52.46,4,6.2,4,-23.43,Easy
177,4,Behaviour & Emotional Response,Easy,76.25,5,5.14,1,23.79,Easy
177,5,Story & Conversation,Hard,55.59,4,6.31,4,-20.66,Easy
178,1,Story & Conversation,Medium,66.32,3,4.91,2,0.0,Easy
178,2,Everyday Problem Solver,Hard,38.42,4,7.51,6,-27.9,Easy
178,3,Memory Match & Recall,Hard,45.13,3,5.15,3,6.71,Easy
178,4,Everyday Problem Solver,Easy,70.49,6,6.09,2,25.36,Easy
178,5,Everyday Problem Solver,Medium,52.75,5,8.84,5,-17.74,Easy
179,1,My Life Memories,Easy,87.18,7,4.24,1,0.0,Hard
179,2,My Life Memories,Medium,79.05,4,5.49,1,-8.13,Hard
179,3,Memory Match & Recall,Medium,82.71,7,5.51,1,3.66,Hard
179,4,Story & Conversation,Medium,80.88,8,4.62,2,-1.83,Hard
179,5,Story & Conversation,Medium,80.93,4,4.62,1,0.05,Hard
180,1,My Life Memories,Medium,80.57,6,1.5,2,0.0,Hard
180,2,Memory Match & Recall,Medium,82.44,8,5.07,2,1.87,Hard
180,3,Everyday Problem Solver,Hard,67.89,4,5.29,2,-14.55,Hard
180,4,My Life Memories,Easy,98.0,8,5.35,0,30.11,Hard
180,5,Story & Conversation,Medium,78.37,5,5.36,1,-19.63,Hard
181,1,Behaviour & Emotional Response,Hard,25.15,2,5.35,6,0.0,Easy
181,2,Memory Match & Recall,Easy,62.1,6,5.65,4,36.95,Easy
181,3,Memory Match & Recall,Easy,61.5,4,5.38,2,-0.6,Easy
181,4,My Life Memories,Medium,53.02,5,4.31,5,-8.48,Easy
181,5,Everyday Problem Solver,Hard,42.02,3,6.92,3,-11.0,Easy
182,1,Story & Conversation,Easy,88.45,7,5.14,1,0.0,Medium
182,2,Memory Match & Recall,Medium,74.92,6,6.18,2,-13.53,Medium
182,3,Memory Match & Recall,Medium,74.16,4,3.85,2,-0.76,Medium
182,4,Memory Match & Recall,Medium,74.84,6,4.01,2,0.68,Medium
182,5,Everyday Problem Solver,Medium,73.26,4,4.74,1,-1.58,Medium
183,1,Memory Match & Recall,Easy,56.27,6,2.28,4,0.0,Easy
183,2,Memory Match & Recall,Easy,60.89,4,4.51,2,4.62,Easy
183,3,Behaviour & Emotional Response,Medium,46.21,2,5.92,3,-14.68,Easy
183,4,Memory Match & Recall,Medium,58.24,3,3.11,2,12.03,Easy
183,5,My Life Memories,Medium,49.54,5,4.18,5,-8.7,Easy
184,1,Memory Match & Recall,Easy,60.88,3,4.28,2,0.0,Medium
184,2,Memory Match & Recall,Easy,55.81,4,2.15,4,-5.07,Medium
184,3,Story & Conversation,Easy,62.71,4,3.01,2,6.9,Medium
184,4,Everyday Problem Solver,Easy,60.76,3,4.85,2,-1.95,Medium
184,5,Behaviour & Emotional Response,Medium,60.07,6,3.45,4,-0.69,Medium
185,1,Story & Conversation,Medium,21.1,1,7.49,5,0.0,Easy
185,2,My Life Memories,Medium,28.93,3,5.52,7,7.83,Easy
185,3,Everyday Problem Solver,Easy,30.05,2,5.73,3,1.12,Easy
185,4,Everyday Problem Solver,Medium,18.66,2,5.92,8,-11.39,Easy
185,5,Story & Conversation,Hard,17.03,1,7.44,7,-1.63,Easy
186,1,Everyday Problem Solver,Easy,98.0,5,3.61,0,0.0,Hard
186,2,Everyday Problem Solver,Medium,96.35,8,2.61,0,-1.65,Hard
186,3,Memory Match & Recall,Hard,81.83,7,5.15,1,-14.52,Hard
186,4,Everyday Problem Solver,Medium,96.36,6,4.91,0,14.53,Hard
186,5,My Life Memories,Easy,98.0,5,5.56,0,1.64,Hard
187,1,Everyday Problem Solver,Medium,59.95,3,4.63,2,0.0,Easy
187,2,Everyday Problem Solver,Medium,62.43,3,5.99,2,2.48,Easy
187,3,Behaviour & Emotional Response,Hard,45.8,2,5.14,3,-16.63,Easy
187,4,Story & Conversation,Hard,50.68,3,4.28,3,4.88,Easy
187,5,My Life Memories,Hard,49.09,5,5.34,5,-1.59,Easy
188,1,Story & Conversation,Medium,74.69,4,5.13,2,0.0,Medium
188,2,My Life Memories,Hard,67.72,3,5.59,2,-6.97,Medium
188,3,Memory Match & Recall,Medium,78.46,4,4.75,1,10.74,Medium
188,4,Story & Conversation,Easy,89.21,4,3.59,1,10.75,Medium
188,5,My Life Memories,Medium,64.48,6,4.82,4,-24.73,Medium
189,1,My Life Memories,Medium,86.9,4,5.96,1,0.0,Hard
189,2,Behaviour & Emotional Response,Medium,90.26,5,4.88,1,3.36,Hard
189,3,Story & Conversation,Easy,95.53,5,3.49,0,5.27,Hard
189,4,Behaviour & Emotional Response,Hard,71.94,4,6.46,2,-23.59,Hard
189,5,Behaviour & Emotional Response,Easy,98.0,5,4.05,0,26.06,Hard
190,1,Story & Conversation,Medium,53.25,3,5.8,3,0.0,Medium
190,2,Memory Match & Recall,Easy,56.08,6,1.8,4,2.83,Medium
190,3,Memory Match & Recall,Medium,52.94,3,3.61,2,-3.14,Medium
190,4,Story & Conversation,Medium,54.7,3,4.89,3,1.76,Medium
190,5,Memory Match & Recall,Easy,66.53,4,6.21,2,11.83,Medium
191,1,Memory Match & Recall,Easy,76.7,6,5.13,2,0.0,Medium
191,2,Behaviour & Emotional Response,Medium,59.57,5,6.27,3,-17.13,Medium
191,3,Everyday Problem Solver,Medium,67.45,5,5.76,3,7.88,Medium
191,4,Memory Match & Recall,Medium,62.97,3,3.13,2,-4.48,Medium
191,5,Story & Conversation,Hard,63.81,5,6.24,3,0.84,Medium
192,1,Behaviour & Emotional Response,Easy,51.25,3,5.94,2,0.0,Easy
192,2,My Life Memories,Medium,40.83,3,7.14,5,-10.42,Easy
192,3,Memory Match & Recall,Medium,44.07,3,5.91,3,3.24,Easy
192,4,Story & Conversation,Easy,59.0,3,5.25,2,14.93,Easy
192,5,Behaviour & Emotional Response,Medium,49.2,2,4.91,3,-9.8,Easy
193,1,Everyday Problem Solver,Medium,54.6,3,5.95,2,0.0,Medium
193,2,Memory Match & Recall,Hard,47.03,2,5.65,3,-7.57,Medium
193,3,Everyday Problem Solver,Easy,67.65,5,1.5,3,20.62,Medium
193,4,My Life Memories,Hard,51.97,3,8.78,3,-15.68,Medium
193,5,Memory Match & Recall,Medium,71.32,7,4.91,3,19.35,Medium
194,1,Everyday Problem Solver,Easy,66.19,7,5.13,3,0.0,Hard
194,2,Story & Conversation,Easy,60.47,3,5.85,2,-5.72,Hard
194,3,Behaviour & Emotional Response,Medium,63.35,3,5.86,2,2.88,Hard
194,4,Everyday Problem Solver,Easy,73.19,4,4.44,1,9.84,Hard
194,5,My Life Memories,Easy,76.09,8,5.1,2,2.9,Hard
195,1,Story & Conversation,Medium,51.25,4,5.21,4,0.0,Medium
195,2,Story & Conversation,Easy,75.48,8,2.91,2,24.23,Medium
195,3,Memory Match & Recall,Medium,48.88,4,5.31,4,-26.6,Medium
195,4,Behaviour & Emotional Response,Medium,59.49,4,5.23,2,10.61,Medium
195,5,My Life Memories,Medium,62.15,6,4.73,4,2.66,Medium
196,1,Everyday Problem Solver,Medium,72.74,4,3.92,2,0.0,Medium
196,2,Everyday Problem Solver,Easy,93.23,9,2.28,1,20.49,Medium
196,3,Memory Match & Recall,Easy,94.29,8,6.24,0,1.06,Medium
196,4,Memory Match & Recall,Hard,74.97,4,5.98,1,-19.32,Medium
196,5,My Life Memories,Hard,68.79,6,5.01,2,-6.18,Medium
197,1,Memory Match & Recall,Easy,62.47,4,6.04,2,0.0,Easy
197,2,My Life Memories,Medium,59.22,3,3.69,2,-3.25,Easy
197,3,Everyday Problem Solver,Medium,58.85,3,5.63,2,-0.37,Easy
197,4,Memory Match & Recall,Hard,53.71,5,7.77,5,-5.14,Easy
197,5,Story & Conversation,Medium,54.28,3,4.09,2,0.57,Easy
198,1,Behaviour & Emotional Response,Easy,49.73,3,5.16,3,0.0,Easy
198,2,My Life Memories,Easy,58.56,3,4.44,2,8.83,Easy
198,3,My Life Memories,Medium,42.22,3,5.34,3,-16.34,Easy
198,4,Everyday Problem Solver,Easy,50.63,4,7.1,4,8.41,Easy
198,5,My Life Memories,Medium,37.49,3,5.42,5,-13.14,Easy
199,1,Story & Conversation,Medium,90.39,5,4.55,1,0.0,Hard
199,2,Memory Match & Recall,Hard,77.71,5,5.46,1,-12.68,Hard
199,3,Behaviour & Emotional Response,Easy,98.0,5,1.56,0,20.29,Hard
199,4,Everyday Problem Solver,Medium,98.0,8,3.01,0,0.0,Hard
199,5,My Life Memories,Easy,98.0,8,3.7,0,0.0,Hard
200,1,Everyday Problem Solver,Medium,59.24,6,5.58,4,0.0,Hard
200,2,Story & Conversation,Hard,70.47,4,4.1,1,11.23,Hard
200,3,Everyday Problem Solver,Hard,60.97,5,5.02,3,-9.5,Hard
200,4,Behaviour & Emotional Response,Easy,85.88,7,4.34,1,24.91,Hard
200,5,Everyday Problem Solver,Easy,80.98,5,4.94,1,-4.9,Hard
201,1,Story & Conversation,Medium,85.92,4,5.68,1,0.0,Hard
201,2,Story & Conversation,Easy,90.81,5,3.13,1,4.89,Hard
201,3,Memory Match & Recall,Hard,80.9,8,7.43,2,-9.91,Hard
201,4,Behaviour & Emotional Response,Medium,93.7,6,4.37,0,12.8,Hard
201,5,Memory Match & Recall,Medium,93.06,6,3.26,0,-0.64,Hard
202,1,Memory Match & Recall,Easy,84.36,5,3.78,1,0.0,Medium
202,2,Everyday Problem Solver,Easy,77.75,8,4.7,2,-6.61,Medium
202,3,Story & Conversation,Medium,69.45,3,4.87,2,-8.3,Medium
202,4,Behaviour & Emotional Response,Medium,86.17,4,4.51,1,16.72,Medium
202,5,Memory Match & Recall,Hard,60.92,4,5.04,2,-25.25,Medium
203,1,My Life Memories,Hard,58.08,3,5.06,2,0.0,Hard
203,2,Story & Conversation,Easy,90.59,9,5.98,1,32.51,Hard
203,3,Memory Match & Recall,Easy,80.56,8,2.12,2,-10.03,Hard
203,4,My Life Memories,Medium,81.71,8,4.02,2,1.15,Hard
203,5,My Life Memories,Easy,91.91,6,1.9,0,10.2,Hard
204,1,Everyday Problem Solver,Easy,76.12,8,5.27,2,0.0,Hard
204,2,Everyday Problem Solver,Easy,84.97,5,3.18,1,8.85,Hard
204,3,Story & Conversation,Medium,73.95,7,5.73,3,-11.02,Hard
204,4,Memory Match & Recall,Easy,88.52,9,4.99,1,14.57,Hard
204,5,Everyday Problem Solver,Medium,91.25,5,2.89,1,2.73,Hard
205,1,Behaviour & Emotional Response,Medium,84.88,8,3.74,2,0.0,Hard
205,2,Story & Conversation,Medium,77.78,8,4.65,2,-7.1,Hard
205,3,Story & Conversation,Hard,80.79,6,5.5,2,3.01,Hard
205,4,My Life Memories,Easy,98.0,5,2.47,0,17.21,Hard
205,5,Story & Conversation,Medium,90.19,5,3.28,0,-7.81,Hard
206,1,Story & Conversation,Easy,80.78,8,3.85,2,0.0,Medium
206,2,Behaviour & Emotional Response,Medium,51.33,3,5.33,3,-29.45,Medium
206,3,Everyday Problem Solver,Easy,81.07,5,4.84,1,29.74,Medium
206,4,Story & Conversation,Medium,77.37,4,3.6,1,-3.7,Medium
206,5,Everyday Problem Solver,Medium,75.54,8,6.33,2,-1.83,Medium
207,1,Story & Conversation,Hard,23.24,1,5.51,5,0.0,Easy
207,2,Everyday Problem Solver,Easy,44.33,4,5.06,4,21.09,Easy
207,3,Story & Conversation,Hard,21.4,1,5.32,4,-22.93,Easy
207,4,Story & Conversation,Hard,26.03,2,4.79,4,4.63,Easy
207,5,Behaviour & Emotional Response,Hard,20.81,2,6.95,8,-5.22,Easy
208,1,Behaviour & Emotional Response,Easy,56.77,6,5.1,4,0.0,Medium
208,2,Memory Match & Recall,Easy,43.91,3,3.84,3,-12.86,Medium
208,3,Behaviour & Emotional Response,Easy,62.93,6,3.32,4,19.02,Medium
208,4,Memory Match & Recall,Easy,54.48,3,5.12,3,-8.45,Medium
208,5,Everyday Problem Solver,Easy,63.47,4,4.19,2,8.99,Medium
209,1,Story & Conversation,Easy,69.57,4,6.53,2,0.0,Medium
209,2,Behaviour & Emotional Response,Medium,58.41,4,5.14,2,-11.16,Medium
209,3,Memory Match & Recall,Hard,37.19,3,5.01,5,-21.22,Medium
209,4,Memory Match & Recall,Medium,58.67,6,5.53,4,21.48,Medium
209,5,Behaviour & Emotional Response,Easy,75.45,6,5.18,2,16.78,Medium
210,1,Story & Conversation,Easy,53.77,3,3.37,3,0.0,Medium
210,2,My Life Memories,Medium,36.65,4,5.51,6,-17.12,Medium
210,3,Story & Conversation,Easy,62.43,5,8.23,3,25.78,Medium
210,4,Everyday Problem Solver,Medium,45.59,3,4.92,3,-16.84,Medium
210,5,My Life Memories,Easy,56.66,5,5.61,3,11.07,Medium
211,1,Everyday Problem Solver,Easy,75.96,4,4.67,1,0.0,Medium
211,2,Behaviour & Emotional Response,Medium,59.68,3,5.82,2,-16.28,Medium
211,3,Everyday Problem Solver,Medium,60.72,4,6.02,2,1.04,Medium
211,4,Behaviour & Emotional Response,Easy,65.99,7,3.8,3,5.27,Medium
211,5,Everyday Problem Solver,Easy,64.59,3,5.01,2,-1.4,Medium
212,1,Everyday Problem Solver,Easy,84.43,7,6.33,1,0.0,Hard
212,2,Everyday Problem Solver,Medium,73.15,4,5.72,1,-11.28,Hard
212,3,Story & Conversation,Medium,68.13,5,4.49,3,-5.02,Hard
212,4,Everyday Problem Solver,Easy,90.36,5,5.3,0,22.23,Hard
212,5,Story & Conversation,Easy,85.92,4,4.23,1,-4.44,Hard
213,1,Memory Match & Recall,Easy,45.09,5,5.71,5,0.0,Easy
213,2,My Life Memories,Hard,30.18,3,6.66,7,-14.91,Easy
213,3,My Life Memories,Hard,28.53,2,6.08,6,-1.65,Easy
213,4,Behaviour & Emotional Response,Medium,37.77,4,6.04,6,9.24,Easy
213,5,Behaviour & Emotional Response,Medium,45.76,3,5.72,3,7.99,Easy
214,1,Everyday Problem Solver,Medium,39.19,2,6.5,3,0.0,Medium
214,2,Story & Conversation,Easy,60.74,5,3.48,3,21.55,Medium
214,3,Memory Match & Recall,Easy,69.27,4,3.98,2,8.53,Medium
214,4,My Life Memories,Easy,72.97,4,5.16,1,3.7,Medium
214,5,Behaviour & Emotional Response,Hard,50.21,3,4.26,2,-22.76,Medium
215,1,Story & Conversation,Medium,79.75,8,4.42,2,0.0,Hard
215,2,Memory Match & Recall,Medium,80.54,5,2.72,1,0.79,Hard
215,3,Behaviour & Emotional Response,Hard,71.63,4,4.49,2,-8.91,Hard
215,4,Memory Match & Recall,Easy,84.56,5,2.5,1,12.93,Hard
215,5,Everyday Problem Solver,Medium,90.86,7,4.02,1,6.3,Hard
216,1,Story & Conversation,Easy,89.79,4,2.23,1,0.0,Hard
216,2,Memory Match & Recall,Medium,77.81,8,6.36,2,-11.98,Hard
216,3,Everyday Problem Solver,Easy,95.07,5,3.58,0,17.26,Hard
216,4,My Life Memories,Easy,98.0,10,4.82,0,2.93,Hard
216,5,Everyday Problem Solver,Easy,98.0,6,5.95,0,0.0,Hard
217,1,Everyday Problem Solver,Medium,46.65,2,4.63,3,0.0,Medium
217,2,My Life Memories,Hard,45.67,4,4.78,4,-0.98,Medium
217,3,My Life Memories,Medium,51.86,4,5.5,4,6.19,Medium
217,4,Memory Match & Recall,Medium,58.81,6,5.07,4,6.95,Medium
217,5,Everyday Problem Solver,Medium,56.05,6,4.78,4,-2.76,Medium
218,1,Story & Conversation,Easy,61.48,3,5.75,2,0.0,Easy
218,2,Story & Conversation,Medium,36.56,3,4.09,5,-24.92,Easy
218,3,Everyday Problem Solver,Hard,28.16,1,5.29,4,-8.4,Easy
218,4,Everyday Problem Solver,Medium,50.14,3,3.36,2,21.98,Easy
218,5,Memory Match & Recall,Medium,46.61,5,3.92,5,-3.53,Easy
219,1,Behaviour & Emotional Response,Easy,73.53,4,3.55,1,0.0,Hard
219,2,My Life Memories,Hard,53.67,5,5.21,5,-19.86,Hard
219,3,Behaviour & Emotional Response,Medium,64.48,6,6.99,4,10.81,Hard
219,4,Behaviour & Emotional Response,Hard,63.65,6,4.23,4,-0.83,Hard
219,5,Story & Conversation,Easy,84.09,4,5.3,1,20.44,Hard
220,1,Behaviour & Emotional Response,Medium,47.69,3,6.96,3,0.0,Easy
220,2,Memory Match & Recall,Hard,25.54,3,4.99,7,-22.15,Easy
220,3,Everyday Problem Solver,Hard,39.88,2,6.31,4,14.34,Easy
220,4,Everyday Problem Solver,Hard,38.58,2,6.4,4,-1.3,Easy
220,5,Memory Match & Recall,Medium,51.12,5,3.5,5,12.54,Easy
221,1,Everyday Problem Solver,Hard,70.73,4,5.46,2,0.0,Hard
221,2,Behaviour & Emotional Response,Easy,86.95,4,2.47,1,16.22,Hard
221,3,Memory Match & Recall,Medium,81.8,8,5.53,2,-5.15,Hard
221,4,Behaviour & Emotional Response,Easy,89.84,7,5.63,1,8.04,Hard
221,5,Behaviour & Emotional Response,Medium,79.71,4,5.54,1,-10.13,Hard
222,1,Behaviour & Emotional Response,Medium,44.56,4,4.93,6,0.0,Easy
222,2,Memory Match & Recall,Medium,47.56,3,4.68,3,3.0,Easy
222,3,Behaviour & Emotional Response,Medium,46.92,2,6.12,3,-0.64,Easy
222,4,Memory Match & Recall,Medium,46.58,2,3.2,3,-0.34,Easy
222,5,Story & Conversation,Hard,49.2,4,7.56,4,2.62,Easy
223,1,My Life Memories,Easy,54.75,5,3.96,5,0.0,Easy
223,2,Behaviour & Emotional Response,Medium,43.7,2,5.5,3,-11.05,Easy
223,3,Everyday Problem Solver,Easy,52.21,3,3.64,3,8.51,Easy
223,4,Behaviour & Emotional Response,Medium,40.97,4,4.07,6,-11.24,Easy
223,5,Memory Match & Recall,Medium,41.63,3,5.09,5,0.66,Easy
224,1,Everyday Problem Solver,Easy,63.36,6,6.28,4,0.0,Easy
224,2,Story & Conversation,Hard,35.28,2,6.31,3,-28.08,Easy
224,3,Story & Conversation,Hard,43.26,3,6.52,5,7.98,Easy
224,4,Story & Conversation,Easy,64.22,6,5.38,4,20.96,Easy
224,5,Memory Match & Recall,Hard,46.16,3,4.45,3,-18.06,Easy
225,1,Everyday Problem Solver,Easy,88.36,9,3.38,1,0.0,Medium
225,2,Story & Conversation,Easy,84.76,8,5.14,2,-3.6,Medium
225,3,Behaviour & Emotional Response,Medium,74.78,4,6.19,2,-9.98,Medium
225,4,My Life Memories,Easy,98.0,10,3.27,0,23.22,Medium
225,5,My Life Memories,Medium,70.75,6,5.3,2,-27.25,Medium
226,1,Memory Match & Recall,Medium,69.44,4,6.69,2,0.0,Hard
226,2,Memory Match & Recall,Easy,74.29,7,5.24,3,4.85,Hard
226,3,Everyday Problem Solver,Medium,70.19,4,7.0,1,-4.1,Hard
226,4,Everyday Problem Solver,Easy,97.28,6,3.3,0,27.09,Hard
226,5,Memory Match & Recall,Easy,83.53,8,5.36,2,-13.75,Hard
227,1,Memory Match & Recall,Hard,41.92,3,6.0,3,0.0,Medium
227,2,Story & Conversation,Medium,44.18,4,5.13,6,2.26,Medium
227,3,Behaviour & Emotional Response,Medium,53.05,3,4.48,2,8.87,Medium
227,4,Memory Match & Recall,Easy,77.35,8,2.87,2,24.3,Medium
227,5,Behaviour & Emotional Response,Medium,65.07,7,4.64,3,-12.28,Medium
228,1,Behaviour & Emotional Response,Medium,60.55,5,5.42,3,0.0,Hard
228,2,Everyday Problem Solver,Hard,48.73,4,7.07,4,-11.82,Hard
228,3,Memory Match & Recall,Easy,66.82,7,3.73,3,18.09,Hard
228,4,Memory Match & Recall,Easy,63.79,4,3.5,2,-3.03,Hard
228,5,Everyday Problem Solver,Medium,79.5,5,6.36,1,15.71,Hard
229,1,Story & Conversation,Medium,31.8,2,5.82,3,0.0,Easy
229,2,Memory Match & Recall,Medium,44.52,3,5.8,3,12.72,Easy
229,3,Everyday Problem Solver,Medium,41.2,2,5.02,3,-3.32,Easy
229,4,Everyday Problem Solver,Easy,56.2,4,4.65,4,15.0,Easy
229,5,Story & Conversation,Medium,32.42,3,4.96,7,-23.78,Easy
230,1,Story & Conversation,Medium,48.28,3,8.7,3,0.0,Medium
230,2,My Life Memories,Easy,60.93,6,4.14,4,12.65,Medium
230,3,Behaviour & Emotional Response,Easy,65.76,5,5.05,3,4.83,Medium
230,4,Behaviour & Emotional Response,Medium,54.25,4,5.79,4,-11.51,Medium
230,5,Story & Conversation,Medium,65.57,7,3.62,3,11.32,Medium
231,1,Memory Match & Recall,Easy,71.55,6,5.09,2,0.0,Medium
231,2,Story & Conversation,Hard,51.09,4,5.39,4,-20.46,Medium
231,3,Story & Conversation,Easy,78.33,5,5.54,1,27.24,Medium
231,4,Memory Match & Recall,Hard,65.12,7,4.28,3,-13.21,Medium
231,5,Story & Conversation,Medium,73.43,4,4.06,1,8.31,Medium
232,1,My Life Memories,Hard,27.82,2,5.71,6,0.0,Easy
232,2,My Life Memories,Medium,57.18,3,5.56,2,29.36,Easy
232,3,Behaviour & Emotional Response,Medium,35.86,2,4.54,4,-21.32,Easy
232,4,Story & Conversation,Medium,51.75,3,7.59,3,15.89,Easy
232,5,Behaviour & Emotional Response,Medium,37.61,4,2.94,6,-14.14,Easy
233,1,Story & Conversation,Medium,90.4,5,3.73,1,0.0,Hard
233,2,Behaviour & Emotional Response,Easy,98.0,5,1.5,0,7.6,Hard
233,3,My Life Memories,Easy,98.0,8,4.61,0,0.0,Hard
233,4,Behaviour & Emotional Response,Medium,98.0,6,3.5,0,0.0,Hard
233,5,Story & Conversation,Medium,94.58,6,3.63,0,-3.42,Hard
234,1,Story & Conversation,Easy,68.46,5,3.96,3,0.0,Medium
234,2,My Life Memories,Medium,59.36,5,5.81,3,-9.1,Medium
234,3,Story & Conversation,Easy,81.98,7,4.06,1,22.62,Medium
234,4,My Life Memories,Hard,56.56,6,4.11,4,-25.42,Medium
234,5,Memory Match & Recall,Hard,56.03,3,5.79,2,-0.53,Medium
235,1,My Life Memories,Hard,76.33,4,7.45,1,0.0,Hard
235,2,My Life Memories,Medium,98.0,10,5.05,0,21.67,Hard
235,3,Memory Match & Recall,Hard,96.55,6,5.97,0,-1.45,Hard
235,4,Everyday Problem Solver,Hard,89.83,7,5.52,1,-6.72,Hard
235,5,My Life Memories,Hard,96.34,10,6.85,0,6.51,Hard
236,1,Everyday Problem Solver,Easy,52.7,3,4.33,3,0.0,Medium
236,2,Memory Match & Recall,Medium,47.31,3,5.05,3,-5.39,Medium
236,3,Story & Conversation,Medium,61.04,3,4.46,2,13.73,Medium
236,4,My Life Memories,Easy,64.86,4,4.55,2,3.82,Medium
236,5,Behaviour & Emotional Response,Medium,61.71,6,2.31,4,-3.15,Medium
237,1,Memory Match & Recall,Easy,62.17,6,5.94,4,0.0,Medium
237,2,My Life Memories,Medium,49.45,5,2.85,5,-12.72,Medium
237,3,My Life Memories,Easy,67.62,4,3.7,2,18.17,Medium
237,4,Story & Conversation,Hard,36.26,3,5.26,5,-31.36,Medium
237,5,Behaviour & Emotional Response,Easy,65.79,3,3.75,2,29.53,Medium
238,1,Everyday Problem Solver,Easy,42.3,3,6.19,5,0.0,Easy
238,2,Story & Conversation,Easy,42.33,4,3.3,6,0.03,Easy
238,3,Behaviour & Emotional Response,Medium,28.71,2,5.26,4,-13.62,Easy
238,4,Memory Match & Recall,Hard,23.01,2,6.92,6,-5.7,Easy
238,5,Story & Conversation,Medium,28.51,2,5.37,6,5.5,Easy
239,1,My Life Memories,Hard,63.59,4,6.64,2,0.0,Hard
239,2,Story & Conversation,Hard,61.09,6,5.91,4,-2.5,Hard
239,3,Story & Conversation,Medium,78.32,5,5.37,1,17.23,Hard
239,4,My Life Memories,Easy,76.19,5,6.07,1,-2.13,Hard
239,5,Everyday Problem Solver,Easy,87.05,4,3.77,1,10.86,Hard
240,1,Behaviour & Emotional Response,Medium,54.59,3,5.62,2,0.0,Easy
240,2,Story & Conversation,Medium,55.49,3,5.43,2,0.9,Easy
240,3,My Life Memories,Hard,54.01,4,7.15,4,-1.48,Easy
240,4,Behaviour & Emotional Response,Medium,58.45,3,6.16,2,4.44,Easy
240,5,Memory Match & Recall,Medium,52.61,3,5.56,2,-5.84,Easy
241,1,Memory Match & Recall,Medium,85.83,9,3.8,1,0.0,Hard
241,2,My Life Memories,Medium,84.73,7,3.51,1,-1.1,Hard
241,3,My Life Memories,Medium,85.43,5,4.37,1,0.7,Hard
241,4,Memory Match & Recall,Easy,93.21,5,4.27,0,7.78,Hard
241,5,Behaviour & Emotional Response,Easy,98.0,6,3.13,0,4.79,Hard
242,1,My Life Memories,Hard,73.85,4,6.95,1,0.0,Medium
242,2,Behaviour & Emotional Response,Medium,80.34,4,5.88,1,6.49,Medium
242,3,Story & Conversation,Easy,89.24,4,5.35,1,8.9,Medium
242,4,My Life Memories,Easy,98.0,6,4.88,0,8.76,Medium
242,5,Story & Conversation,Hard,69.74,4,4.67,2,-28.26,Medium
243,1,Story & Conversation,Medium,63.27,5,5.55,3,0.0,Medium
243,2,Everyday Problem Solver,Easy,72.26,7,5.44,3,8.99,Medium
243,3,Everyday Problem Solver,Medium,64.56,6,5.65,4,-7.7,Medium
243,4,Story & Conversation,Easy,87.21,4,3.47,1,22.65,Medium
243,5,Memory Match & Recall,Hard,66.45,7,6.08,3,-20.76,Medium
244,1,Everyday Problem Solver,Hard,33.87,2,3.67,3,0.0,Easy
244,2,Memory Match & Recall,Hard,43.52,3,4.07,3,9.65,Easy
244,3,My Life Memories,Hard,43.49,3,5.64,5,-0.03,Easy
244,4,Story & Conversation,Medium,60.49,3,4.65,2,17.0,Easy
244,5,Everyday Problem Solver,Hard,43.94,4,6.83,4,-16.55,Easy
245,1,Story & Conversation,Hard,54.92,4,6.42,4,0.0,Hard
245,2,My Life Memories,Medium,57.31,3,5.95,2,2.39,Hard
245,3,Memory Match & Recall,Easy,81.7,5,3.13,1,24.39,Hard
245,4,Everyday Problem Solver,Easy,78.06,8,4.33,2,-3.64,Hard
245,5,Behaviour & Emotional Response,Easy,80.22,4,4.76,1,2.16,Hard
246,1,Story & Conversation,Hard,75.96,5,4.12,1,0.0,Hard
246,2,Memory Match & Recall,Medium,86.7,9,6.4,1,10.74,Hard
246,3,Story & Conversation,Hard,74.79,7,7.01,3,-11.91,Hard
246,4,My Life Memories,Medium,98.0,6,5.94,0,23.21,Hard
246,5,Memory Match & Recall,Easy,98.0,5,5.47,0,0.0,Hard
247,1,Everyday Problem Solver,Easy,72.32,7,4.0,3,0.0,Easy
247,2,Behaviour & Emotional Response,Medium,73.05,4,3.93,2,0.73,Easy
247,3,Behaviour & Emotional Response,Medium,74.37,6,5.5,2,1.32,Easy
247,4,Behaviour & Emotional Response,Easy,68.28,4,4.89,2,-6.09,Easy
247,5,My Life Memories,Hard,43.57,2,6.7,3,-24.71,Easy
248,1,My Life Memories,Medium,69.72,3,5.09,2,0.0,Hard
248,2,Story & Conversation,Medium,86.5,4,4.2,1,16.78,Hard
248,3,Behaviour & Emotional Response,Medium,69.93,4,6.72,2,-16.57,Hard
248,4,Story & Conversation,Medium,89.55,4,4.79,1,19.62,Hard
248,5,My Life Memories,Medium,85.35,5,6.43,1,-4.2,Hard
249,1,My Life Memories,Easy,55.95,6,6.03,4,0.0,Medium
249,2,Everyday Problem Solver,Hard,48.47,2,6.59,3,-7.48,Medium
249,3,Memory Match & Recall,Medium,46.58,3,7.51,3,-1.89,Medium
249,4,Behaviour & Emotional Response,Hard,38.18,4,5.59,6,-8.4,Medium
249,5,Everyday Problem Solver,Easy,66.92,7,6.33,3,28.74,Medium
250,1,Story & Conversation,Easy,85.3,7,4.87,1,0.0,Medium
250,2,Memory Match & Recall,Medium,74.57,7,5.57,3,-10.73,Medium
250,3,My Life Memories,Hard,48.63,2,5.56,3,-25.94,Medium
250,4,My Life Memories,Medium,78.76,8,3.49,2,30.13,Medium
250,5,Memory Match & Recall,Hard,69.13,7,5.5,3,-9.63,Medium
251,1,Story & Conversation,Easy,98.0,10,3.66,0,0.0,Hard
251,2,Memory Match & Recall,Easy,96.93,10,4.14,0,-1.07,Hard
251,3,Memory Match & Recall,Medium,86.62,4,5.04,1,-10.31,Hard
251,4,Memory Match & Recall,Medium,86.28,7,3.45,1,-0.34,Hard
251,5,Behaviour & Emotional Response,Medium,96.07,10,5.49,0,9.79,Hard
252,1,Story & Conversation,Medium,53.31,3,4.32,2,0.0,Easy
252,2,Everyday Problem Solver,Hard,38.95,3,6.97,5,-14.36,Easy
252,3,Behaviour & Emotional Response,Medium,50.73,5,5.64,5,11.78,Easy
252,4,Story & Conversation,Medium,49.34,2,4.87,3,-1.39,Easy
252,5,Memory Match & Recall,Medium,52.7,3,4.18,3,3.36,Easy
253,1,Memory Match & Recall,Easy,58.06,5,3.95,3,0.0,Medium
253,2,Behaviour & Emotional Response,Medium,57.14,3,4.74,2,-0.92,Medium
253,3,Memory Match & Recall,Hard,46.9,5,5.85,5,-10.24,Medium
253,4,Everyday Problem Solver,Hard,52.73,5,6.93,5,5.83,Medium
253,5,Memory Match & Recall,Easy,69.45,4,3.0,2,16.72,Medium
254,1,Everyday Problem Solver,Easy,51.45,5,4.17,5,0.0,Easy
254,2,Everyday Problem Solver,Medium,41.25,2,3.61,4,-10.2,Easy
254,3,Story & Conversation,Easy,54.63,5,4.78,5,13.38,Easy
254,4,Memory Match & Recall,Hard,40.44,2,5.31,3,-14.19,Easy
254,5,My Life Memories,Medium,47.89,3,4.0,3,7.45,Easy
255,1,My Life Memories,Easy,64.44,3,5.17,2,0.0,Medium
255,2,Behaviour & Emotional Response,Hard,38.31,4,5.56,6,-26.13,Medium
255,3,Behaviour & Emotional Response,Medium,64.34,4,5.21,2,26.03,Medium
255,4,Behaviour & Emotional Response,Easy,90.19,5,4.7,1,25.85,Medium
255,5,Memory Match & Recall,Medium,59.5,5,4.91,3,-30.69,Medium
256,1,Behaviour & Emotional Response,Hard,20.87,2,5.13,8,0.0,Medium
256,2,Behaviour & Emotional Response,Hard,28.35,2,5.41,4,7.48,Medium
256,3,Story & Conversation,Medium,35.66,3,4.45,5,7.31,Medium
256,4,Story & Conversation,Medium,48.29,3,4.73,3,12.63,Medium
256,5,Everyday Problem Solver,Medium,50.35,4,6.07,4,2.06,Medium
257,1,Behaviour & Emotional Response,Hard,57.44,3,6.31,3,0.0,Hard
257,2,Everyday Problem Solver,Easy,67.16,5,4.13,3,9.72,Hard
257,3,Story & Conversation,Hard,63.3,4,5.73,2,-3.86,Hard
257,4,Everyday Problem Solver,Medium,63.3,5,4.93,3,0.0,Hard
257,5,Memory Match & Recall,Medium,83.46,8,6.33,2,20.16,Hard
258,1,Behaviour & Emotional Response,Medium,64.78,6,4.54,4,0.0,Hard
258,2,Behaviour & Emotional Response,Easy,60.35,6,3.41,4,-4.43,Hard
258,3,Memory Match & Recall,Medium,71.45,4,4.6,1,11.1,Hard
258,4,My Life Memories,Easy,72.11,4,4.06,1,0.66,Hard
258,5,Everyday Problem Solver,Easy,86.49,5,6.26,1,14.38,Hard
259,1,Story & Conversation,Medium,92.33,6,5.12,0,0.0,Hard
259,2,Memory Match & Recall,Medium,85.68,7,6.59,1,-6.65,Hard
259,3,Everyday Problem Solver,Medium,89.28,4,5.05,1,3.6,Hard
259,4,Story & Conversation,Hard,79.2,4,4.96,1,-10.08,Hard
259,5,Behaviour & Emotional Response,Hard,82.26,5,4.91,1,3.06,Hard
260,1,Behaviour & Emotional Response,Medium,48.62,4,6.11,4,0.0,Medium
260,2,Memory Match & Recall,Hard,34.78,3,6.29,7,-13.84,Medium
260,3,My Life Memories,Hard,50.22,4,5.28,4,15.44,Medium
260,4,Behaviour & Emotional Response,Easy,62.11,5,4.23,3,11.89,Medium
260,5,Everyday Problem Solver,Medium,64.99,6,5.21,4,2.88,Medium
261,1,Everyday Problem Solver,Hard,42.94,3,4.63,5,0.0,Hard
261,2,Behaviour & Emotional Response,Medium,57.62,3,5.53,3,14.68,Hard
261,3,Everyday Problem Solver,Easy,63.18,4,3.49,2,5.56,Hard
261,4,Memory Match & Recall,Easy,61.21,4,5.15,2,-1.97,Hard
261,5,Behaviour & Emotional Response,Easy,75.41,4,3.63,1,14.2,Hard
262,1,My Life Memories,Easy,64.35,5,3.78,3,0.0,Medium
262,2,Everyday Problem Solver,Easy,78.19,6,3.28,2,13.84,Medium
262,3,Memory Match & Recall,Easy,74.26,4,3.6,2,-3.93,Medium
262,4,Memory Match & Recall,Easy,83.13,7,4.11,1,8.87,Medium
262,5,Behaviour & Emotional Response,Easy,69.45,6,1.9,2,-13.68,Medium
263,1,My Life Memories,Medium,53.64,4,1.77,4,0.0,Easy
263,2,Memory Match & Recall,Medium,49.4,4,4.47,4,-4.24,Easy
263,3,Behaviour & Emotional Response,Easy,72.23,4,3.96,2,22.83,Easy
263,4,Behaviour & Emotional Response,Easy,67.69,4,4.63,2,-4.54,Easy
263,5,My Life Memories,Medium,44.11,4,6.07,6,-23.58,Easy
264,1,Memory Match & Recall,Easy,76.28,5,9.1,1,0.0,Medium
264,2,Story & Conversation,Easy,62.23,5,6.57,3,-14.05,Medium
264,3,Everyday Problem Solver,Hard,52.51,5,6.22,5,-9.72,Medium
264,4,Behaviour & Emotional Response,Hard,55.46,3,5.35,2,2.95,Medium
264,5,Memory Match & Recall,Medium,65.81,7,5.37,3,10.35,Medium
265,1,Everyday Problem Solver,Hard,29.75,2,5.56,4,0.0,Easy
265,2,Memory Match & Recall,Medium,31.96,3,4.7,5,2.21,Easy
265,3,My Life Memories,Hard,35.79,2,5.37,3,3.83,Easy
265,4,My Life Memories,Easy,53.89,4,3.69,4,18.1,Easy
265,5,Memory Match & Recall,Hard,35.79,3,6.84,5,-18.1,Easy
266,1,Behaviour & Emotional Response,Hard,74.68,7,6.5,3,0.0,Hard
266,2,My Life Memories,Easy,98.0,6,5.77,0,23.32,Hard
266,3,Story & Conversation,Medium,86.42,4,5.7,1,-11.58,Hard
266,4,Everyday Problem Solver,Hard,79.06,4,5.59,1,-7.36,Hard
266,5,Memory Match & Recall,Easy,98.0,6,4.52,0,18.94,Hard
267,1,My Life Memories,Hard,47.54,3,7.81,3,0.0,Hard
267,2,Behaviour & Emotional Response,Hard,53.67,5,6.91,5,6.13,Hard
267,3,Memory Match & Recall,Medium,58.52,4,3.96,2,4.85,Hard
267,4,Memory Match & Recall,Medium,68.49,5,6.0,3,9.97,Hard
267,5,Memory Match & Recall,Easy,83.09,4,3.61,1,14.6,Hard
268,1,Everyday Problem Solver,Medium,46.72,2,4.66,3,0.0,Medium
268,2,Behaviour & Emotional Response,Hard,52.04,4,5.32,4,5.32,Medium
268,3,My Life Memories,Medium,63.4,6,4.76,4,11.36,Medium
268,4,My Life Memories,Easy,73.0,7,3.04,3,9.6,Medium
268,5,Memory Match & Recall,Medium,63.07,3,1.5,2,-9.93,Medium
269,1,Behaviour & Emotional Response,Easy,57.41,3,5.99,2,0.0,Medium
269,2,Story & Conversation,Hard,51.36,3,6.45,2,-6.05,Medium
269,3,Story & Conversation,Medium,69.32,6,3.81,2,17.96,Medium
269,4,Behaviour & Emotional Response,Easy,82.18,8,5.46,2,12.86,Medium
269,5,My Life Memories,Medium,61.78,3,6.37,2,-20.4,Medium
270,1,My Life Memories,Easy,48.46,3,3.88,3,0.0,Easy
270,2,Everyday Problem Solver,Medium,41.73,3,3.9,5,-6.73,Easy
270,3,Everyday Problem Solver,Easy,63.74,5,4.18,3,22.01,Easy
270,4,Memory Match & Recall,Medium,50.02,3,4.42,3,-13.72,Easy
270,5,Memory Match & Recall,Easy,48.48,5,4.94,5,-1.54,Easy
271,1,Behaviour & Emotional Response,Medium,30.9,2,3.61,3,0.0,Easy
271,2,Story & Conversation,Easy,54.74,4,5.66,4,23.84,Easy
271,3,Everyday Problem Solver,Medium,34.95,2,6.74,4,-19.79,Easy
271,4,Everyday Problem Solver,Easy,40.74,3,5.33,5,5.79,Easy
271,5,Everyday Problem Solver,Easy,48.52,2,4.93,3,7.78,Easy
272,1,Behaviour & Emotional Response,Medium,83.48,4,5.18,1,0.0,Hard
272,2,Story & Conversation,Medium,70.66,6,3.78,2,-12.82,Hard
272,3,Memory Match & Recall,Easy,91.35,9,4.38,1,20.69,Hard
272,4,Story & Conversation,Medium,76.8,5,7.78,1,-14.55,Hard
272,5,Memory Match & Recall,Easy,98.0,5,4.94,0,21.2,Hard
273,1,Everyday Problem Solver,Easy,69.81,7,3.3,3,0.0,Medium
273,2,Story & Conversation,Medium,63.05,5,5.3,3,-6.76,Medium
273,3,Behaviour & Emotional Response,Easy,66.63,5,4.87,3,3.58,Medium
273,4,Story & Conversation,Hard,52.65,3,3.59,3,-13.98,Medium
273,5,Memory Match & Recall,Easy,71.92,4,3.93,2,19.27,Medium
274,1,My Life Memories,Easy,98.0,8,2.61,0,0.0,Hard
274,2,Everyday Problem Solver,Medium,92.73,7,2.9,1,-5.27,Hard
274,3,My Life Memories,Medium,97.81,8,4.15,0,5.08,Hard
274,4,Story & Conversation,Medium,92.25,5,6.35,0,-5.56,Hard
274,5,Everyday Problem Solver,Medium,86.59,4,3.13,1,-5.66,Hard
275,1,Story & Conversation,Hard,45.48,3,4.11,3,0.0,Medium
275,2,Behaviour & Emotional Response,Easy,45.75,2,4.09,3,0.27,Medium
275,3,Memory Match & Recall,Hard,45.56,2,7.38,3,-0.19,Medium
275,4,Behaviour & Emotional Response,Medium,52.97,3,4.58,3,7.41,Medium
275,5,Memory Match & Recall,Medium,64.17,6,2.74,4,11.2,Medium
276,1,Everyday Problem Solver,Medium,55.31,3,5.6,3,0.0,Easy
276,2,Behaviour & Emotional Response,Medium,52.61,4,5.12,4,-2.7,Easy
276,3,Everyday Problem Solver,Medium,42.24,2,4.37,3,-10.37,Easy
276,4,My Life Memories,Medium,61.39,3,3.83,2,19.15,Easy
276,5,Everyday Problem Solver,Hard,48.53,3,6.45,3,-12.86,Easy
277,1,Behaviour & Emotional Response,Easy,65.88,4,3.32,2,0.0,Medium
277,2,Everyday Problem Solver,Medium,55.12,3,5.79,3,-10.76,Medium
277,3,My Life Memories,Hard,46.8,2,5.22,3,-8.32,Medium
277,4,Everyday Problem Solver,Medium,60.71,4,5.87,2,13.91,Medium
277,5,Memory Match & Recall,Easy,58.56,4,5.92,2,-2.15,Medium
278,1,Memory Match & Recall,Medium,57.51,5,6.48,3,0.0,Medium
278,2,My Life Memories,Medium,48.23,5,4.26,5,-9.28,Medium
278,3,Memory Match & Recall,Easy,66.22,5,3.53,3,17.99,Medium
278,4,Memory Match & Recall,Medium,69.87,6,3.91,2,3.65,Medium
278,5,Story & Conversation,Medium,57.62,3,5.28,3,-12.25,Medium
279,1,My Life Memories,Medium,39.59,3,5.56,5,0.0,Easy
279,2,Behaviour & Emotional Response,Medium,41.47,2,5.06,3,1.88,Easy
279,3,Behaviour & Emotional Response,Easy,51.79,3,2.77,3,10.32,Easy
279,4,Behaviour & Emotional Response,Medium,48.4,4,7.22,4,-3.39,Easy
279,5,My Life Memories,Medium,48.08,2,5.39,3,-0.32,Easy
280,1,Behaviour & Emotional Response,Hard,50.77,5,7.94,5,0.0,Hard
280,2,Everyday Problem Solver,Easy,83.1,7,6.29,1,32.33,Hard
280,3,Everyday Problem Solver,Easy,78.99,5,6.55,1,-4.11,Hard
280,4,Story & Conversation,Medium,79.54,4,5.53,1,0.55,Hard
280,5,Everyday Problem Solver,Medium,77.79,6,4.58,2,-1.75,Hard
281,1,Memory Match & Recall,Medium,78.85,8,2.51,2,0.0,Hard
281,2,My Life Memories,Easy,82.8,5,4.11,1,3.95,Hard
281,3,My Life Memories,Easy,92.87,5,4.19,0,10.07,Hard
281,4,Everyday Problem Solver,Medium,89.82,5,2.44,1,-3.05,Hard
281,5,Everyday Problem Solver,Medium,84.87,4,2.64,1,-4.95,Hard
282,1,Behaviour & Emotional Response,Easy,80.83,5,4.86,1,0.0,Medium
282,2,Story & Conversation,Hard,55.71,6,7.39,4,-25.12,Medium
282,3,Behaviour & Emotional Response,Hard,68.65,3,6.45,2,12.94,Medium
282,4,Story & Conversation,Hard,63.12,4,6.49,2,-5.53,Medium
282,5,My Life Memories,Medium,73.15,7,5.94,3,10.03,Medium
283,1,My Life Memories,Easy,98.0,10,3.34,0,0.0,Hard
283,2,Behaviour & Emotional Response,Easy,98.0,6,2.66,0,0.0,Hard
283,3,Behaviour & Emotional Response,Medium,91.18,7,5.31,1,-6.82,Hard
283,4,Everyday Problem Solver,Medium,78.02,6,3.48,2,-13.16,Hard
283,5,My Life Memories,Medium,89.04,4,4.43,1,11.02,Hard
284,1,Everyday Problem Solver,Medium,44.19,3,5.45,3,0.0,Easy
284,2,Memory Match & Recall,Easy,52.19,5,3.68,5,8.0,Easy
284,3,Everyday Problem Solver,Medium,51.15,3,7.08,3,-1.04,Easy
284,4,My Life Memories,Hard,31.46,2,5.31,3,-19.69,Easy
284,5,Behaviour & Emotional Response,Medium,50.81,3,4.66,2,19.35,Easy
285,1,Memory Match & Recall,Medium,62.35,4,2.71,2,0.0,Medium
285,2,Behaviour & Emotional Response,Medium,67.32,3,5.05,2,4.97,Medium
285,3,My Life Memories,Medium,58.44,5,4.93,3,-8.88,Medium
285,4,Memory Match & Recall,Medium,62.18,6,2.93,4,3.74,Medium
285,5,Everyday Problem Solver,Hard,60.88,6,5.86,4,-1.3,Medium
286,1,My Life Memories,Medium,72.35,4,3.7,1,0.0,Hard
286,2,My Life Memories,Easy,80.99,8,4.03,2,8.64,Hard
286,3,Everyday Problem Solver,Hard,62.73,3,3.25,2,-18.26,Hard
286,4,Story & Conversation,Medium,70.55,7,4.21,3,7.82,Hard
286,5,Story & Conversation,Easy,85.24,4,4.88,1,14.69,Hard
287,1,Behaviour & Emotional Response,Medium,45.11,2,5.01,3,0.0,Easy
287,2,My Life Memories,Medium,45.51,4,6.15,4,0.4,Easy
287,3,My Life Memories,Medium,50.17,3,1.61,3,4.66,Easy
287,4,My Life Memories,Medium,51.64,4,3.84,4,1.47,Easy
287,5,Story & Conversation,Hard,33.6,3,4.55,7,-18.04,Easy
288,1,Behaviour & Emotional Response,Medium,69.61,6,5.32,2,0.0,Easy
288,2,My Life Memories,Medium,59.5,6,5.57,4,-10.11,Easy
288,3,Behaviour & Emotional Response,Medium,61.89,6,4.17,4,2.39,Easy
288,4,Everyday Problem Solver,Medium,59.21,6,2.92,4,-2.68,Easy
288,5,Story & Conversation,Hard,53.3,4,6.06,4,-5.91,Easy
289,1,My Life Memories,Medium,56.05,3,3.92,2,0.0,Medium
289,2,Everyday Problem Solver,Medium,63.7,4,3.41,2,7.65,Medium
289,3,Memory Match & Recall,Easy,76.21,8,3.19,2,12.51,Medium
289,4,Story & Conversation,Hard,46.54,2,4.17,3,-29.67,Medium
289,5,Everyday Problem Solver,Medium,61.54,3,6.18,2,15.0,Medium
290,1,Memory Match & Recall,Hard,61.6,6,6.43,4,0.0,Hard
290,2,Behaviour & Emotional Response,Medium,62.61,3,4.6,2,1.01,Hard
290,3,Story & Conversation,Easy,76.05,4,5.99,1,13.44,Hard
290,4,Behaviour & Emotional Response,Easy,75.05,8,5.47,2,-1.0,Hard
290,5,My Life Memories,Medium,79.09,6,7.06,2,4.04,Hard
291,1,Behaviour & Emotional Response,Easy,68.13,4,7.19,2,0.0,Medium
291,2,My Life Memories,Medium,51.65,3,3.24,3,-16.48,Medium
291,3,Behaviour & Emotional Response,Easy,55.57,3,5.41,2,3.92,Medium
291,4,Behaviour & Emotional Response,Medium,47.06,3,4.68,3,-8.51,Medium
291,5,Behaviour & Emotional Response,Easy,72.48,4,4.64,1,25.42,Medium
292,1,Story & Conversation,Easy,77.72,4,5.91,1,0.0,Medium
292,2,Everyday Problem Solver,Easy,72.17,6,3.61,2,-5.55,Medium
292,3,My Life Memories,Medium,64.75,6,5.98,4,-7.42,Medium
292,4,My Life Memories,Medium,76.28,4,5.43,1,11.53,Medium
292,5,Memory Match & Recall,Hard,67.48,5,4.35,3,-8.8,Medium
293,1,Behaviour & Emotional Response,Hard,82.15,7,6.53,1,0.0,Hard
293,2,Story & Conversation,Hard,85.2,7,3.63,1,3.05,Hard
293,3,Everyday Problem Solver,Medium,84.86,5,3.94,1,-0.34,Hard
293,4,My Life Memories,Hard,81.84,4,4.39,1,-3.02,Hard
293,5,Story & Conversation,Easy,98.0,5,5.86,0,16.16,Hard
294,1,Behaviour & Emotional Response,Easy,82.13,7,3.16,1,0.0,Medium
294,2,Story & Conversation,Hard,54.85,4,7.36,4,-27.28,Medium
294,3,Behaviour & Emotional Response,Hard,66.1,5,5.72,3,11.25,Medium
294,4,My Life Memories,Hard,60.42,6,3.39,4,-5.68,Medium
294,5,Everyday Problem Solver,Medium,70.0,7,7.23,3,9.58,Medium
295,1,My Life Memories,Hard,29.93,1,7.27,4,0.0,Medium
295,2,My Life Memories,Easy,44.76,2,4.86,3,14.83,Medium
295,3,My Life Memories,Medium,49.42,3,5.12,3,4.66,Medium
295,4,Everyday Problem Solver,Hard,50.5,5,3.89,5,1.08,Medium
295,5,Story & Conversation,Medium,53.15,3,4.87,2,2.65,Medium
296,1,Story & Conversation,Easy,84.23,4,3.45,1,0.0,Hard
296,2,My Life Memories,Medium,74.45,6,2.67,2,-9.78,Hard
296,3,Memory Match & Recall,Medium,78.2,5,5.23,1,3.75,Hard
296,4,My Life Memories,Easy,89.91,5,5.55,1,11.71,Hard
296,5,Behaviour & Emotional Response,Easy,89.78,5,4.46,1,-0.13,Hard
297,1,My Life Memories,Medium,42.51,3,6.58,3,0.0,Medium
297,2,Everyday Problem Solver,Hard,44.9,3,5.66,3,2.39,Medium
297,3,Everyday Problem Solver,Easy,60.06,4,3.43,2,15.16,Medium
297,4,Behaviour & Emotional Response,Medium,58.32,3,5.83,2,-1.74,Medium
297,5,Memory Match & Recall,Hard,52.43,5,4.83,5,-5.89,Medium
298,1,Behaviour & Emotional Response,Easy,65.72,3,5.25,2,0.0,Hard
298,2,My Life Memories,Medium,54.54,4,4.02,4,-11.18,Hard
298,3,My Life Memories,Hard,50.62,4,6.76,4,-3.92,Hard
298,4,My Life Memories,Easy,63.33,5,6.12,3,12.71,Hard
298,5,My Life Memories,Easy,77.35,5,4.54,1,14.02,Hard
299,1,Memory Match & Recall,Medium,64.52,6,3.95,4,0.0,Medium
299,2,My Life Memories,Hard,50.87,3,3.31,2,-13.65,Medium
299,3,Behaviour & Emotional Response,Easy,79.45,5,2.49,1,28.58,Medium
299,4,My Life Memories,Hard,62.71,6,5.4,4,-16.74,Medium
299,5,Story & Conversation,Medium,65.92,3,4.22,2,3.21,Medium
300,1,Everyday Problem Solver,Medium,64.19,3,2.0,2,0.0,Medium
300,2,Story & Conversation,Medium,64.84,5,5.39,3,0.65,Medium
300,3,Everyday Problem Solver,Medium,51.44,3,3.8,3,-13.4,Medium
300,4,Story & Conversation,Medium,70.24,6,3.8,2,18.8,Medium
300,5,Story & Conversation,Easy,64.76,6,5.85,4,-5.48,Medium
301,1,Everyday Problem Solver,Medium,59.45,5,5.28,3,0.0,Medium
301,2,Story & Conversation,Hard,48.42,4,7.23,4,-11.03,Medium
301,3,My Life Memories,Easy,84.45,5,4.96,1,36.03,Medium
301,4,Behaviour & Emotional Response,Medium,71.75,4,7.04,1,-12.7,Medium
301,5,Story & Conversation,Hard,59.08,6,4.41,4,-12.67,Medium
302,1,My Life Memories,Easy,89.26,5,3.07,1,0.0,Hard
302,2,My Life Memories,Hard,54.07,3,6.37,3,-35.19,Hard
302,3,My Life Memories,Medium,69.42,6,3.77,2,15.35,Hard
302,4,My Life Memories,Easy,87.97,4,7.08,1,18.55,Hard
302,5,My Life Memories,Easy,83.92,5,3.24,1,-4.05,Hard
303,1,Memory Match & Recall,Easy,48.31,4,5.94,4,0.0,Easy
303,2,My Life Memories,Hard,29.12,1,6.06,4,-19.19,Easy
303,3,My Life Memories,Medium,36.23,3,3.9,5,7.11,Easy
303,4,Story & Conversation,Medium,46.27,4,6.23,4,10.04,Easy
303,5,Story & Conversation,Easy,43.49,2,6.56,3,-2.78,Easy
304,1,Story & Conversation,Hard,65.01,4,4.17,2,0.0,Hard
304,2,Behaviour & Emotional Response,Medium,61.92,4,4.83,2,-3.09,Hard
304,3,Story & Conversation,Medium,74.63,7,7.06,3,12.71,Hard
304,4,My Life Memories,Hard,65.35,7,5.49,3,-9.28,Hard
304,5,Behaviour & Emotional Response,Easy,78.45,5,5.85,1,13.1,Hard
305,1,Everyday Problem Solver,Medium,55.3,4,4.72,4,0.0,Easy
305,2,My Life Memories,Medium,56.57,6,5.86,4,1.27,Easy
305,3,Memory Match & Recall,Easy,57.71,5,3.92,3,1.14,Easy
305,4,Everyday Problem Solver,Easy,57.98,5,5.05,3,0.27,Easy
305,5,Story & Conversation,Medium,51.99,5,4.37,5,-5.99,Easy
306,1,Story & Conversation,Hard,45.99,4,3.38,4,0.0,Medium
306,2,Behaviour & Emotional Response,Medium,61.76,6,3.83,4,15.77,Medium
306,3,My Life Memories,Easy,63.6,3,2.47,2,1.84,Medium
306,4,Everyday Problem Solver,Medium,51.25,4,3.46,4,-12.35,Medium
306,5,Memory Match & Recall,Easy,69.26,7,6.79,3,18.01,Medium
307,1,Memory Match & Recall,Easy,63.18,6,4.98,4,0.0,Easy
307,2,Behaviour & Emotional Response,Easy,64.4,6,4.39,4,1.22,Easy
307,3,Behaviour & Emotional Response,Medium,47.94,2,6.86,3,-16.46,Easy
307,4,Memory Match & Recall,Easy,77.45,5,2.36,1,29.51,Easy
307,5,Memory Match & Recall,Medium,51.97,5,4.75,5,-25.48,Easy
308,1,Story & Conversation,Easy,58.57,5,3.66,3,0.0,Easy
308,2,My Life Memories,Medium,60.02,4,6.45,2,1.45,Easy
308,3,Behaviour & Emotional Response,Hard,37.81,2,7.23,3,-22.21,Easy
308,4,Memory Match & Recall,Medium,56.67,5,4.37,3,18.86,Easy
308,5,My Life Memories,Medium,46.63,4,5.22,4,-10.04,Easy
309,1,Behaviour & Emotional Response,Medium,73.76,4,3.02,2,0.0,Hard
309,2,Behaviour & Emotional Response,Medium,69.61,7,4.85,3,-4.15,Hard
309,3,Behaviour & Emotional Response,Medium,75.47,6,7.26,2,5.86,Hard
309,4,Story & Conversation,Medium,69.11,4,5.55,2,-6.36,Hard
309,5,Memory Match & Recall,Medium,87.86,7,7.52,1,18.75,Hard
310,1,My Life Memories,Easy,66.88,5,5.15,3,0.0,Medium
310,2,Memory Match & Recall,Easy,66.61,4,4.35,2,-0.27,Medium
310,3,Story & Conversation,Easy,69.55,3,1.5,2,2.94,Medium
310,4,My Life Memories,Hard,50.53,5,6.05,5,-19.02,Medium
310,5,Story & Conversation,Easy,68.6,7,6.91,3,18.07,Medium
311,1,Story & Conversation,Medium,47.46,2,7.51,3,0.0,Medium
311,2,Behaviour & Emotional Response,Medium,46.38,5,4.47,5,-1.08,Medium
311,3,Behaviour & Emotional Response,Medium,51.99,3,6.09,3,5.61,Medium
311,4,Everyday Problem Solver,Medium,55.62,6,3.5,4,3.63,Medium
311,5,My Life Memories,Easy,62.68,3,3.77,2,7.06,Medium
312,1,My Life Memories,Medium,61.4,5,5.51,3,0.0,Medium
312,2,Story & Conversation,Medium,49.69,4,6.38,4,-11.71,Medium
312,3,My Life Memories,Easy,73.36,4,6.07,1,23.67,Medium
312,4,Everyday Problem Solver,Easy,76.01,4,5.71,1,2.65,Medium
312,5,My Life Memories,Medium,67.64,5,6.57,3,-8.37,Medium
313,1,Behaviour & Emotional Response,Medium,67.25,5,7.69,3,0.0,Hard
313,2,Memory Match & Recall,Easy,84.67,4,5.01,1,17.42,Hard
313,3,Everyday Problem Solver,Hard,51.18,4,4.34,4,-33.49,Hard
313,4,Story & Conversation,Easy,84.09,8,4.5,2,32.91,Hard
313,5,Memory Match & Recall,Easy,80.15,5,4.53,1,-3.94,Hard
314,1,Memory Match & Recall,Medium,88.0,7,3.43,1,0.0,Hard
314,2,My Life Memories,Easy,94.66,9,3.28,1,6.66,Hard
314,3,Story & Conversation,Medium,84.5,4,4.33,1,-10.16,Hard
314,4,Story & Conversation,Easy,95.46,6,2.73,0,10.96,Hard
314,5,Memory Match & Recall,Easy,98.0,10,3.54,0,2.54,Hard
315,1,Memory Match & Recall,Medium,32.32,2,6.55,4,0.0,Easy
315,2,Everyday Problem Solver,Hard,15.0,1,6.2,7,-17.32,Easy
315,3,My Life Memories,Hard,15.0,1,8.21,4,0.0,Easy
315,4,Everyday Problem Solver,Medium,35.88,4,5.4,6,20.88,Easy
315,5,Everyday Problem Solver,Medium,32.14,2,5.45,3,-3.74,Easy
316,1,Everyday Problem Solver,Medium,37.48,2,5.36,3,0.0,Easy
316,2,Behaviour & Emotional Response,Medium,38.72,2,4.93,4,1.24,Easy
316,3,My Life Memories,Medium,42.4,3,5.06,5,3.68,Easy
316,4,Story & Conversation,Easy,54.76,3,3.29,2,12.36,Easy
316,5,Behaviour & Emotional Response,Medium,41.65,3,3.63,5,-13.11,Easy
317,1,My Life Memories,Medium,62.03,4,6.39,2,0.0,Hard
317,2,Story & Conversation,Hard,72.49,4,5.36,2,10.46,Hard
317,3,Memory Match & Recall,Easy,72.05,7,3.99,3,-0.44,Hard
317,4,Story & Conversation,Easy,88.78,7,3.08,1,16.73,Hard
317,5,Behaviour & Emotional Response,Easy,87.58,5,6.14,1,-1.2,Hard
318,1,Memory Match & Recall,Hard,52.43,5,3.96,5,0.0,Hard
318,2,Behaviour & Emotional Response,Easy,79.51,4,4.11,1,27.08,Hard
318,3,Everyday Problem Solver,Easy,85.95,4,3.67,1,6.44,Hard
318,4,Behaviour & Emotional Response,Easy,87.54,4,6.62,1,1.59,Hard
318,5,Memory Match & Recall,Medium,80.87,5,4.8,1,-6.67,Hard
319,1,Behaviour & Emotional Response,Medium,55.11,3,6.48,3,0.0,Easy
319,2,My Life Memories,Easy,64.99,5,4.53,3,9.88,Easy
319,3,My Life Memories,Medium,60.56,3,4.41,2,-4.43,Easy
319,4,My Life Memories,Medium,53.52,3,5.46,3,-7.04,Easy
319,5,Story & Conversation,Hard,50.89,5,6.49,5,-2.63,Easy
320,1,My Life Memories,Medium,59.32,6,3.97,4,0.0,Medium
320,2,Everyday Problem Solver,Medium,63.77,5,2.89,3,4.45,Medium
320,3,Story & Conversation,Medium,57.6,5,5.61,3,-6.17,Medium
320,4,Behaviour & Emotional Response,Hard,39.72,2,6.49,4,-17.88,Medium
320,5,Memory Match & Recall,Medium,65.67,7,2.31,3,25.95,Medium
321,1,Story & Conversation,Hard,40.58,3,4.82,5,0.0,Medium
321,2,My Life Memories,Easy,88.82,9,3.59,1,48.24,Medium
321,3,Everyday Problem Solver,Hard,51.5,4,5.65,4,-37.32,Medium
321,4,Behaviour & Emotional Response,Easy,94.45,5,2.05,0,42.95,Medium
321,5,Behaviour & Emotional Response,Hard,55.23,3,7.66,3,-39.22,Medium
322,1,Behaviour & Emotional Response,Medium,87.24,5,3.32,1,0.0,Hard
322,2,Behaviour & Emotional Response,Easy,98.0,10,6.13,0,10.76,Hard
322,3,Story & Conversation,Easy,98.0,5,3.24,0,0.0,Hard
322,4,Memory Match & Recall,Hard,80.07,5,5.47,1,-17.93,Hard
322,5,Everyday Problem Solver,Hard,83.85,5,7.37,1,3.78,Hard
323,1,Memory Match & Recall,Medium,66.73,3,6.62,2,0.0,Medium
323,2,Memory Match & Recall,Medium,76.57,8,5.71,2,9.84,Medium
323,3,My Life Memories,Medium,84.99,7,3.49,1,8.42,Medium
323,4,Memory Match & Recall,Medium,77.48,4,4.24,1,-7.51,Medium
323,5,Memory Match & Recall,Hard,57.78,3,6.25,3,-19.7,Medium
324,1,My Life Memories,Hard,71.96,4,5.69,1,0.0,Hard
324,2,My Life Memories,Hard,88.34,4,5.74,1,16.38,Hard
324,3,Story & Conversation,Medium,97.32,10,3.16,0,8.98,Hard
324,4,Story & Conversation,Medium,98.0,5,3.81,0,0.68,Hard
324,5,Behaviour & Emotional Response,Easy,97.86,5,5.65,0,-0.14,Hard
325,1,Memory Match & Recall,Hard,62.69,3,6.07,2,0.0,Hard
325,2,Everyday Problem Solver,Hard,70.32,4,6.01,1,7.63,Hard
325,3,Memory Match & Recall,Medium,82.8,8,4.48,2,12.48,Hard
325,4,Everyday Problem Solver,Easy,96.75,6,4.61,0,13.95,Hard
325,5,Behaviour & Emotional Response,Medium,81.54,5,3.32,1,-15.21,Hard
326,1,Behaviour & Emotional Response,Medium,59.31,6,4.26,4,0.0,Medium
326,2,Memory Match & Recall,Medium,60.91,5,3.73,3,1.6,Medium
326,3,My Life Memories,Medium,80.05,8,6.46,2,19.14,Medium
326,4,Memory Match & Recall,Easy,90.33,5,2.81,1,10.28,Medium
326,5,Behaviour & Emotional Response,Medium,70.73,6,3.38,2,-19.6,Medium
327,1,Everyday Problem Solver,Medium,44.06,4,6.64,6,0.0,Medium
327,2,Story & Conversation,Hard,36.69,3,7.29,5,-7.37,Medium
327,3,Story & Conversation,Medium,56.19,6,7.81,4,19.5,Medium
327,4,Story & Conversation,Medium,45.19,3,6.65,3,-11.0,Medium
327,5,My Life Memories,Medium,62.44,5,3.83,3,17.25,Medium
328,1,Story & Conversation,Hard,65.12,7,5.51,3,0.0,Medium
328,2,My Life Memories,Easy,81.66,4,3.48,1,16.54,Medium
328,3,Story & Conversation,Medium,90.41,5,4.78,1,8.75,Medium
328,4,Story & Conversation,Easy,94.3,6,3.3,0,3.89,Medium
328,5,Everyday Problem Solver,Hard,64.43,3,7.08,2,-29.87,Medium
329,1,Story & Conversation,Hard,25.27,2,6.14,4,0.0,Medium
329,2,Memory Match & Recall,Easy,51.92,4,4.37,4,26.65,Medium
329,3,Everyday Problem Solver,Easy,55.13,4,5.39,4,3.21,Medium
329,4,Behaviour & Emotional Response,Easy,58.66,5,3.35,3,3.53,Medium
329,5,Story & Conversation,Easy,54.05,5,6.0,5,-4.61,Medium
330,1,Behaviour & Emotional Response,Hard,53.18,3,6.3,2,0.0,Medium
330,2,Story & Conversation,Medium,63.05,4,5.05,2,9.87,Medium
330,3,My Life Memories,Hard,75.81,4,4.56,1,12.76,Medium
330,4,Behaviour & Emotional Response,Medium,72.91,4,5.83,1,-2.9,Medium
330,5,Behaviour & Emotional Response,Medium,70.16,4,4.18,1,-2.75,Medium
331,1,Story & Conversation,Easy,75.14,8,4.12,2,0.0,Hard
331,2,My Life Memories,Hard,62.91,3,6.3,2,-12.23,Hard
331,3,Everyday Problem Solver,Medium,73.55,4,4.5,1,10.64,Hard
331,4,My Life Memories,Easy,85.67,4,4.17,1,12.12,Hard
331,5,Story & Conversation,Medium,77.69,5,4.28,1,-7.98,Hard
332,1,Story & Conversation,Medium,51.32,3,5.05,3,0.0,Hard
332,2,Everyday Problem Solver,Easy,63.9,6,3.15,4,12.58,Hard
332,3,My Life Memories,Medium,61.81,3,5.26,2,-2.09,Hard
332,4,Everyday Problem Solver,Medium,66.46,7,4.45,3,4.65,Hard
332,5,Everyday Problem Solver,Easy,75.71,4,5.06,1,9.25,Hard
333,1,My Life Memories,Medium,61.72,3,5.19,2,0.0,Medium
333,2,Behaviour & Emotional Response,Medium,70.36,4,4.95,1,8.64,Medium
333,3,My Life Memories,Medium,57.15,3,5.24,3,-13.21,Medium
333,4,Everyday Problem Solver,Medium,84.45,5,4.39,1,27.3,Medium
333,5,My Life Memories,Medium,68.3,4,5.4,2,-16.15,Medium
334,1,Behaviour & Emotional Response,Medium,71.84,4,3.42,2,0.0,Medium
334,2,Everyday Problem Solver,Easy,80.57,8,5.06,2,8.73,Medium
334,3,Story & Conversation,Medium,66.83,3,5.37,2,-13.74,Medium
334,4,Memory Match & Recall,Medium,75.36,8,5.94,2,8.53,Medium
334,5,Story & Conversation,Easy,73.83,6,5.39,2,-1.53,Medium
335,1,Story & Conversation,Medium,59.47,3,5.11,2,0.0,Hard
335,2,Story & Conversation,Easy,69.63,6,5.87,2,10.16,Hard
335,3,Behaviour & Emotional Response,Hard,49.53,5,4.56,5,-20.1,Hard
335,4,Behaviour & Emotional Response,Easy,71.17,4,4.65,1,21.64,Hard
335,5,Everyday Problem Solver,Easy,82.4,7,5.06,1,11.23,Hard
336,1,Everyday Problem Solver,Medium,62.15,3,5.32,2,0.0,Medium
336,2,Memory Match & Recall,Medium,56.39,3,4.87,3,-5.76,Medium
336,3,Behaviour & Emotional Response,Hard,41.44,3,6.98,5,-14.95,Medium
336,4,Memory Match & Recall,Easy,69.05,3,5.72,2,27.61,Medium
336,5,Story & Conversation,Medium,58.48,3,4.65,2,-10.57,Medium
337,1,Story & Conversation,Easy,63.42,4,5.61,2,0.0,Medium
337,2,Everyday Problem Solver,Medium,51.59,4,6.37,4,-11.83,Medium
337,3,Behaviour & Emotional Response,Medium,63.14,4,3.9,2,11.55,Medium
337,4,Memory Match & Recall,Medium,50.9,3,4.92,2,-12.24,Medium
337,5,Story & Conversation,Easy,69.27,6,3.82,2,18.37,Medium
338,1,Everyday Problem Solver,Medium,82.83,7,4.88,1,0.0,Hard
338,2,Memory Match & Recall,Medium,73.17,4,3.34,1,-9.66,Hard
338,3,Memory Match & Recall,Medium,84.97,7,2.26,1,11.8,Hard
338,4,Story & Conversation,Hard,78.86,4,5.48,1,-6.11,Hard
338,5,Story & Conversation,Hard,93.74,9,8.32,1,14.88,Hard
339,1,Everyday Problem Solver,Hard,44.64,2,7.14,3,0.0,Hard
339,2,Story & Conversation,Medium,69.0,3,2.98,2,24.36,Hard
339,3,Everyday Problem Solver,Easy,59.56,6,3.78,4,-9.44,Hard
339,4,Behaviour & Emotional Response,Hard,53.27,3,6.47,2,-6.29,Hard
339,5,Memory Match & Recall,Easy,79.7,6,2.92,2,26.43,Hard
340,1,Story & Conversation,Medium,30.41,2,4.26,4,0.0,Easy
340,2,Memory Match & Recall,Easy,24.65,2,4.98,6,-5.76,Easy
340,3,Story & Conversation,Medium,33.02,2,5.09,4,8.37,Easy
340,4,Behaviour & Emotional Response,Easy,37.01,2,4.51,3,3.99,Easy
340,5,Story & Conversation,Hard,17.03,1,4.55,4,-19.98,Easy
341,1,Behaviour & Emotional Response,Hard,40.41,2,6.36,4,0.0,Medium
341,2,Everyday Problem Solver,Easy,61.79,6,3.31,4,21.38,Medium
341,3,Everyday Problem Solver,Easy,61.19,6,1.9,4,-0.6,Medium
341,4,Behaviour & Emotional Response,Hard,42.85,3,7.67,3,-18.34,Medium
341,5,My Life Memories,Easy,56.43,3,3.85,3,13.58,Medium
342,1,My Life Memories,Hard,60.45,5,5.28,3,0.0,Medium
342,2,My Life Memories,Medium,62.28,4,2.64,2,1.83,Medium
342,3,Everyday Problem Solver,Medium,68.56,4,7.4,2,6.28,Medium
342,4,Everyday Problem Solver,Easy,81.1,5,4.32,1,12.54,Medium
342,5,My Life Memories,Hard,60.87,4,5.8,2,-20.23,Medium
343,1,Behaviour & Emotional Response,Hard,40.74,3,6.24,5,0.0,Medium
343,2,Memory Match & Recall,Medium,49.41,2,3.93,3,8.67,Medium
343,3,Everyday Problem Solver,Easy,68.63,4,5.25,2,19.22,Medium
343,4,Memory Match & Recall,Medium,48.99,5,6.31,5,-19.64,Medium
343,5,My Life Memories,Easy,60.82,5,3.58,3,11.83,Medium
344,1,Everyday Problem Solver,Medium,37.98,2,5.76,3,0.0,Medium
344,2,Everyday Problem Solver,Easy,49.12,4,3.13,4,11.14,Medium
344,3,Behaviour & Emotional Response,Medium,39.15,2,5.08,4,-9.97,Medium
344,4,Behaviour & Emotional Response,Easy,62.2,3,4.11,2,23.05,Medium
344,5,Story & Conversation,Easy,58.35,6,3.13,4,-3.85,Medium
345,1,Everyday Problem Solver,Medium,63.66,6,5.37,4,0.0,Medium
345,2,Story & Conversation,Easy,73.15,7,4.63,3,9.49,Medium
345,3,My Life Memories,Medium,77.79,5,5.58,1,4.64,Medium
345,4,Everyday Problem Solver,Easy,78.99,8,4.68,2,1.2,Medium
345,5,Memory Match & Recall,Hard,59.52,6,5.83,4,-19.47,Medium
346,1,Everyday Problem Solver,Medium,54.13,3,5.32,3,0.0,Medium
346,2,Everyday Problem Solver,Easy,60.66,6,3.3,4,6.53,Medium
346,3,Behaviour & Emotional Response,Medium,49.78,4,3.18,4,-10.88,Medium
346,4,My Life Memories,Hard,40.31,4,6.17,6,-9.47,Medium
346,5,My Life Memories,Medium,55.76,6,5.67,4,15.45,Medium
347,1,Story & Conversation,Medium,48.71,2,5.9,3,0.0,Medium
347,2,Behaviour & Emotional Response,Easy,76.89,8,3.19,2,28.18,Medium
347,3,Memory Match & Recall,Hard,54.04,3,4.84,3,-22.85,Medium
347,4,Behaviour & Emotional Response,Medium,65.61,3,3.46,2,11.57,Medium
347,5,Behaviour & Emotional Response,Medium,55.76,3,4.59,2,-9.85,Medium
348,1,Everyday Problem Solver,Easy,65.76,7,3.05,3,0.0,Easy
348,2,Story & Conversation,Medium,57.24,5,5.37,3,-8.52,Easy
348,3,My Life Memories,Easy,70.87,6,4.65,2,13.63,Easy
348,4,Behaviour & Emotional Response,Hard,46.62,3,7.33,3,-24.25,Easy
348,5,My Life Memories,Hard,45.09,5,6.52,5,-1.53,Easy
349,1,Memory Match & Recall,Medium,80.61,4,4.61,1,0.0,Hard
349,2,Everyday Problem Solver,Medium,76.06,5,6.13,1,-4.55,Hard
349,3,My Life Memories,Medium,72.19,7,3.76,3,-3.87,Hard
349,4,Memory Match & Recall,Easy,89.84,5,5.77,1,17.65,Hard
349,5,My Life Memories,Easy,96.01,8,3.07,0,6.17,Hard
350,1,Everyday Problem Solver,Medium,51.66,3,4.23,2,0.0,Medium
350,2,Memory Match & Recall,Easy,72.72,7,2.77,3,21.06,Medium
350,3,Story & Conversation,Easy,78.0,8,5.37,2,5.28,Medium
350,4,Behaviour & Emotional Response,Medium,66.39,4,4.41,2,-11.61,Medium
350,5,My Life Memories,Medium,60.45,3,3.3,2,-5.94,Medium
351,1,Everyday Problem Solver,Hard,43.09,3,7.51,3,0.0,Easy
351,2,Everyday Problem Solver,Hard,34.99,2,5.58,4,-8.1,Easy
351,3,Memory Match & Recall,Medium,54.22,4,3.39,4,19.23,Easy
351,4,My Life Memories,Easy,70.18,4,3.57,2,15.96,Easy
351,5,Memory Match & Recall,Hard,44.96,3,5.4,3,-25.22,Easy
352,1,Memory Match & Recall,Medium,48.12,4,4.86,4,0.0,Easy
352,2,Memory Match & Recall,Medium,47.43,5,4.25,5,-0.69,Easy
352,3,Behaviour & Emotional Response,Hard,41.08,4,7.96,6,-6.35,Easy
352,4,Everyday Problem Solver,Easy,63.5,6,5.69,4,22.42,Easy
352,5,My Life Memories,Medium,45.82,2,5.32,3,-17.68,Easy
353,1,Behaviour & Emotional Response,Medium,34.68,2,4.34,4,0.0,Easy
353,2,Behaviour & Emotional Response,Easy,62.19,4,5.64,2,27.51,Easy
353,3,Memory Match & Recall,Easy,58.0,3,2.7,2,-4.19,Easy
353,4,Story & Conversation,Easy,56.86,3,4.91,2,-1.14,Easy
353,5,Behaviour & Emotional Response,Hard,38.59,3,3.78,5,-18.27,Easy
354,1,Story & Conversation,Hard,34.26,2,6.67,3,0.0,Medium
354,2,Memory Match & Recall,Medium,34.97,2,5.03,4,0.71,Medium
354,3,Everyday Problem Solver,Medium,50.5,3,6.12,3,15.53,Medium
354,4,My Life Memories,Medium,55.3,4,5.76,4,4.8,Medium
354,5,Memory Match & Recall,Easy,57.85,5,2.25,3,2.55,Medium
355,1,Story & Conversation,Medium,60.11,6,6.69,4,0.0,Medium
355,2,Memory Match & Recall,Medium,59.87,3,5.54,2,-0.24,Medium
355,3,Story & Conversation,Medium,59.38,3,4.36,2,-0.49,Medium
355,4,Story & Conversation,Easy,67.82,7,6.46,3,8.44,Medium
355,5,Behaviour & Emotional Response,Easy,64.45,4,6.42,2,-3.37,Medium
356,1,Behaviour & Emotional Response,Easy,73.12,4,2.73,1,0.0,Easy
356,2,My Life Memories,Medium,60.19,5,4.13,3,-12.93,Easy
356,3,My Life Memories,Medium,49.68,4,5.36,4,-10.51,Easy
356,4,Story & Conversation,Medium,65.73,5,3.96,3,16.05,Easy
356,5,Everyday Problem Solver,Medium,52.18,5,4.97,5,-13.55,Easy
357,1,Behaviour & Emotional Response,Medium,61.98,6,6.14,4,0.0,Medium
357,2,My Life Memories,Hard,47.83,3,8.14,3,-14.15,Medium
357,3,Story & Conversation,Hard,51.03,3,5.48,2,3.2,Medium
357,4,Memory Match & Recall,Easy,63.52,3,4.18,2,12.49,Medium
357,5,Everyday Problem Solver,Medium,62.67,6,6.15,4,-0.85,Medium
358,1,My Life Memories,Easy,69.86,6,4.65,2,0.0,Hard
358,2,Behaviour & Emotional Response,Hard,60.47,4,7.65,2,-9.39,Hard
358,3,Memory Match & Recall,Medium,75.26,6,5.81,2,14.79,Hard
358,4,Story & Conversation,Medium,71.8,6,5.39,2,-3.46,Hard
358,5,Story & Conversation,Medium,80.43,6,3.26,2,8.63,Hard
359,1,Memory Match & Recall,Easy,60.12,5,4.97,3,0.0,Medium
359,2,Story & Conversation,Medium,63.64,3,4.27,2,3.52,Medium
359,3,Everyday Problem Solver,Easy,53.42,4,4.08,4,-10.22,Medium
359,4,My Life Memories,Hard,52.74,3,6.52,2,-0.68,Medium
359,5,Everyday Problem Solver,Medium,63.33,6,4.66,4,10.59,Medium
360,1,Behaviour & Emotional Response,Hard,31.91,3,5.04,7,0.0,Medium
360,2,My Life Memories,Hard,43.42,2,6.64,3,11.51,Medium
360,3,Behaviour & Emotional Response,Easy,50.33,4,3.86,4,6.91,Medium
360,4,Behaviour & Emotional Response,Medium,44.76,3,4.85,3,-5.57,Medium
360,5,Behaviour & Emotional Response,Medium,53.52,4,5.3,4,8.76,Medium
361,1,Memory Match & Recall,Hard,48.37,4,5.97,4,0.0,Medium
361,2,Memory Match & Recall,Easy,65.14,7,3.75,3,16.77,Medium
361,3,Behaviour & Emotional Response,Hard,42.2,4,6.34,6,-22.94,Medium
361,4,Everyday Problem Solver,Medium,42.19,3,7.58,5,-0.01,Medium
361,5,Story & Conversation,Medium,62.77,5,4.52,3,20.58,Medium
362,1,My Life Memories,Easy,55.55,3,4.66,3,0.0,Easy
362,2,Story & Conversation,Medium,47.1,4,5.35,4,-8.45,Easy
362,3,Everyday Problem Solver,Medium,49.5,3,6.84,3,2.4,Easy
362,4,Memory Match & Recall,Medium,51.37,3,3.83,2,1.87,Easy
362,5,Everyday Problem Solver,Hard,45.64,5,7.9,5,-5.73,Easy
363,1,Behaviour & Emotional Response,Easy,98.0,10,4.51,0,0.0,Hard
363,2,Behaviour & Emotional Response,Easy,94.01,8,4.91,0,-3.99,Hard
363,3,My Life Memories,Medium,94.71,8,7.05,0,0.7,Hard
363,4,Story & Conversation,Easy,98.0,5,2.19,0,3.29,Hard
363,5,Behaviour & Emotional Response,Medium,98.0,6,2.35,0,0.0,Hard
364,1,Everyday Problem Solver,Medium,58.88,6,5.06,4,0.0,Medium
364,2,My Life Memories,Medium,60.3,3,4.63,2,1.42,Medium
364,3,Memory Match & Recall,Easy,94.13,5,4.68,0,33.83,Medium
364,4,Behaviour & Emotional Response,Hard,58.59,5,5.79,3,-35.54,Medium
364,5,My Life Memories,Hard,65.37,3,6.34,2,6.78,Medium
365,1,Behaviour & Emotional Response,Medium,43.05,3,1.91,5,0.0,Easy
365,2,Memory Match & Recall,Medium,37.22,3,4.62,5,-5.83,Easy
365,3,Everyday Problem Solver,Easy,56.3,3,4.58,3,19.08,Easy
365,4,Story & Conversation,Easy,45.56,4,3.45,4,-10.74,Easy
365,5,My Life Memories,Medium,46.69,4,5.03,4,1.13,Easy
366,1,Everyday Problem Solver,Easy,58.43,3,5.37,2,0.0,Medium
366,2,Memory Match & Recall,Hard,37.71,2,5.89,3,-20.72,Medium
366,3,Everyday Problem Solver,Medium,67.33,5,3.25,3,29.62,Medium
366,4,Story & Conversation,Easy,54.7,4,5.5,4,-12.63,Medium
366,5,Behaviour & Emotional Response,Easy,63.24,3,4.11,2,8.54,Medium
367,1,Story & Conversation,Medium,46.72,4,7.04,4,0.0,Medium
367,2,Behaviour & Emotional Response,Medium,54.6,3,6.1,3,7.88,Medium
367,3,Memory Match & Recall,Medium,42.79,2,3.78,3,-11.81,Medium
367,4,Memory Match & Recall,Medium,35.75,2,4.24,3,-7.04,Medium
367,5,My Life Memories,Medium,60.02,6,5.64,4,24.27,Medium
368,1,Behaviour & Emotional Response,Medium,56.54,5,4.22,3,0.0,Medium
368,2,Everyday Problem Solver,Medium,59.41,3,5.94,2,2.87,Medium
368,3,My Life Memories,Medium,49.98,2,5.46,3,-9.43,Medium
368,4,My Life Memories,Easy,76.77,6,3.89,2,26.79,Medium
368,5,My Life Memories,Medium,66.88,4,8.34,2,-9.89,Medium
369,1,Everyday Problem Solver,Hard,48.79,4,5.02,4,0.0,Medium
369,2,Story & Conversation,Medium,61.02,5,5.56,3,12.23,Medium
369,3,Story & Conversation,Medium,62.6,3,3.78,2,1.58,Medium
369,4,Memory Match & Recall,Medium,64.17,5,6.74,3,1.57,Medium
369,5,My Life Memories,Medium,67.13,4,6.12,2,2.96,Medium
370,1,Story & Conversation,Medium,60.94,4,5.35,2,0.0,Medium
370,2,Behaviour & Emotional Response,Easy,62.24,3,4.88,2,1.3,Medium
370,3,Story & Conversation,Medium,53.49,3,4.31,2,-8.75,Medium
370,4,Story & Conversation,Medium,62.08,6,5.36,4,8.59,Medium
370,5,Behaviour & Emotional Response,Medium,55.31,3,6.32,3,-6.77,Medium
371,1,Behaviour & Emotional Response,Easy,74.35,7,2.56,3,0.0,Medium
371,2,My Life Memories,Easy,79.21,5,3.83,1,4.86,Medium
371,3,Behaviour & Emotional Response,Medium,72.26,7,4.49,3,-6.95,Medium
371,4,Behaviour & Emotional Response,Medium,61.04,4,4.55,2,-11.22,Medium
371,5,Everyday Problem Solver,Medium,72.75,4,5.68,1,11.71,Medium
372,1,Behaviour & Emotional Response,Hard,47.6,2,3.63,3,0.0,Easy
372,2,Behaviour & Emotional Response,Medium,58.89,5,4.76,3,11.29,Easy
372,3,Behaviour & Emotional Response,Easy,67.68,7,4.55,3,8.79,Easy
372,4,Everyday Problem Solver,Easy,70.86,7,3.97,3,3.18,Easy
372,5,Memory Match & Recall,Medium,48.94,5,6.81,5,-21.92,Easy
373,1,Story & Conversation,Medium,59.63,3,6.5,2,0.0,Medium
373,2,Memory Match & Recall,Easy,63.61,4,5.21,2,3.98,Medium
373,3,Behaviour & Emotional Response,Hard,45.76,2,5.78,3,-17.85,Medium
373,4,Everyday Problem Solver,Medium,63.23,6,3.19,4,17.47,Medium
373,5,Behaviour & Emotional Response,Easy,69.62,7,6.06,3,6.39,Medium
374,1,Everyday Problem Solver,Easy,82.92,7,4.63,1,0.0,Medium
374,2,Story & Conversation,Medium,73.03,6,6.54,2,-9.89,Medium
374,3,My Life Memories,Medium,75.09,6,5.18,2,2.06,Medium
374,4,Memory Match & Recall,Medium,84.67,8,3.89,2,9.58,Medium
374,5,Everyday Problem Solver,Hard,76.65,4,3.85,1,-8.02,Medium
375,1,Story & Conversation,Hard,70.21,4,5.45,1,0.0,Hard
375,2,Memory Match & Recall,Medium,74.6,6,4.36,2,4.39,Hard
375,3,Memory Match & Recall,Hard,69.21,3,5.02,2,-5.39,Hard
375,4,Everyday Problem Solver,Medium,88.12,9,5.94,1,18.91,Hard
375,5,Story & Conversation,Medium,91.69,9,5.14,1,3.57,Hard
376,1,My Life Memories,Medium,38.28,2,7.35,4,0.0,Medium
376,2,Everyday Problem Solver,Medium,40.66,2,7.16,4,2.38,Medium
376,3,Behaviour & Emotional Response,Medium,45.11,4,5.14,4,4.45,Medium
376,4,My Life Memories,Easy,64.49,4,6.01,2,19.38,Medium
376,5,Everyday Problem Solver,Easy,58.9,3,4.06,2,-5.59,Medium
377,1,Everyday Problem Solver,Medium,61.19,6,6.08,4,0.0,Medium
377,2,My Life Memories,Hard,48.69,3,6.65,3,-12.5,Medium
377,3,Memory Match & Recall,Easy,81.99,8,4.8,2,33.3,Medium
377,4,My Life Memories,Hard,53.53,5,4.05,5,-28.46,Medium
377,5,Behaviour & Emotional Response,Easy,59.38,6,4.99,4,5.85,Medium
378,1,Behaviour & Emotional Response,Hard,43.49,4,6.24,6,0.0,Medium
378,2,Story & Conversation,Easy,69.72,7,5.8,3,26.23,Medium
378,3,Behaviour & Emotional Response,Easy,72.09,7,3.53,3,2.37,Medium
378,4,Everyday Problem Solver,Medium,69.02,6,4.69,2,-3.07,Medium
378,5,My Life Memories,Hard,55.74,4,5.28,4,-13.28,Medium
379,1,Memory Match & Recall,Hard,38.76,4,6.01,6,0.0,Medium
379,2,Story & Conversation,Easy,64.63,6,4.16,4,25.87,Medium
379,3,Memory Match & Recall,Easy,52.23,4,4.06,4,-12.4,Medium
379,4,My Life Memories,Medium,59.52,3,4.67,2,7.29,Medium
379,5,Everyday Problem Solver,Medium,54.77,3,6.25,2,-4.75,Medium
380,1,Behaviour & Emotional Response,Medium,40.06,3,4.99,5,0.0,Medium
380,2,Behaviour & Emotional Response,Easy,57.92,5,3.38,3,17.86,Medium
380,3,Behaviour & Emotional Response,Medium,51.27,5,5.68,5,-6.65,Medium
380,4,My Life Memories,Medium,53.76,5,5.44,5,2.49,Medium
380,5,Behaviour & Emotional Response,Medium,66.2,7,4.56,3,12.44,Medium
381,1,Story & Conversation,Hard,49.12,4,4.89,4,0.0,Medium
381,2,Story & Conversation,Easy,72.17,6,3.85,2,23.05,Medium
381,3,Behaviour & Emotional Response,Easy,79.33,8,7.18,2,7.16,Medium
381,4,Behaviour & Emotional Response,Easy,74.38,4,3.91,1,-4.95,Medium
381,5,Story & Conversation,Hard,57.8,3,6.31,2,-16.58,Medium
382,1,Story & Conversation,Medium,71.66,4,2.02,2,0.0,Medium
382,2,Behaviour & Emotional Response,Easy,61.13,5,3.92,3,-10.53,Medium
382,3,Story & Conversation,Easy,83.54,7,2.45,1,22.41,Medium
382,4,Story & Conversation,Hard,38.41,2,6.68,3,-45.13,Medium
382,5,Memory Match & Recall,Medium,71.42,4,3.62,2,33.01,Medium
383,1,My Life Memories,Medium,39.4,2,5.32,4,0.0,Easy
383,2,Story & Conversation,Medium,42.96,3,5.75,3,3.56,Easy
383,3,My Life Memories,Easy,41.09,2,3.64,3,-1.87,Easy
383,4,Story & Conversation,Hard,30.96,2,5.74,4,-10.13,Easy
383,5,Behaviour & Emotional Response,Hard,35.99,2,6.97,4,5.03,Easy
384,1,My Life Memories,Medium,32.38,3,5.91,7,0.0,Easy
384,2,My Life Memories,Easy,54.75,5,3.98,5,22.37,Easy
384,3,Everyday Problem Solver,Easy,47.06,4,2.46,4,-7.69,Easy
384,4,Memory Match & Recall,Medium,22.26,1,6.34,4,-24.8,Easy
384,5,Memory Match & Recall,Easy,48.08,5,6.03,5,25.82,Easy
385,1,My Life Memories,Easy,52.52,3,6.82,3,0.0,Easy
385,2,My Life Memories,Medium,43.42,4,5.48,6,-9.1,Easy
385,3,My Life Memories,Easy,52.45,5,2.7,5,9.03,Easy
385,4,Memory Match & Recall,Easy,62.03,6,3.77,4,9.58,Easy
385,5,My Life Memories,Medium,48.43,2,3.24,3,-13.6,Easy
386,1,Memory Match & Recall,Hard,38.92,3,5.57,5,0.0,Easy
386,2,My Life Memories,Medium,52.53,4,4.99,4,13.61,Easy
386,3,Story & Conversation,Easy,44.26,2,5.72,3,-8.27,Easy
386,4,Story & Conversation,Medium,43.27,4,5.99,6,-0.99,Easy
386,5,My Life Memories,Medium,48.46,3,3.26,3,5.19,Easy
387,1,Behaviour & Emotional Response,Medium,75.64,6,5.49,2,0.0,Medium
387,2,Everyday Problem Solver,Easy,73.62,4,5.7,1,-2.02,Medium
387,3,Memory Match & Recall,Hard,54.73,3,6.11,2,-18.89,Medium
387,4,My Life Memories,Easy,70.41,4,4.72,1,15.68,Medium
387,5,My Life Memories,Medium,74.68,6,3.9,2,4.27,Medium
388,1,Story & Conversation,Easy,90.82,5,3.21,0,0.0,Hard
388,2,Behaviour & Emotional Response,Easy,98.0,6,3.87,0,7.18,Hard
388,3,Behaviour & Emotional Response,Medium,88.92,4,4.44,1,-9.08,Hard
388,4,Memory Match & Recall,Hard,73.51,4,6.3,2,-15.41,Hard
388,5,My Life Memories,Medium,89.11,5,2.39,1,15.6,Hard
389,1,Memory Match & Recall,Medium,48.76,4,4.95,4,0.0,Medium
389,2,Story & Conversation,Medium,41.54,2,3.54,3,-7.22,Medium
389,3,My Life Memories,Hard,27.7,2,3.65,6,-13.84,Medium
389,4,My Life Memories,Medium,47.07,4,4.41,4,19.37,Medium
389,5,Story & Conversation,Easy,53.38,3,4.49,2,6.31,Medium
390,1,Story & Conversation,Medium,78.02,8,3.06,2,0.0,Hard
390,2,My Life Memories,Easy,83.92,4,5.5,1,5.9,Hard
390,3,Story & Conversation,Hard,51.79,4,6.13,4,-32.13,Hard
390,4,Everyday Problem Solver,Medium,67.21,7,5.19,3,15.42,Hard
390,5,Everyday Problem Solver,Medium,80.51,5,5.58,1,13.3,Hard
391,1,My Life Memories,Easy,75.05,8,2.62,2,0.0,Hard
391,2,Everyday Problem Solver,Medium,67.88,3,6.4,2,-7.17,Hard
391,3,My Life Memories,Medium,61.47,3,3.74,2,-6.41,Hard
391,4,Memory Match & Recall,Easy,82.89,7,3.16,1,21.42,Hard
391,5,My Life Memories,Easy,78.87,8,3.86,2,-4.02,Hard
392,1,Everyday Problem Solver,Medium,33.67,2,6.07,3,0.0,Easy
392,2,Memory Match & Recall,Medium,33.17,3,3.32,5,-0.5,Easy
392,3,Everyday Problem Solver,Medium,38.74,4,6.07,6,5.57,Easy
392,4,Behaviour & Emotional Response,Easy,52.83,5,4.02,5,14.09,Easy
392,5,My Life Memories,Medium,45.78,2,3.04,3,-7.05,Easy
393,1,Behaviour & Emotional Response,Easy,79.72,8,3.87,2,0.0,Medium
393,2,My Life Memories,Easy,84.96,7,2.97,1,5.24,Medium
393,3,Story & Conversation,Medium,77.19,8,5.07,2,-7.77,Medium
393,4,Memory Match & Recall,Medium,69.9,3,4.92,2,-7.29,Medium
393,5,Story & Conversation,Medium,72.78,6,6.38,2,2.88,Medium
394,1,Memory Match & Recall,Hard,27.27,2,7.33,6,0.0,Medium
394,2,Everyday Problem Solver,Easy,51.78,3,5.67,2,24.51,Medium
394,3,My Life Memories,Medium,57.05,5,4.56,3,5.27,Medium
394,4,My Life Memories,Hard,40.44,3,4.59,5,-16.61,Medium
394,5,My Life Memories,Easy,64.38,6,4.72,4,23.94,Medium
395,1,Everyday Problem Solver,Easy,73.22,4,2.42,2,0.0,Hard
395,2,Memory Match & Recall,Medium,71.62,4,2.45,2,-1.6,Hard
395,3,My Life Memories,Medium,68.19,5,6.08,3,-3.43,Hard
395,4,My Life Memories,Medium,72.75,7,7.26,3,4.56,Hard
395,5,Memory Match & Recall,Easy,89.25,4,3.5,1,16.5,Hard
396,1,Story & Conversation,Medium,60.13,3,3.12,2,0.0,Medium
396,2,My Life Memories,Easy,66.27,7,3.8,3,6.14,Medium
396,3,Behaviour & Emotional Response,Easy,61.19,4,4.57,2,-5.08,Medium
396,4,Memory Match & Recall,Easy,73.42,4,2.41,2,12.23,Medium
396,5,My Life Memories,Medium,68.83,7,5.81,3,-4.59,Medium
397,1,Behaviour & Emotional Response,Easy,71.46,4,5.14,2,0.0,Hard
397,2,Memory Match & Recall,Easy,78.99,4,4.74,1,7.53,Hard
397,3,Story & Conversation,Hard,49.46,2,6.24,3,-29.53,Hard
397,4,My Life Memories,Medium,75.08,4,4.18,1,25.62,Hard
397,5,Memory Match & Recall,Easy,91.99,6,3.63,0,16.91,Hard
398,1,Memory Match & Recall,Hard,44.45,4,6.21,6,0.0,Easy
398,2,Story & Conversation,Hard,39.53,4,5.33,6,-4.92,Easy
398,3,Story & Conversation,Easy,66.93,4,4.63,2,27.4,Easy
398,4,Story & Conversation,Hard,58.95,4,6.6,2,-7.98,Easy
398,5,Memory Match & Recall,Medium,52.26,4,7.53,4,-6.69,Easy
399,1,Memory Match & Recall,Easy,69.77,4,4.63,2,0.0,Medium
399,2,My Life Memories,Easy,76.99,6,3.58,2,7.22,Medium
399,3,Behaviour & Emotional Response,Easy,78.62,5,3.64,1,1.63,Medium
399,4,Behaviour & Emotional Response,Easy,76.5,4,3.56,1,-2.12,Medium
399,5,Behaviour & Emotional Response,Medium,61.83,4,5.18,2,-14.67,Medium
400,1,Memory Match & Recall,Hard,59.87,3,6.8,2,0.0,Hard
400,2,Memory Match & Recall,Easy,82.23,4,3.7,1,22.36,Hard
400,3,Behaviour & Emotional Response,Hard,64.82,6,4.15,4,-17.41,Hard
400,4,My Life Memories,Medium,67.88,4,3.8,2,3.06,Hard
400,5,Everyday Problem Solver,Medium,81.26,8,5.98,2,13.38,Hard
401,1,My Life Memories,Easy,83.74,5,3.27,1,0.0,Hard
401,2,Behaviour & Emotional Response,Medium,70.9,4,4.78,2,-12.84,Hard
401,3,My Life Memories,Medium,75.39,4,4.76,1,4.49,Hard
401,4,Story & Conversation,Easy,79.5,4,5.01,1,4.11,Hard
401,5,Behaviour & Emotional Response,Easy,88.57,4,3.49,1,9.07,Hard
402,1,Behaviour & Emotional Response,Hard,40.73,3,2.98,5,0.0,Hard
402,2,Behaviour & Emotional Response,Medium,61.79,6,5.74,4,21.06,Hard
402,3,Everyday Problem Solver,Easy,73.66,4,2.07,2,11.87,Hard
402,4,Memory Match & Recall,Medium,61.48,6,2.35,4,-12.18,Hard
402,5,My Life Memories,Easy,83.3,4,3.03,1,21.82,Hard
403,1,Memory Match & Recall,Medium,84.51,7,3.74,1,0.0,Hard
403,2,Everyday Problem Solver,Medium,73.53,6,5.33,2,-10.98,Hard
403,3,Behaviour & Emotional Response,Hard,64.77,6,5.9,4,-8.76,Hard
403,4,Memory Match & Recall,Easy,90.43,5,2.14,0,25.66,Hard
403,5,Behaviour & Emotional Response,Easy,81.45,4,4.62,1,-8.98,Hard
404,1,My Life Memories,Medium,48.26,2,5.95,3,0.0,Medium
404,2,Everyday Problem Solver,Medium,60.12,5,4.69,3,11.86,Medium
404,3,My Life Memories,Easy,62.53,5,5.1,3,2.41,Medium
404,4,Everyday Problem Solver,Medium,47.94,4,5.38,4,-14.59,Medium
404,5,Everyday Problem Solver,Easy,70.89,7,5.25,3,22.95,Medium
405,1,Everyday Problem Solver,Medium,26.38,2,4.24,4,0.0,Easy
405,2,Memory Match & Recall,Medium,33.05,3,5.81,7,6.67,Easy
405,3,Memory Match & Recall,Hard,30.93,2,5.46,4,-2.12,Easy
405,4,Everyday Problem Solver,Hard,20.46,2,7.52,8,-10.47,Easy
405,5,Everyday Problem Solver,Medium,38.73,2,6.71,4,18.27,Easy
406,1,My Life Memories,Medium,57.39,5,3.44,3,0.0,Medium
406,2,Story & Conversation,Easy,66.52,4,5.26,2,9.13,Medium
406,3,Memory Match & Recall,Medium,74.46,4,7.12,1,7.94,Medium
406,4,Story & Conversation,Easy,83.89,8,5.72,2,9.43,Medium
406,5,My Life Memories,Medium,66.85,5,3.58,3,-17.04,Medium
407,1,Everyday Problem Solver,Hard,63.26,4,5.92,2,0.0,Hard
407,2,Behaviour & Emotional Response,Hard,64.58,4,6.17,2,1.32,Hard
407,3,Memory Match & Recall,Medium,83.45,8,6.39,2,18.87,Hard
407,4,Everyday Problem Solver,Medium,80.52,8,5.87,2,-2.93,Hard
407,5,Story & Conversation,Easy,91.84,9,3.71,1,11.32,Hard
408,1,Everyday Problem Solver,Easy,72.98,7,5.68,3,0.0,Hard
408,2,Behaviour & Emotional Response,Easy,75.68,5,4.74,1,2.7,Hard
408,3,Behaviour & Emotional Response,Hard,57.28,6,6.51,4,-18.4,Hard
408,4,Memory Match & Recall,Easy,85.64,9,2.4,1,28.36,Hard
408,5,Behaviour & Emotional Response,Easy,89.87,9,3.59,1,4.23,Hard
409,1,My Life Memories,Hard,61.23,3,6.28,2,0.0,Hard
409,2,My Life Memories,Medium,68.97,3,4.24,2,7.74,Hard
409,3,Behaviour & Emotional Response,Medium,73.47,7,5.94,3,4.5,Hard
409,4,Everyday Problem Solver,Easy,97.78,8,3.25,0,24.31,Hard
409,5,Everyday Problem Solver,Medium,85.68,4,2.21,1,-12.1,Hard
410,1,Memory Match & Recall,Medium,36.33,3,3.59,5,0.0,Medium
410,2,Everyday Problem Solver,Medium,34.09,2,5.72,3,-2.24,Medium
410,3,My Life Memories,Medium,43.8,3,5.6,3,9.71,Medium
410,4,My Life Memories,Easy,60.73,5,4.83,3,16.93,Medium
410,5,My Life Memories,Medium,52.03,3,5.0,2,-8.7,Medium
411,1,Memory Match & Recall,Medium,48.54,4,4.4,4,0.0,Easy
411,2,Behaviour & Emotional Response,Easy,48.08,5,4.4,5,-0.46,Easy
411,3,Story & Conversation,Medium,39.72,2,4.68,4,-8.36,Easy
411,4,Memory Match & Recall,Medium,48.76,4,5.53,4,9.04,Easy
411,5,Memory Match & Recall,Medium,42.81,3,4.57,5,-5.95,Easy
412,1,Memory Match & Recall,Easy,89.09,7,6.78,1,0.0,Medium
412,2,My Life Memories,Medium,84.7,7,6.2,1,-4.39,Medium
412,3,Story & Conversation,Easy,80.79,4,5.27,1,-3.91,Medium
412,4,Behaviour & Emotional Response,Medium,80.3,5,4.2,1,-0.49,Medium
412,5,Everyday Problem Solver,Hard,71.12,4,6.87,2,-9.18,Medium
413,1,Behaviour & Emotional Response,Easy,72.24,7,5.31,3,0.0,Hard
413,2,Behaviour & Emotional Response,Hard,53.19,3,6.13,3,-19.05,Hard
413,3,Everyday Problem Solver,Easy,78.69,6,4.11,2,25.5,Hard
413,4,Behaviour & Emotional Response,Medium,76.61,6,3.64,2,-2.08,Hard
413,5,Memory Match & Recall,Easy,95.18,8,2.05,0,18.57,Hard
414,1,My Life Memories,Medium,53.26,3,5.78,2,0.0,Medium
414,2,My Life Memories,Medium,51.93,4,5.02,4,-1.33,Medium
414,3,My Life Memories,Medium,56.5,3,4.77,2,4.57,Medium
414,4,Everyday Problem Solver,Hard,51.89,5,6.89,5,-4.61,Medium
414,5,Memory Match & Recall,Easy,72.27,4,3.26,2,20.38,Medium
415,1,Story & Conversation,Hard,45.01,2,4.73,3,0.0,Medium
415,2,Memory Match & Recall,Easy,72.47,4,3.78,1,27.46,Medium
415,3,Everyday Problem Solver,Medium,65.74,4,3.69,2,-6.73,Medium
415,4,Behaviour & Emotional Response,Hard,61.62,3,4.73,2,-4.12,Medium
415,5,Story & Conversation,Medium,66.12,4,5.92,2,4.5,Medium
416,1,My Life Memories,Easy,66.56,7,2.99,3,0.0,Medium
416,2,Memory Match & Recall,Easy,71.65,4,4.44,1,5.09,Medium
416,3,Memory Match & Recall,Hard,38.86,2,5.63,4,-32.79,Medium
416,4,Behaviour & Emotional Response,Medium,60.79,6,4.31,4,21.93,Medium
416,5,Behaviour & Emotional Response,Easy,62.94,5,4.23,3,2.15,Medium
417,1,My Life Memories,Medium,53.27,5,4.39,5,0.0,Medium
417,2,My Life Memories,Easy,58.84,4,4.78,2,5.57,Medium
417,3,Story & Conversation,Easy,49.44,4,4.6,4,-9.4,Medium
417,4,Everyday Problem Solver,Medium,51.55,4,4.86,4,2.11,Medium
417,5,Memory Match & Recall,Easy,65.5,5,5.7,3,13.95,Medium
418,1,My Life Memories,Hard,59.03,4,4.53,2,0.0,Hard
418,2,Behaviour & Emotional Response,Easy,81.6,5,4.58,1,22.57,Hard
418,3,Everyday Problem Solver,Easy,90.06,5,1.67,0,8.46,Hard
418,4,Memory Match & Recall,Hard,66.24,4,5.96,2,-23.82,Hard
418,5,My Life Memories,Easy,88.12,5,5.84,1,21.88,Hard
419,1,Everyday Problem Solver,Medium,74.19,4,4.65,1,0.0,Medium
419,2,Story & Conversation,Hard,61.45,4,7.77,2,-12.74,Medium
419,3,Story & Conversation,Medium,77.2,5,3.57,1,15.75,Medium
419,4,Behaviour & Emotional Response,Easy,79.3,4,3.95,1,2.1,Medium
419,5,My Life Memories,Hard,63.26,4,6.62,2,-16.04,Medium
420,1,My Life Memories,Hard,35.82,2,3.59,4,0.0,Medium
420,2,Memory Match & Recall,Hard,45.57,4,5.32,4,9.75,Medium
420,3,Story & Conversation,Medium,50.75,4,4.72,4,5.18,Medium
420,4,Behaviour & Emotional Response,Medium,58.79,6,1.62,4,8.04,Medium
420,5,Story & Conversation,Medium,53.32,5,4.95,5,-5.47,Medium
421,1,Memory Match & Recall,Easy,73.55,4,3.35,1,0.0,Medium
421,2,Story & Conversation,Easy,69.33,4,4.87,2,-4.22,Medium
421,3,My Life Memories,Medium,63.76,5,4.19,3,-5.57,Medium
421,4,Memory Match & Recall,Medium,53.3,3,6.39,3,-10.46,Medium
421,5,Behaviour & Emotional Response,Medium,61.75,5,3.15,3,8.45,Medium
422,1,Everyday Problem Solver,Easy,64.23,6,5.49,4,0.0,Medium
422,2,Memory Match & Recall,Hard,37.34,4,2.5,6,-26.89,Medium
422,3,Everyday Problem Solver,Medium,58.05,3,3.57,2,20.71,Medium
422,4,Story & Conversation,Medium,44.31,4,1.75,6,-13.74,Medium
422,5,Story & Conversation,Medium,62.79,3,5.15,2,18.48,Medium
423,1,Story & Conversation,Easy,74.95,6,5.17,2,0.0,Easy
423,2,My Life Memories,Hard,55.81,3,4.18,2,-19.14,Easy
423,3,Everyday Problem Solver,Medium,59.41,6,3.08,4,3.6,Easy
423,4,My Life Memories,Hard,47.74,4,5.62,4,-11.67,Easy
423,5,Everyday Problem Solver,Hard,54.37,5,5.92,5,6.63,Easy
424,1,My Life Memories,Easy,83.57,4,6.92,1,0.0,Medium
424,2,Everyday Problem Solver,Easy,78.96,8,3.24,2,-4.61,Medium
424,3,Behaviour & Emotional Response,Hard,61.83,3,4.84,2,-17.13,Medium
424,4,Behaviour & Emotional Response,Medium,82.74,4,4.5,1,20.91,Medium
424,5,Memory Match & Recall,Medium,71.96,6,4.36,2,-10.78,Medium
425,1,My Life Memories,Easy,79.83,8,3.59,2,0.0,Medium
425,2,Behaviour & Emotional Response,Medium,82.27,5,3.81,1,2.44,Medium
425,3,Everyday Problem Solver,Easy,83.99,8,5.11,2,1.72,Medium
425,4,Story & Conversation,Medium,65.49,3,5.55,2,-18.5,Medium
425,5,Story & Conversation,Hard,58.45,5,6.82,3,-7.04,Medium
426,1,My Life Memories,Medium,49.72,5,6.43,5,0.0,Medium
426,2,Everyday Problem Solver,Easy,62.23,3,4.8,2,12.51,Medium
426,3,Everyday Problem Solver,Easy,57.17,6,3.85,4,-5.06,Medium
426,4,Memory Match & Recall,Medium,58.89,5,4.19,3,1.72,Medium
426,5,My Life Memories,Easy,55.34,3,5.36,3,-3.55,Medium
427,1,Memory Match & Recall,Easy,52.36,4,2.85,4,0.0,Easy
427,2,My Life Memories,Hard,34.66,2,5.92,3,-17.7,Easy
427,3,Behaviour & Emotional Response,Medium,52.52,5,6.22,5,17.86,Easy
427,4,Behaviour & Emotional Response,Medium,55.72,4,4.83,4,3.2,Easy
427,5,My Life Memories,Hard,40.87,2,6.59,3,-14.85,Easy
428,1,Story & Conversation,Medium,79.85,4,4.3,1,0.0,Hard
428,2,Story & Conversation,Easy,84.63,4,2.59,1,4.78,Hard
428,3,Everyday Problem Solver,Easy,96.09,6,4.92,0,11.46,Hard
428,4,Story & Conversation,Easy,97.05,8,4.07,0,0.96,Hard
428,5,Story & Conversation,Medium,93.53,7,4.17,1,-3.52,Hard
429,1,Memory Match & Recall,Easy,84.1,4,3.6,1,0.0,Hard
429,2,Behaviour & Emotional Response,Easy,89.38,5,4.78,1,5.28,Hard
429,3,Memory Match & Recall,Medium,79.47,5,4.96,1,-9.91,Hard
429,4,Behaviour & Emotional Response,Easy,88.6,7,7.16,1,9.13,Hard
429,5,Story & Conversation,Easy,97.43,8,5.09,0,8.83,Hard
430,1,Memory Match & Recall,Medium,67.72,5,5.58,3,0.0,Hard
430,2,Everyday Problem Solver,Easy,73.33,6,4.05,2,5.61,Hard
430,3,Story & Conversation,Medium,64.19,6,1.5,4,-9.14,Hard
430,4,Story & Conversation,Hard,55.44,3,5.27,3,-8.75,Hard
430,5,Memory Match & Recall,Easy,87.23,5,4.33,1,31.79,Hard
431,1,Everyday Problem Solver,Medium,41.87,2,3.91,3,0.0,Easy
431,2,My Life Memories,Medium,46.51,2,5.48,3,4.64,Easy
431,3,Memory Match & Recall,Hard,38.91,2,5.04,3,-7.6,Easy
431,4,My Life Memories,Easy,56.87,5,2.91,3,17.96,Easy
431,5,Everyday Problem Solver,Hard,40.37,3,6.6,5,-16.5,Easy
432,1,Everyday Problem Solver,Medium,67.45,3,5.46,2,0.0,Hard
432,2,Memory Match & Recall,Easy,88.56,5,3.95,1,21.11,Hard
432,3,Everyday Problem Solver,Easy,81.27,5,3.05,1,-7.29,Hard
432,4,Everyday Problem Solver,Hard,54.73,5,5.98,5,-26.54,Hard
432,5,Memory Match & Recall,Easy,90.06,9,3.97,1,35.33,Hard
433,1,My Life Memories,Easy,64.02,3,3.85,2,0.0,Medium
433,2,Memory Match & Recall,Medium,59.73,3,3.23,2,-4.29,Medium
433,3,My Life Memories,Easy,77.15,6,3.58,2,17.42,Medium
433,4,Memory Match & Recall,Easy,75.29,4,2.87,1,-1.86,Medium
433,5,Memory Match & Recall,Medium,66.47,4,5.77,2,-8.82,Medium
434,1,Behaviour & Emotional Response,Hard,47.8,3,6.22,3,0.0,Hard
434,2,Story & Conversation,Easy,70.16,4,4.14,2,22.36,Hard
434,3,Story & Conversation,Hard,62.94,5,6.75,3,-7.22,Hard
434,4,Story & Conversation,Easy,80.35,5,3.19,1,17.41,Hard
434,5,Behaviour & Emotional Response,Medium,75.64,4,4.92,1,-4.71,Hard
435,1,Behaviour & Emotional Response,Medium,29.89,2,5.23,4,0.0,Easy
435,2,Everyday Problem Solver,Hard,21.91,1,4.81,5,-7.98,Easy
435,3,Behaviour & Emotional Response,Easy,19.14,1,5.18,4,-2.77,Easy
435,4,Everyday Problem Solver,Hard,19.44,2,4.12,8,0.3,Easy
435,5,Story & Conversation,Medium,25.32,2,8.6,4,5.88,Easy
436,1,My Life Memories,Medium,59.8,3,4.24,2,0.0,Medium
436,2,Everyday Problem Solver,Hard,32.37,3,5.84,7,-27.43,Medium
436,3,My Life Memories,Easy,66.82,4,3.99,2,34.45,Medium
436,4,My Life Memories,Easy,69.23,6,4.76,2,2.41,Medium
436,5,Memory Match & Recall,Medium,60.52,4,3.5,2,-8.71,Medium
437,1,My Life Memories,Medium,55.6,4,2.59,4,0.0,Hard
437,2,Behaviour & Emotional Response,Medium,73.23,4,5.52,1,17.63,Hard
437,3,Story & Conversation,Medium,69.95,7,3.27,3,-3.28,Hard
437,4,Story & Conversation,Medium,67.55,5,4.64,3,-2.4,Hard
437,5,My Life Memories,Easy,73.72,7,3.52,3,6.17,Hard
438,1,Story & Conversation,Hard,66.35,7,5.27,3,0.0,Hard
438,2,Everyday Problem Solver,Hard,63.82,6,3.49,4,-2.53,Hard
438,3,Story & Conversation,Easy,86.74,9,3.34,1,22.92,Hard
438,4,Memory Match & Recall,Medium,76.13,4,4.59,1,-10.61,Hard
438,5,Memory Match & Recall,Easy,93.71,9,3.2,1,17.58,Hard
439,1,Behaviour & Emotional Response,Hard,55.74,3,5.66,3,0.0,Hard
439,2,Memory Match & Recall,Medium,69.81,4,3.93,2,14.07,Hard
439,3,Story & Conversation,Easy,82.33,8,4.27,2,12.52,Hard
439,4,Memory Match & Recall,Easy,85.36,9,4.42,1,3.03,Hard
439,5,My Life Memories,Easy,90.2,7,5.39,1,4.84,Hard
440,1,My Life Memories,Medium,49.45,5,3.68,5,0.0,Medium
440,2,My Life Memories,Medium,49.27,3,5.85,3,-0.18,Medium
440,3,My Life Memories,Easy,45.77,4,4.75,4,-3.5,Medium
440,4,My Life Memories,Medium,45.93,3,4.22,3,0.16,Medium
440,5,Memory Match & Recall,Easy,68.35,3,3.67,2,22.42,Medium
441,1,Memory Match & Recall,Medium,48.36,2,5.94,3,0.0,Medium
441,2,Everyday Problem Solver,Medium,48.55,4,6.51,4,0.19,Medium
441,3,Everyday Problem Solver,Easy,64.09,3,1.87,2,15.54,Medium
441,4,Memory Match & Recall,Medium,49.23,5,4.43,5,-14.86,Medium
441,5,My Life Memories,Easy,66.78,7,1.5,3,17.55,Medium
442,1,My Life Memories,Medium,98.0,8,4.89,0,0.0,Hard
442,2,Behaviour & Emotional Response,Medium,98.0,5,7.53,0,0.0,Hard
442,3,My Life Memories,Hard,91.22,5,6.71,0,-6.78,Hard
442,4,My Life Memories,Medium,98.0,10,4.55,0,6.78,Hard
442,5,My Life Memories,Medium,98.0,5,3.72,0,0.0,Hard
443,1,Everyday Problem Solver,Medium,41.59,3,5.08,5,0.0,Medium
443,2,Everyday Problem Solver,Medium,41.09,2,5.4,4,-0.5,Medium
443,3,Story & Conversation,Medium,52.48,5,5.26,5,11.39,Medium
443,4,Memory Match & Recall,Medium,51.06,5,8.78,5,-1.42,Medium
443,5,Behaviour & Emotional Response,Medium,63.86,6,3.5,4,12.8,Medium
444,1,My Life Memories,Medium,59.84,4,3.8,2,0.0,Medium
444,2,Behaviour & Emotional Response,Easy,66.95,5,4.98,3,7.11,Medium
444,3,My Life Memories,Medium,62.4,6,6.16,4,-4.55,Medium
444,4,Behaviour & Emotional Response,Medium,73.96,6,6.56,2,11.56,Medium
444,5,Story & Conversation,Easy,74.38,4,4.98,1,0.42,Medium
445,1,Everyday Problem Solver,Hard,54.64,4,4.94,4,0.0,Hard
445,2,Behaviour & Emotional Response,Easy,90.64,7,4.55,1,36.0,Hard
445,3,My Life Memories,Easy,86.3,7,3.32,1,-4.34,Hard
445,4,Story & Conversation,Medium,66.67,3,4.28,2,-19.63,Hard
445,5,Everyday Problem Solver,Easy,84.74,7,3.05,1,18.07,Hard
446,1,Behaviour & Emotional Response,Easy,59.72,3,3.18,2,0.0,Medium
446,2,Story & Conversation,Easy,75.38,5,5.12,1,15.66,Medium
446,3,Memory Match & Recall,Medium,60.5,3,3.79,2,-14.88,Medium
446,4,My Life Memories,Medium,58.19,6,4.59,4,-2.31,Medium
446,5,Behaviour & Emotional Response,Medium,69.72,7,6.06,3,11.53,Medium
447,1,Story & Conversation,Easy,55.63,6,4.88,4,0.0,Medium
447,2,Behaviour & Emotional Response,Easy,59.11,5,3.91,3,3.48,Medium
447,3,My Life Memories,Medium,63.5,5,5.98,3,4.39,Medium
447,4,Behaviour & Emotional Response,Easy,68.0,7,2.93,3,4.5,Medium
447,5,Memory Match & Recall,Medium,59.82,4,6.3,2,-8.18,Medium
448,1,Story & Conversation,Medium,62.47,5,6.55,3,0.0,Medium
448,2,Everyday Problem Solver,Medium,65.85,5,5.34,3,3.38,Medium
448,3,My Life Memories,Easy,70.89,4,6.13,1,5.04,Medium
448,4,Behaviour & Emotional Response,Easy,71.55,6,3.83,2,0.66,Medium
448,5,Memory Match & Recall,Easy,67.67,7,4.74,3,-3.88,Medium
449,1,Everyday Problem Solver,Medium,39.78,2,6.5,3,0.0,Medium
449,2,Behaviour & Emotional Response,Easy,38.99,3,6.53,5,-0.79,Medium
449,3,Story & Conversation,Easy,60.38,6,3.97,4,21.39,Medium
449,4,My Life Memories,Easy,58.4,3,4.54,2,-1.98,Medium
449,5,Story & Conversation,Medium,54.02,4,6.25,4,-4.38,Medium
450,1,My Life Memories,Medium,42.52,3,4.91,5,0.0,Easy
450,2,Everyday Problem Solver,Medium,41.0,3,4.3,5,-1.52,Easy
450,3,Behaviour & Emotional Response,Medium,52.49,3,6.33,3,11.49,Easy
450,4,Memory Match & Recall,Medium,39.06,2,3.59,4,-13.43,Easy
450,5,Behaviour & Emotional Response,Medium,42.68,4,5.68,6,3.62,Easy
451,1,Story & Conversation,Hard,59.12,6,6.77,4,0.0,Medium
451,2,Behaviour & Emotional Response,Medium,70.92,4,5.32,1,11.8,Medium
451,3,Behaviour & Emotional Response,Easy,68.27,7,4.22,3,-2.65,Medium
451,4,Everyday Problem Solver,Easy,84.46,7,4.26,1,16.19,Medium
451,5,My Life Memories,Medium,72.62,4,4.54,1,-11.84,Medium
452,1,Everyday Problem Solver,Hard,31.81,3,6.42,5,0.0,Medium
452,2,Story & Conversation,Medium,42.12,3,4.88,5,10.31,Medium
452,3,Behaviour & Emotional Response,Easy,51.92,3,5.93,3,9.8,Medium
452,4,Memory Match & Recall,Easy,57.29,3,6.28,2,5.37,Medium
452,5,Everyday Problem Solver,Medium,59.73,5,4.92,3,2.44,Medium
453,1,My Life Memories,Medium,32.36,3,3.47,7,0.0,Medium
453,2,My Life Memories,Medium,38.13,2,6.85,3,5.77,Medium
453,3,Everyday Problem Solver,Easy,58.57,4,5.0,2,20.44,Medium
453,4,Memory Match & Recall,Easy,46.05,4,3.19,4,-12.52,Medium
453,5,Behaviour & Emotional Response,Easy,66.2,3,4.81,2,20.15,Medium
454,1,My Life Memories,Medium,61.18,3,6.97,2,0.0,Easy
454,2,Memory Match & Recall,Easy,67.97,5,4.54,3,6.79,Easy
454,3,Memory Match & Recall,Hard,49.95,5,8.77,5,-18.02,Easy
454,4,Story & Conversation,Medium,49.7,2,5.92,3,-0.25,Easy
454,5,My Life Memories,Hard,51.1,3,6.57,3,1.4,Easy
455,1,Everyday Problem Solver,Easy,59.85,3,5.37,2,0.0,Easy
455,2,Behaviour & Emotional Response,Medium,70.32,6,5.91,2,10.47,Easy
455,3,My Life Memories,Hard,36.05,2,5.5,4,-34.27,Easy
455,4,Behaviour & Emotional Response,Easy,61.92,5,2.35,3,25.87,Easy
455,5,Story & Conversation,Hard,42.16,4,6.84,6,-19.76,Easy
456,1,Everyday Problem Solver,Hard,35.18,2,6.6,4,0.0,Medium
456,2,Everyday Problem Solver,Easy,47.98,3,4.45,3,12.8,Medium
456,3,Story & Conversation,Medium,53.48,4,5.95,4,5.5,Medium
456,4,Behaviour & Emotional Response,Easy,55.44,4,4.27,4,1.96,Medium
456,5,Memory Match & Recall,Easy,57.35,6,3.93,4,1.91,Medium
457,1,My Life Memories,Medium,40.68,3,5.36,5,0.0,Easy
457,2,Everyday Problem Solver,Medium,32.32,3,5.17,5,-8.36,Easy
457,3,Story & Conversation,Easy,37.02,2,4.48,3,4.7,Easy
457,4,Memory Match & Recall,Medium,23.33,1,8.05,5,-13.69,Easy
457,5,Story & Conversation,Medium,27.02,2,4.05,6,3.69,Easy
458,1,Story & Conversation,Hard,49.12,2,5.92,3,0.0,Hard
458,2,Behaviour & Emotional Response,Hard,35.48,4,7.52,6,-13.64,Hard
458,3,My Life Memories,Easy,70.78,7,5.08,3,35.3,Hard
458,4,Story & Conversation,Easy,72.19,4,7.3,2,1.41,Hard
458,5,Story & Conversation,Easy,82.51,5,3.52,1,10.32,Hard
459,1,My Life Memories,Medium,86.66,9,5.41,1,0.0,Hard
459,2,Memory Match & Recall,Easy,85.7,4,4.11,1,-0.96,Hard
459,3,My Life Memories,Medium,82.48,8,5.83,2,-3.22,Hard
459,4,Story & Conversation,Medium,95.28,5,2.25,0,12.8,Hard
459,5,Everyday Problem Solver,Medium,90.23,5,6.12,0,-5.05,Hard
460,1,Story & Conversation,Medium,61.57,5,5.43,3,0.0,Medium
460,2,My Life Memories,Medium,60.75,3,4.69,2,-0.82,Medium
460,3,Everyday Problem Solver,Medium,52.9,3,3.73,3,-7.85,Medium
460,4,Memory Match & Recall,Medium,65.96,5,5.0,3,13.06,Medium
460,5,Story & Conversation,Medium,62.37,3,4.49,2,-3.59,Medium
461,1,Everyday Problem Solver,Easy,71.7,4,4.02,2,0.0,Medium
461,2,Behaviour & Emotional Response,Medium,48.88,4,6.0,4,-22.82,Medium
461,3,My Life Memories,Medium,57.19,3,5.08,3,8.31,Medium
461,4,Story & Conversation,Easy,79.57,6,4.34,2,22.38,Medium
461,5,Story & Conversation,Easy,73.16,7,3.0,3,-6.41,Medium
462,1,Story & Conversation,Easy,70.36,7,2.57,3,0.0,Medium
462,2,Behaviour & Emotional Response,Easy,69.41,3,4.57,2,-0.95,Medium
462,3,Behaviour & Emotional Response,Medium,59.95,4,6.26,2,-9.46,Medium
462,4,Memory Match & Recall,Hard,51.21,3,7.66,3,-8.74,Medium
462,5,Story & Conversation,Medium,56.74,3,5.21,3,5.53,Medium
463,1,Memory Match & Recall,Medium,54.85,5,6.21,5,0.0,Easy
463,2,Behaviour & Emotional Response,Easy,86.72,4,4.29,1,31.87,Easy
463,3,Story & Conversation,Easy,77.3,4,4.48,1,-9.42,Easy
463,4,Memory Match & Recall,Medium,61.49,6,2.82,4,-15.81,Easy
463,5,My Life Memories,Hard,51.03,5,4.22,5,-10.46,Easy
464,1,Memory Match & Recall,Easy,94.87,6,3.83,0,0.0,Hard
464,2,Everyday Problem Solver,Hard,80.4,6,4.31,2,-14.47,Hard
464,3,Story & Conversation,Medium,83.96,8,4.91,2,3.56,Hard
464,4,Everyday Problem Solver,Medium,96.23,6,5.33,0,12.27,Hard
464,5,Behaviour & Emotional Response,Easy,98.0,8,4.31,0,1.77,Hard
465,1,Everyday Problem Solver,Medium,67.21,7,3.73,3,0.0,Medium
465,2,Everyday Problem Solver,Easy,77.78,6,3.09,2,10.57,Medium
465,3,Everyday Problem Solver,Medium,69.49,4,4.37,2,-8.29,Medium
465,4,Story & Conversation,Medium,85.74,9,4.77,1,16.25,Medium
465,5,Memory Match & Recall,Easy,73.58,4,4.25,2,-12.16,Medium
466,1,Story & Conversation,Hard,65.83,7,5.07,3,0.0,Hard
466,2,Everyday Problem Solver,Medium,59.8,6,6.0,4,-6.03,Hard
466,3,Behaviour & Emotional Response,Easy,72.51,4,3.9,1,12.71,Hard
466,4,Behaviour & Emotional Response,Easy,80.74,6,4.27,2,8.23,Hard
466,5,Everyday Problem Solver,Medium,77.93,6,4.06,2,-2.81,Hard
467,1,Behaviour & Emotional Response,Hard,43.81,2,6.13,3,0.0,Medium
467,2,Memory Match & Recall,Easy,67.98,7,4.98,3,24.17,Medium
467,3,Story & Conversation,Hard,51.96,4,6.36,4,-16.02,Medium
467,4,Everyday Problem Solver,Hard,51.12,3,3.99,2,-0.84,Medium
467,5,Behaviour & Emotional Response,Easy,72.2,4,5.0,2,21.08,Medium
468,1,Behaviour & Emotional Response,Medium,66.78,5,4.17,3,0.0,Medium
468,2,My Life Memories,Easy,78.99,6,5.01,2,12.21,Medium
468,3,Behaviour & Emotional Response,Medium,80.14,6,4.37,2,1.15,Medium
468,4,Memory Match & Recall,Easy,90.88,5,4.42,1,10.74,Medium
468,5,My Life Memories,Hard,64.19,5,5.53,3,-26.69,Medium
469,1,Story & Conversation,Hard,61.15,5,8.54,3,0.0,Hard
469,2,Story & Conversation,Medium,67.59,5,5.58,3,6.44,Hard
469,3,Behaviour & Emotional Response,Easy,81.02,5,3.31,1,13.43,Hard
469,4,Story & Conversation,Medium,75.63,8,5.06,2,-5.39,Hard
469,5,Everyday Problem Solver,Medium,94.71,9,4.52,1,19.08,Hard
470,1,Memory Match & Recall,Easy,54.69,3,2.07,2,0.0,Easy
470,2,Everyday Problem Solver,Easy,54.0,5,4.59,5,-0.69,Easy
470,3,Story & Conversation,Easy,60.81,6,5.68,4,6.81,Easy
470,4,My Life Memories,Easy,54.53,5,4.38,5,-6.28,Easy
470,5,Memory Match & Recall,Medium,44.45,4,3.79,6,-10.08,Easy
471,1,My Life Memories,Medium,57.01,3,4.55,3,0.0,Medium
471,2,Memory Match & Recall,Easy,70.18,4,5.1,2,13.17,Medium
471,3,Story & Conversation,Easy,88.46,5,2.73,1,18.28,Medium
471,4,Behaviour & Emotional Response,Hard,46.03,3,5.78,3,-42.43,Medium
471,5,Behaviour & Emotional Response,Hard,58.74,3,6.09,2,12.71,Medium
472,1,Behaviour & Emotional Response,Medium,52.1,3,5.52,3,0.0,Medium
472,2,My Life Memories,Hard,49.05,3,3.56,3,-3.05,Medium
472,3,My Life Memories,Medium,54.09,4,5.32,4,5.04,Medium
472,4,Memory Match & Recall,Easy,62.3,3,6.58,2,8.21,Medium
472,5,My Life Memories,Medium,55.49,3,5.01,2,-6.81,Medium
473,1,Story & Conversation,Easy,74.79,4,2.19,1,0.0,Medium
473,2,My Life Memories,Hard,55.27,6,7.09,4,-19.52,Medium
473,3,My Life Memories,Medium,69.32,6,3.93,2,14.05,Medium
473,4,Behaviour & Emotional Response,Medium,78.39,6,4.48,2,9.07,Medium
473,5,Memory Match & Recall,Medium,71.28,7,5.11,3,-7.11,Medium
474,1,Story & Conversation,Hard,73.85,4,6.7,2,0.0,Medium
474,2,Everyday Problem Solver,Hard,68.02,5,5.15,3,-5.83,Medium
474,3,Story & Conversation,Medium,68.41,3,5.03,2,0.39,Medium
474,4,Behaviour & Emotional Response,Hard,64.7,6,4.49,4,-3.71,Medium
474,5,Memory Match & Recall,Medium,76.51,5,5.37,1,11.81,Medium
475,1,Everyday Problem Solver,Hard,56.43,6,6.2,4,0.0,Hard
475,2,Memory Match & Recall,Easy,73.86,4,3.79,2,17.43,Hard
475,3,Everyday Problem Solver,Medium,61.21,6,7.15,4,-12.65,Hard
475,4,Story & Conversation,Medium,69.99,4,4.67,2,8.78,Hard
475,5,Memory Match & Recall,Easy,75.83,8,7.92,2,5.84,Hard
476,1,Story & Conversation,Hard,29.33,2,6.56,4,0.0,Medium
476,2,Story & Conversation,Medium,49.0,4,6.26,4,19.67,Medium
476,3,Behaviour & Emotional Response,Easy,67.75,7,5.07,3,18.75,Medium
476,4,My Life Memories,Medium,42.06,4,4.86,6,-25.69,Medium
476,5,Memory Match & Recall,Medium,51.75,4,7.57,4,9.69,Medium
477,1,Behaviour & Emotional Response,Easy,56.25,6,4.77,4,0.0,Easy
477,2,Memory Match & Recall,Easy,55.56,4,4.43,4,-0.69,Easy
477,3,My Life Memories,Medium,36.98,2,6.11,4,-18.58,Easy
477,4,My Life Memories,Medium,47.46,2,6.29,3,10.48,Easy
477,5,Story & Conversation,Medium,44.95,2,4.42,3,-2.51,Easy
478,1,My Life Memories,Easy,51.53,3,5.1,3,0.0,Easy
478,2,Story & Conversation,Hard,20.32,2,5.49,8,-31.21,Easy
478,3,Story & Conversation,Medium,36.82,2,3.43,3,16.5,Easy
478,4,Memory Match & Recall,Medium,36.21,4,3.85,6,-0.61,Easy
478,5,My Life Memories,Easy,50.14,4,3.71,4,13.93,Easy
479,1,Story & Conversation,Easy,57.73,3,6.04,2,0.0,Easy
479,2,Behaviour & Emotional Response,Easy,42.42,4,4.99,6,-15.31,Easy
479,3,Everyday Problem Solver,Medium,41.1,4,6.6,6,-1.32,Easy
479,4,Memory Match & Recall,Easy,45.18,4,5.95,4,4.08,Easy
479,5,Story & Conversation,Medium,38.31,4,3.59,6,-6.87,Easy
480,1,My Life Memories,Medium,78.61,6,7.98,2,0.0,Medium
480,2,Story & Conversation,Hard,53.16,3,6.71,3,-25.45,Medium
480,3,Everyday Problem Solver,Easy,81.4,7,5.29,1,28.24,Medium
480,4,Memory Match & Recall,Medium,66.54,3,3.45,2,-14.86,Medium
480,5,Memory Match & Recall,Medium,72.21,4,5.02,1,5.67,Medium
481,1,Everyday Problem Solver,Medium,54.34,5,6.3,5,0.0,Medium
481,2,My Life Memories,Hard,43.48,4,7.89,6,-10.86,Medium
481,3,Story & Conversation,Medium,55.88,4,3.59,4,12.4,Medium
481,4,My Life Memories,Hard,51.06,3,5.17,2,-4.82,Medium
481,5,Everyday Problem Solver,Easy,71.85,4,6.31,2,20.79,Medium
482,1,Memory Match & Recall,Hard,45.87,3,4.83,3,0.0,Medium
482,2,Memory Match & Recall,Easy,86.29,5,4.11,1,40.42,Medium
482,3,Everyday Problem Solver,Medium,70.33,4,5.85,2,-15.96,Medium
482,4,Memory Match & Recall,Easy,85.53,9,4.65,1,15.2,Medium
482,5,Everyday Problem Solver,Medium,71.6,4,4.55,1,-13.93,Medium
483,1,Memory Match & Recall,Easy,86.19,5,4.0,1,0.0,Hard
483,2,My Life Memories,Hard,68.86,7,5.59,3,-17.33,Hard
483,3,Memory Match & Recall,Hard,58.76,4,4.92,2,-10.1,Hard
483,4,Everyday Problem Solver,Easy,81.5,8,4.02,2,22.74,Hard
483,5,Memory Match & Recall,Easy,96.27,5,3.26,0,14.77,Hard
484,1,My Life Memories,Hard,46.89,5,5.61,5,0.0,Hard
484,2,Behaviour & Emotional Response,Medium,55.27,4,4.79,4,8.38,Hard
484,3,Memory Match & Recall,Medium,64.66,6,5.63,4,9.39,Hard
484,4,Behaviour & Emotional Response,Medium,68.67,7,3.51,3,4.01,Hard
484,5,Everyday Problem Solver,Medium,75.33,4,5.15,1,6.66,Hard
485,1,My Life Memories,Medium,62.92,3,4.38,2,0.0,Hard
485,2,Story & Conversation,Hard,53.78,5,6.44,5,-9.14,Hard
485,3,My Life Memories,Easy,65.49,5,3.83,3,11.71,Hard
485,4,My Life Memories,Medium,65.95,3,5.28,2,0.46,Hard
485,5,Everyday Problem Solver,Easy,86.14,5,3.38,1,20.19,Hard
486,1,My Life Memories,Easy,59.46,4,3.56,2,0.0,Easy
486,2,Behaviour & Emotional Response,Easy,61.95,5,5.43,3,2.49,Easy
486,3,Behaviour & Emotional Response,Hard,37.21,4,6.52,6,-24.74,Easy
486,4,Everyday Problem Solver,Hard,34.82,3,5.35,7,-2.39,Easy
486,5,My Life Memories,Hard,44.55,4,7.95,4,9.73,Easy
487,1,My Life Memories,Medium,42.67,3,2.76,3,0.0,Medium
487,2,Behaviour & Emotional Response,Easy,67.58,3,5.2,2,24.91,Medium
487,3,My Life Memories,Easy,71.13,4,4.63,2,3.55,Medium
487,4,Everyday Problem Solver,Medium,67.35,3,4.31,2,-3.78,Medium
487,5,My Life Memories,Hard,55.25,6,3.9,4,-12.1,Medium
488,1,Story & Conversation,Easy,45.58,2,4.31,3,0.0,Medium
488,2,Memory Match & Recall,Medium,47.65,4,5.26,4,2.07,Medium
488,3,Story & Conversation,Medium,49.8,3,3.99,3,2.15,Medium
488,4,Behaviour & Emotional Response,Easy,59.78,3,2.72,2,9.98,Medium
488,5,Story & Conversation,Medium,60.61,4,4.65,2,0.83,Medium
489,1,Memory Match & Recall,Medium,62.2,6,3.51,4,0.0,Easy
489,2,Story & Conversation,Hard,35.41,3,4.7,5,-26.79,Easy
489,3,Memory Match & Recall,Medium,55.26,4,5.58,4,19.85,Easy
489,4,Everyday Problem Solver,Hard,49.6,2,8.99,3,-5.66,Easy
489,5,Memory Match & Recall,Hard,33.17,3,6.77,7,-16.43,Easy
490,1,My Life Memories,Hard,36.12,2,5.27,3,0.0,Medium
490,2,Memory Match & Recall,Medium,47.69,2,7.14,3,11.57,Medium
490,3,Behaviour & Emotional Response,Easy,69.7,3,4.47,2,22.01,Medium
490,4,Everyday Problem Solver,Medium,64.25,4,3.17,2,-5.45,Medium
490,5,Story & Conversation,Easy,59.66,5,1.91,3,-4.59,Medium
491,1,My Life Memories,Medium,50.48,5,5.22,5,0.0,Medium
491,2,Memory Match & Recall,Easy,61.9,5,2.81,3,11.42,Medium
491,3,Story & Conversation,Hard,45.33,2,6.22,3,-16.57,Medium
491,4,Everyday Problem Solver,Medium,58.41,6,2.76,4,13.08,Medium
491,5,Memory Match & Recall,Easy,67.38,7,3.04,3,8.97,Medium
492,1,Story & Conversation,Easy,67.25,4,4.57,2,0.0,Medium
492,2,Memory Match & Recall,Easy,60.43,6,4.52,4,-6.82,Medium
492,3,Story & Conversation,Medium,47.85,3,6.5,3,-12.58,Medium
492,4,Everyday Problem Solver,Medium,57.31,6,6.38,4,9.46,Medium
492,5,Everyday Problem Solver,Easy,66.88,7,3.84,3,9.57,Medium
493,1,My Life Memories,Hard,41.79,4,5.11,6,0.0,Medium
493,2,Behaviour & Emotional Response,Medium,53.9,4,4.61,4,12.11,Medium
493,3,Memory Match & Recall,Medium,39.68,2,4.5,3,-14.22,Medium
493,4,Behaviour & Emotional Response,Hard,33.96,2,6.07,3,-5.72,Medium
493,5,Story & Conversation,Easy,57.39,3,5.65,3,23.43,Medium
494,1,My Life Memories,Easy,67.57,3,5.25,2,0.0,Easy
494,2,Everyday Problem Solver,Hard,53.92,3,5.84,2,-13.65,Easy
494,3,Behaviour & Emotional Response,Hard,45.01,5,3.81,5,-8.91,Easy
494,4,My Life Memories,Hard,47.02,4,5.18,4,2.01,Easy
494,5,Story & Conversation,Hard,53.28,3,5.46,2,6.26,Easy
495,1,Story & Conversation,Hard,54.64,3,5.79,3,0.0,Medium
495,2,My Life Memories,Medium,78.92,5,5.28,1,24.28,Medium
495,3,Behaviour & Emotional Response,Medium,72.96,7,4.19,3,-5.96,Medium
495,4,Story & Conversation,Hard,59.02,6,4.81,4,-13.94,Medium
495,5,Everyday Problem Solver,Hard,61.07,3,6.72,2,2.05,Medium
496,1,Memory Match & Recall,Medium,48.57,5,7.23,5,0.0,Hard
496,2,Everyday Problem Solver,Medium,60.09,5,3.33,3,11.52,Hard
496,3,Everyday Problem Solver,Easy,67.02,5,4.6,3,6.93,Hard
496,4,Behaviour & Emotional Response,Easy,81.4,5,3.02,1,14.38,Hard
496,5,Memory Match & Recall,Easy,78.53,6,6.05,2,-2.87,Hard
497,1,Everyday Problem Solver,Hard,36.91,3,4.76,5,0.0,Medium
497,2,My Life Memories,Hard,38.85,2,5.95,3,1.94,Medium
497,3,Memory Match & Recall,Hard,45.53,4,7.24,4,6.68,Medium
497,4,Behaviour & Emotional Response,Medium,50.58,3,2.73,2,5.05,Medium
497,5,Memory Match & Recall,Medium,56.44,3,5.4,2,5.86,Medium
498,1,My Life Memories,Easy,71.78,4,4.58,2,0.0,Hard
498,2,Behaviour & Emotional Response,Medium,74.33,4,5.36,2,2.55,Hard
498,3,Story & Conversation,Easy,74.5,4,3.8,2,0.17,Hard
498,4,My Life Memories,Medium,67.22,4,6.93,2,-7.28,Hard
498,5,Memory Match & Recall,Easy,78.64,5,4.35,1,11.42,Hard
499,1,Story & Conversation,Medium,59.36,4,7.38,2,0.0,Medium
499,2,My Life Memories,Hard,44.97,2,6.04,3,-14.39,Medium
499,3,Memory Match & Recall,Easy,65.99,4,1.61,2,21.02,Medium
499,4,My Life Memories,Easy,71.74,4,4.59,1,5.75,Medium
499,5,Story & Conversation,Medium,61.34,6,4.16,4,-10.4,Medium
500,1,Behaviour & Emotional Response,Medium,51.77,5,6.31,5,0.0,Medium
500,2,Story & Conversation,Medium,53.46,5,7.57,5,1.69,Medium
500,3,My Life Memories,Medium,59.82,6,3.49,4,6.36,Medium
500,4,My Life Memories,Hard,45.96,3,5.15,3,-13.86,Medium
500,5,Behaviour & Emotional Response,Easy,57.07,6,6.46,4,11.11,Medium
501,1,Everyday Problem Solver,Hard,61.75,3,6.0,2,0.0,Hard
501,2,Everyday Problem Solver,Medium,63.76,3,4.41,2,2.01,Hard
501,3,Everyday Problem Solver,Hard,66.6,5,4.51,3,2.84,Hard
501,4,Memory Match & Recall,Medium,59.86,6,4.75,4,-6.74,Hard
501,5,Memory Match & Recall,Easy,85.7,7,4.48,1,25.84,Hard
502,1,Memory Match & Recall,Medium,74.75,4,5.21,1,0.0,Medium
502,2,Story & Conversation,Easy,89.6,7,2.46,1,14.85,Medium
502,3,Story & Conversation,Easy,86.96,4,5.06,1,-2.64,Medium
502,4,Everyday Problem Solver,Easy,77.99,8,2.57,2,-8.97,Medium
502,5,Memory Match & Recall,Hard,60.45,5,5.02,3,-17.54,Medium
503,1,Story & Conversation,Easy,77.61,8,3.35,2,0.0,Medium
503,2,Memory Match & Recall,Easy,79.13,6,5.71,2,1.52,Medium
503,3,Memory Match & Recall,Hard,62.38,6,5.59,4,-16.75,Medium
503,4,My Life Memories,Medium,75.14,8,6.45,2,12.76,Medium
503,5,Story & Conversation,Medium,72.81,7,6.5,3,-2.33,Medium
504,1,Behaviour & Emotional Response,Easy,72.19,4,7.42,2,0.0,Hard
504,2,Behaviour & Emotional Response,Medium,58.32,6,4.61,4,-13.87,Hard
504,3,My Life Memories,Easy,68.76,6,5.59,2,10.44,Hard
504,4,Memory Match & Recall,Medium,77.79,8,6.88,2,9.03,Hard
504,5,My Life Memories,Easy,86.5,9,4.07,1,8.71,Hard
505,1,Story & Conversation,Medium,44.49,4,7.59,6,0.0,Medium
505,2,Story & Conversation,Medium,58.84,4,4.44,2,14.35,Medium
505,3,Memory Match & Recall,Medium,65.49,5,3.81,3,6.65,Medium
505,4,Behaviour & Emotional Response,Medium,61.46,3,4.8,2,-4.03,Medium
505,5,Everyday Problem Solver,Hard,52.35,3,5.8,2,-9.11,Medium
506,1,Behaviour & Emotional Response,Medium,38.69,4,6.45,6,0.0,Easy
506,2,Behaviour & Emotional Response,Hard,27.56,1,7.01,4,-11.13,Easy
506,3,Behaviour & Emotional Response,Easy,44.96,2,4.61,3,17.4,Easy
506,4,Story & Conversation,Medium,38.99,2,6.08,4,-5.97,Easy
506,5,Behaviour & Emotional Response,Medium,44.43,4,5.97,4,5.44,Easy
507,1,My Life Memories,Medium,80.47,8,5.18,2,0.0,Medium
507,2,Memory Match & Recall,Easy,81.83,5,4.34,1,1.36,Medium
507,3,My Life Memories,Easy,86.12,7,3.9,1,4.29,Medium
507,4,My Life Memories,Easy,88.57,4,3.12,1,2.45,Medium
507,5,Memory Match & Recall,Medium,70.57,6,4.13,2,-18.0,Medium
508,1,Everyday Problem Solver,Easy,64.81,3,4.5,2,0.0,Medium
508,2,Everyday Problem Solver,Easy,85.8,9,5.54,1,20.99,Medium
508,3,Everyday Problem Solver,Easy,85.76,7,4.78,1,-0.04,Medium
508,4,Everyday Problem Solver,Easy,84.41,4,3.46,1,-1.35,Medium
508,5,Story & Conversation,Medium,65.03,5,1.69,3,-19.38,Medium
509,1,Everyday Problem Solver,Medium,87.03,7,4.14,1,0.0,Hard
509,2,Story & Conversation,Medium,77.77,4,3.97,1,-9.26,Hard
509,3,Memory Match & Recall,Easy,93.09,6,5.61,0,15.32,Hard
509,4,My Life Memories,Medium,71.84,7,5.42,3,-21.25,Hard
509,5,Memory Match & Recall,Easy,92.13,7,4.4,1,20.29,Hard
510,1,My Life Memories,Medium,65.76,3,4.85,2,0.0,Hard
510,2,My Life Memories,Easy,77.1,5,5.55,1,11.34,Hard
510,3,Memory Match & Recall,Easy,82.4,4,4.61,1,5.3,Hard
510,4,Everyday Problem Solver,Medium,63.76,4,4.54,2,-18.64,Hard
510,5,Story & Conversation,Medium,78.28,8,4.92,2,14.52,Hard
511,1,Memory Match & Recall,Hard,68.49,4,7.0,2,0.0,Medium
511,2,Everyday Problem Solver,Medium,71.95,4,4.31,2,3.46,Medium
511,3,Everyday Problem Solver,Medium,57.57,6,4.84,4,-14.38,Medium
511,4,Behaviour & Emotional Response,Medium,72.44,4,5.39,1,14.87,Medium
511,5,My Life Memories,Hard,62.97,5,5.41,3,-9.47,Medium
512,1,Everyday Problem Solver,Easy,37.67,4,5.27,6,0.0,Easy
512,2,Story & Conversation,Medium,45.1,5,5.02,5,7.43,Easy
512,3,Story & Conversation,Hard,26.28,2,7.23,4,-18.82,Easy
512,4,Behaviour & Emotional Response,Hard,20.94,2,6.57,6,-5.34,Easy
512,5,Memory Match & Recall,Easy,44.87,2,5.68,3,23.93,Easy
513,1,Story & Conversation,Easy,74.06,4,3.47,1,0.0,Medium
513,2,Everyday Problem Solver,Medium,68.01,5,7.46,3,-6.05,Medium
513,3,My Life Memories,Easy,69.22,6,4.04,2,1.21,Medium
513,4,Story & Conversation,Medium,68.16,7,5.9,3,-1.06,Medium
513,5,Story & Conversation,Easy,74.91,6,1.5,2,6.75,Medium
514,1,Story & Conversation,Easy,94.95,8,2.15,0,0.0,Medium
514,2,Memory Match & Recall,Hard,66.24,4,7.65,2,-28.71,Medium
514,3,Memory Match & Recall,Medium,92.07,5,5.89,0,25.83,Medium
514,4,Memory Match & Recall,Medium,83.83,8,4.93,2,-8.24,Medium
514,5,Behaviour & Emotional Response,Hard,73.6,7,7.07,3,-10.23,Medium
515,1,My Life Memories,Medium,42.03,2,6.38,3,0.0,Medium
515,2,Behaviour & Emotional Response,Easy,58.1,6,6.19,4,16.07,Medium
515,3,Memory Match & Recall,Medium,45.83,5,5.07,5,-12.27,Medium
515,4,Behaviour & Emotional Response,Medium,45.83,3,5.14,3,0.0,Medium
515,5,Memory Match & Recall,Easy,53.99,4,3.98,4,8.16,Medium
516,1,Everyday Problem Solver,Medium,42.62,3,6.02,3,0.0,Easy
516,2,Memory Match & Recall,Medium,29.57,2,6.86,6,-13.05,Easy
516,3,Everyday Problem Solver,Easy,66.44,5,4.52,3,36.87,Easy
516,4,Everyday Problem Solver,Easy,49.11,5,8.0,5,-17.33,Easy
516,5,Story & Conversation,Easy,46.54,5,4.65,5,-2.57,Easy
517,1,Behaviour & Emotional Response,Easy,80.77,5,4.79,1,0.0,Medium
517,2,My Life Memories,Easy,71.2,6,3.29,2,-9.57,Medium
517,3,Behaviour & Emotional Response,Medium,63.64,4,3.78,2,-7.56,Medium
517,4,Behaviour & Emotional Response,Easy,77.48,5,3.7,1,13.84,Medium
517,5,Memory Match & Recall,Medium,59.73,3,6.53,2,-17.75,Medium
518,1,Everyday Problem Solver,Easy,54.93,3,4.36,3,0.0,Easy
518,2,Behaviour & Emotional Response,Medium,54.45,4,2.97,4,-0.48,Easy
518,3,Everyday Problem Solver,Hard,45.52,2,4.68,3,-8.93,Easy
518,4,Behaviour & Emotional Response,Medium,67.3,7,5.59,3,21.78,Easy
518,5,Memory Match & Recall,Hard,44.14,2,5.05,3,-23.16,Easy
519,1,Story & Conversation,Medium,62.1,6,4.97,4,0.0,Medium
519,2,Story & Conversation,Easy,68.62,7,4.52,3,6.52,Medium
519,3,My Life Memories,Medium,57.8,3,4.63,2,-10.82,Medium
519,4,Everyday Problem Solver,Easy,60.41,6,5.69,4,2.61,Medium
519,5,Behaviour & Emotional Response,Medium,66.22,3,4.04,2,5.81,Medium
520,1,My Life Memories,Easy,98.0,5,2.97,0,0.0,Hard
520,2,Behaviour & Emotional Response,Hard,83.12,5,6.11,1,-14.88,Hard
520,3,My Life Memories,Hard,81.85,5,5.13,1,-1.27,Hard
520,4,Everyday Problem Solver,Easy,98.0,8,3.9,0,16.15,Hard
520,5,Memory Match & Recall,Medium,97.82,5,2.43,0,-0.18,Hard
521,1,Memory Match & Recall,Medium,63.82,3,4.07,2,0.0,Medium
521,2,Behaviour & Emotional Response,Medium,51.37,4,4.55,4,-12.45,Medium
521,3,Story & Conversation,Easy,59.2,6,1.88,4,7.83,Medium
521,4,Everyday Problem Solver,Hard,44.61,2,6.11,3,-14.59,Medium
521,5,Story & Conversation,Medium,59.18,4,4.85,2,14.57,Medium
522,1,Memory Match & Recall,Medium,66.78,7,4.74,3,0.0,Hard
522,2,Memory Match & Recall,Medium,58.7,3,4.69,2,-8.08,Hard
522,3,Memory Match & Recall,Hard,55.12,3,7.55,2,-3.58,Hard
522,4,My Life Memories,Easy,71.38,4,4.55,1,16.26,Hard
522,5,Everyday Problem Solver,Easy,78.68,8,3.18,2,7.3,Hard
523,1,Memory Match & Recall,Easy,61.51,6,2.39,4,0.0,Easy
523,2,Memory Match & Recall,Easy,74.01,4,3.95,1,12.5,Easy
523,3,Behaviour & Emotional Response,Easy,74.52,7,4.38,3,0.51,Easy
523,4,My Life Memories,Easy,68.95,7,4.39,3,-5.57,Easy
523,5,Everyday Problem Solver,Hard,46.91,2,7.59,3,-22.04,Easy
524,1,My Life Memories,Medium,38.49,4,3.94,6,0.0,Easy
524,2,Behaviour & Emotional Response,Medium,44.58,4,4.75,4,6.09,Easy
524,3,Memory Match & Recall,Medium,39.55,3,6.21,5,-5.03,Easy
524,4,Behaviour & Emotional Response,Easy,54.34,3,5.19,2,14.79,Easy
524,5,Memory Match & Recall,Medium,39.77,2,3.5,3,-14.57,Easy
525,1,Behaviour & Emotional Response,Medium,59.7,4,5.77,2,0.0,Medium
525,2,Behaviour & Emotional Response,Easy,72.63,6,4.67,2,12.93,Medium
525,3,Story & Conversation,Medium,54.87,5,7.33,5,-17.76,Medium
525,4,Everyday Problem Solver,Easy,75.12,4,5.24,1,20.25,Medium
525,5,Memory Match & Recall,Easy,72.59,7,4.79,3,-2.53,Medium
526,1,Behaviour & Emotional Response,Hard,31.17,2,5.62,6,0.0,Easy
526,2,Story & Conversation,Medium,42.13,3,6.0,3,10.96,Easy
526,3,Everyday Problem Solver,Medium,36.06,3,4.39,5,-6.07,Easy
526,4,Story & Conversation,Medium,47.7,2,7.64,3,11.64,Easy
526,5,Behaviour & Emotional Response,Medium,45.63,3,5.84,3,-2.07,Easy
527,1,Memory Match & Recall,Easy,80.05,4,2.26,1,0.0,Medium
527,2,My Life Memories,Easy,70.46,4,2.49,2,-9.59,Medium
527,3,Everyday Problem Solver,Medium,46.36,4,5.49,4,-24.1,Medium
527,4,Everyday Problem Solver,Medium,63.73,6,4.65,4,17.37,Medium
527,5,Behaviour & Emotional Response,Medium,63.76,5,8.71,3,0.03,Medium
528,1,Behaviour & Emotional Response,Easy,69.19,6,3.67,2,0.0,Medium
528,2,Everyday Problem Solver,Easy,69.4,3,4.16,2,0.21,Medium
528,3,My Life Memories,Easy,66.66,3,6.65,2,-2.74,Medium
528,4,Everyday Problem Solver,Medium,67.69,7,5.12,3,1.03,Medium
528,5,Behaviour & Emotional Response,Easy,58.3,6,4.1,4,-9.39,Medium
529,1,Story & Conversation,Hard,81.62,8,6.97,2,0.0,Hard
529,2,Everyday Problem Solver,Medium,98.0,5,4.98,0,16.38,Hard
529,3,Story & Conversation,Easy,98.0,8,1.5,0,0.0,Hard
529,4,Memory Match & Recall,Medium,98.0,6,3.74,0,0.0,Hard
529,5,Story & Conversation,Medium,98.0,8,3.22,0,0.0,Hard
530,1,Memory Match & Recall,Hard,44.22,3,6.27,3,0.0,Hard
530,2,Everyday Problem Solver,Easy,60.83,4,5.95,2,16.61,Hard
530,3,Story & Conversation,Medium,55.44,4,3.05,4,-5.39,Hard
530,4,Behaviour & Emotional Response,Easy,69.87,4,4.48,2,14.43,Hard
530,5,Memory Match & Recall,Easy,72.98,6,6.05,2,3.11,Hard
531,1,Memory Match & Recall,Easy,65.74,4,3.15,2,0.0,Easy
531,2,My Life Memories,Medium,62.88,3,5.22,2,-2.86,Easy
531,3,Story & Conversation,Hard,44.93,4,3.65,4,-17.95,Easy
531,4,My Life Memories,Easy,79.62,6,2.89,2,34.69,Easy
531,5,Everyday Problem Solver,Hard,46.91,5,6.35,5,-32.71,Easy
532,1,Memory Match & Recall,Easy,43.09,3,2.11,3,0.0,Medium
532,2,Everyday Problem Solver,Easy,57.88,6,3.88,4,14.79,Medium
532,3,Story & Conversation,Easy,72.62,7,3.23,3,14.74,Medium
532,4,Everyday Problem Solver,Hard,29.02,2,5.39,4,-43.6,Medium
532,5,Behaviour & Emotional Response,Easy,59.51,4,3.96,2,30.49,Medium
533,1,Story & Conversation,Easy,73.31,6,2.76,2,0.0,Hard
533,2,Everyday Problem Solver,Hard,47.9,5,3.25,5,-25.41,Hard
533,3,Everyday Problem Solver,Medium,69.08,7,4.59,3,21.18,Hard
533,4,Behaviour & Emotional Response,Easy,79.9,8,5.85,2,10.82,Hard
533,5,Behaviour & Emotional Response,Medium,82.55,8,4.44,2,2.65,Hard
534,1,Everyday Problem Solver,Easy,39.69,3,3.96,5,0.0,Easy
534,2,Behaviour & Emotional Response,Medium,30.65,3,4.42,7,-9.04,Easy
534,3,My Life Memories,Easy,42.17,4,4.2,6,11.52,Easy
534,4,Behaviour & Emotional Response,Medium,33.78,2,5.48,4,-8.39,Easy
534,5,Everyday Problem Solver,Hard,29.25,3,4.97,7,-4.53,Easy
535,1,Everyday Problem Solver,Medium,73.19,6,2.97,2,0.0,Hard
535,2,My Life Memories,Hard,70.85,4,4.75,2,-2.34,Hard
535,3,Story & Conversation,Easy,93.99,5,1.5,0,23.14,Hard
535,4,Everyday Problem Solver,Medium,91.92,7,5.57,1,-2.07,Hard
535,5,My Life Memories,Medium,76.06,5,3.12,1,-15.86,Hard
536,1,Behaviour & Emotional Response,Easy,90.66,7,3.27,1,0.0,Hard
536,2,My Life Memories,Medium,72.99,7,4.5,3,-17.67,Hard
536,3,My Life Memories,Medium,86.72,9,5.66,1,13.73,Hard
536,4,Story & Conversation,Easy,91.19,5,2.45,0,4.47,Hard
536,5,Everyday Problem Solver,Medium,93.79,8,5.96,0,2.6,Hard
537,1,Memory Match & Recall,Medium,42.92,2,5.2,3,0.0,Easy
537,2,Story & Conversation,Hard,32.48,2,5.96,3,-10.44,Easy
537,3,Story & Conversation,Hard,15.0,1,6.0,4,-17.48,Easy
537,4,Memory Match & Recall,Easy,57.29,3,3.47,2,42.29,Easy
537,5,Behaviour & Emotional Response,Easy,50.1,3,4.39,3,-7.19,Easy
538,1,Story & Conversation,Easy,40.03,3,3.6,5,0.0,Easy
538,2,Everyday Problem Solver,Medium,24.53,1,5.2,5,-15.5,Easy
538,3,Behaviour & Emotional Response,Hard,18.55,1,6.64,4,-5.98,Easy
538,4,Story & Conversation,Easy,33.09,3,3.66,5,14.54,Easy
538,5,My Life Memories,Hard,18.79,1,3.9,4,-14.3,Easy
539,1,My Life Memories,Medium,63.09,4,6.5,2,0.0,Medium
539,2,My Life Memories,Easy,82.16,5,5.12,1,19.07,Medium
539,3,My Life Memories,Easy,83.18,8,2.23,2,1.02,Medium
539,4,My Life Memories,Easy,79.02,4,5.17,1,-4.16,Medium
539,5,Story & Conversation,Hard,64.69,6,7.2,4,-14.33,Medium
540,1,My Life Memories,Easy,70.25,7,3.48,3,0.0,Hard
540,2,Behaviour & Emotional Response,Easy,78.17,5,1.6,1,7.92,Hard
540,3,Behaviour & Emotional Response,Hard,67.09,5,6.29,3,-11.08,Hard
540,4,Memory Match & Recall,Medium,77.91,6,2.98,2,10.82,Hard
540,5,Story & Conversation,Easy,89.52,9,6.96,1,11.61,Hard
541,1,My Life Memories,Medium,44.82,4,5.14,4,0.0,Easy
541,2,Story & Conversation,Medium,32.42,2,5.83,3,-12.4,Easy
541,3,Everyday Problem Solver,Easy,58.19,5,3.81,3,25.77,Easy
541,4,Behaviour & Emotional Response,Medium,51.68,5,3.09,5,-6.51,Easy
541,5,My Life Memories,Easy,47.22,5,4.79,5,-4.46,Easy
542,1,Memory Match & Recall,Medium,56.08,3,6.02,3,0.0,Medium
542,2,My Life Memories,Easy,75.07,8,5.43,2,18.99,Medium
542,3,Story & Conversation,Easy,72.64,4,5.14,1,-2.43,Medium
542,4,Behaviour & Emotional Response,Easy,72.21,7,6.89,3,-0.43,Medium
542,5,Memory Match & Recall,Easy,71.51,4,6.95,1,-0.7,Medium
543,1,My Life Memories,Easy,62.27,4,6.14,2,0.0,Hard
543,2,Story & Conversation,Medium,62.78,3,6.02,2,0.51,Hard
543,3,My Life Memories,Easy,80.87,4,4.76,1,18.09,Hard
543,4,Everyday Problem Solver,Easy,71.47,7,5.6,3,-9.4,Hard
543,5,My Life Memories,Easy,76.53,4,5.21,1,5.06,Hard
544,1,Everyday Problem Solver,Medium,30.38,3,4.49,7,0.0,Easy
544,2,Memory Match & Recall,Medium,39.11,2,5.93,4,8.73,Easy
544,3,Everyday Problem Solver,Hard,20.13,2,6.72,6,-18.98,Easy
544,4,My Life Memories,Hard,15.0,2,8.13,8,-5.13,Easy
544,5,Everyday Problem Solver,Medium,45.64,4,5.61,4,30.64,Easy
545,1,Behaviour & Emotional Response,Easy,90.44,9,3.32,1,0.0,Hard
545,2,Story & Conversation,Easy,95.6,6,4.76,0,5.16,Hard
545,3,My Life Memories,Easy,94.49,9,4.89,1,-1.11,Hard
545,4,Behaviour & Emotional Response,Hard,78.19,6,4.48,2,-16.3,Hard
545,5,Behaviour & Emotional Response,Hard,80.97,8,6.69,2,2.78,Hard
546,1,My Life Memories,Medium,69.49,3,3.48,2,0.0,Hard
546,2,Story & Conversation,Medium,66.88,7,3.56,3,-2.61,Hard
546,3,Story & Conversation,Medium,58.89,5,4.27,3,-7.99,Hard
546,4,My Life Memories,Medium,61.42,4,4.35,2,2.53,Hard
546,5,My Life Memories,Easy,77.29,8,5.39,2,15.87,Hard
547,1,My Life Memories,Medium,45.67,3,6.5,3,0.0,Medium
547,2,Behaviour & Emotional Response,Easy,61.66,3,4.44,2,15.99,Medium
547,3,Everyday Problem Solver,Hard,48.86,3,6.15,3,-12.8,Medium
547,4,Story & Conversation,Hard,54.25,4,6.44,4,5.39,Medium
547,5,Memory Match & Recall,Medium,56.01,3,7.67,3,1.76,Medium
548,1,My Life Memories,Medium,62.03,3,6.16,2,0.0,Hard
548,2,Story & Conversation,Easy,75.91,4,4.87,1,13.88,Hard
548,3,Behaviour & Emotional Response,Medium,80.87,6,4.52,2,4.96,Hard
548,4,My Life Memories,Medium,65.51,5,5.12,3,-15.36,Hard
548,5,Everyday Problem Solver,Medium,75.34,8,3.09,2,9.83,Hard
549,1,Memory Match & Recall,Easy,36.99,4,2.74,6,0.0,Easy
549,2,My Life Memories,Easy,39.47,4,5.29,6,2.48,Easy
549,3,Everyday Problem Solver,Medium,28.17,1,3.56,4,-11.3,Easy
549,4,Story & Conversation,Easy,45.43,3,5.67,3,17.26,Easy
549,5,Story & Conversation,Medium,26.35,3,6.27,7,-19.08,Easy
550,1,My Life Memories,Medium,77.98,4,6.34,1,0.0,Hard
550,2,Behaviour & Emotional Response,Medium,86.97,9,4.38,1,8.99,Hard
550,3,Everyday Problem Solver,Medium,75.92,6,4.39,2,-11.05,Hard
550,4,Everyday Problem Solver,Easy,86.77,4,6.15,1,10.85,Hard
550,5,Behaviour & Emotional Response,Easy,80.19,6,3.33,2,-6.58,Hard
551,1,Memory Match & Recall,Medium,86.78,9,4.37,1,0.0,Hard
551,2,Everyday Problem Solver,Easy,97.28,5,4.63,0,10.5,Hard
551,3,Story & Conversation,Easy,98.0,8,4.31,0,0.72,Hard
551,4,Everyday Problem Solver,Easy,98.0,5,7.39,0,0.0,Hard
551,5,Behaviour & Emotional Response,Easy,98.0,5,4.28,0,0.0,Hard
552,1,Behaviour & Emotional Response,Medium,68.65,3,7.82,2,0.0,Medium
552,2,My Life Memories,Medium,73.42,7,4.59,3,4.77,Medium
552,3,Memory Match & Recall,Medium,68.82,3,6.27,2,-4.6,Medium
552,4,My Life Memories,Medium,80.54,5,4.26,1,11.72,Medium
552,5,Story & Conversation,Hard,68.3,4,3.94,2,-12.24,Medium
553,1,Memory Match & Recall,Easy,75.49,4,6.44,1,0.0,Medium
553,2,Memory Match & Recall,Easy,69.65,4,2.91,2,-5.84,Medium
553,3,Memory Match & Recall,Easy,70.4,4,2.83,1,0.75,Medium
553,4,Everyday Problem Solver,Medium,75.29,4,6.76,1,4.89,Medium
553,5,My Life Memories,Medium,70.7,6,6.4,2,-4.59,Medium
554,1,Story & Conversation,Medium,61.44,4,4.61,2,0.0,Medium
554,2,Behaviour & Emotional Response,Easy,71.65,7,2.57,3,10.21,Medium
554,3,My Life Memories,Easy,76.59,5,4.34,1,4.94,Medium
554,4,Memory Match & Recall,Medium,70.98,4,5.04,2,-5.61,Medium
554,5,Memory Match & Recall,Medium,67.03,5,3.92,3,-3.95,Medium
555,1,Memory Match & Recall,Medium,65.51,7,3.6,3,0.0,Medium
555,2,Everyday Problem Solver,Easy,73.11,6,4.69,2,7.6,Medium
555,3,Behaviour & Emotional Response,Medium,59.77,3,4.32,2,-13.34,Medium
555,4,Everyday Problem Solver,Medium,66.97,7,3.6,3,7.2,Medium
555,5,Memory Match & Recall,Medium,69.18,4,3.87,2,2.21,Medium
556,1,Story & Conversation,Hard,77.97,6,4.64,2,0.0,Medium
556,2,My Life Memories,Medium,80.65,5,3.98,1,2.68,Medium
556,3,Story & Conversation,Easy,95.19,8,2.72,0,14.54,Medium
556,4,My Life Memories,Easy,93.33,5,3.21,0,-1.86,Medium
556,5,Behaviour & Emotional Response,Hard,68.7,7,4.51,3,-24.63,Medium
557,1,My Life Memories,Medium,67.31,4,5.62,2,0.0,Medium
557,2,Behaviour & Emotional Response,Medium,71.77,4,4.79,1,4.46,Medium
557,3,Everyday Problem Solver,Easy,86.22,4,3.4,1,14.45,Medium
557,4,Story & Conversation,Easy,88.1,9,6.13,1,1.88,Medium
557,5,Everyday Problem Solver,Medium,73.67,4,6.32,1,-14.43,Medium
558,1,Everyday Problem Solver,Medium,77.57,6,3.13,2,0.0,Hard
558,2,Everyday Problem Solver,Easy,95.78,6,3.58,0,18.21,Hard
558,3,Memory Match & Recall,Easy,98.0,10,4.26,0,2.22,Hard
558,4,Story & Conversation,Easy,92.16,7,2.89,1,-5.84,Hard
558,5,Memory Match & Recall,Medium,95.01,10,4.05,0,2.85,Hard
559,1,Story & Conversation,Medium,66.39,4,4.39,2,0.0,Medium
559,2,Story & Conversation,Easy,71.88,4,4.41,2,5.49,Medium
559,3,Behaviour & Emotional Response,Easy,77.76,5,5.09,1,5.88,Medium
559,4,Everyday Problem Solver,Medium,63.84,6,5.07,4,-13.92,Medium
559,5,Behaviour & Emotional Response,Easy,74.43,7,2.63,3,10.59,Medium
560,1,Memory Match & Recall,Easy,85.22,9,3.26,1,0.0,Medium
560,2,Memory Match & Recall,Hard,48.73,2,4.87,3,-36.49,Medium
560,3,Everyday Problem Solver,Hard,59.21,4,6.36,2,10.48,Medium
560,4,Memory Match & Recall,Easy,77.41,5,3.28,1,18.2,Medium
560,5,Everyday Problem Solver,Medium,70.42,7,3.06,3,-6.99,Medium
561,1,My Life Memories,Easy,77.38,5,2.88,1,0.0,Medium
561,2,Everyday Problem Solver,Medium,54.46,3,6.96,3,-22.92,Medium
561,3,Story & Conversation,Easy,71.48,7,5.79,3,17.02,Medium
561,4,Everyday Problem Solver,Easy,75.73,8,4.2,2,4.25,Medium
561,5,Memory Match & Recall,Hard,58.78,5,4.77,3,-16.95,Medium
562,1,My Life Memories,Medium,59.7,6,3.44,4,0.0,Medium
562,2,My Life Memories,Medium,65.51,7,4.66,3,5.81,Medium
562,3,Everyday Problem Solver,Hard,52.05,5,4.43,5,-13.46,Medium
562,4,Memory Match & Recall,Medium,76.04,8,5.94,2,23.99,Medium
562,5,Memory Match & Recall,Medium,73.77,6,4.54,2,-2.27,Medium
563,1,Behaviour & Emotional Response,Medium,45.78,3,5.06,3,0.0,Easy
563,2,Story & Conversation,Medium,31.07,2,5.75,6,-14.71,Easy
563,3,My Life Memories,Easy,54.06,5,4.54,5,22.99,Easy
563,4,Memory Match & Recall,Easy,56.23,6,5.85,4,2.17,Easy
563,5,Everyday Problem Solver,Easy,43.6,3,3.84,3,-12.63,Easy
564,1,Memory Match & Recall,Easy,68.09,5,4.28,3,0.0,Hard
564,2,My Life Memories,Medium,67.28,7,4.39,3,-0.81,Hard
564,3,My Life Memories,Hard,63.57,5,5.36,3,-3.71,Hard
564,4,My Life Memories,Medium,75.55,4,3.58,1,11.98,Hard
564,5,My Life Memories,Hard,82.11,4,7.88,1,6.56,Hard
565,1,My Life Memories,Hard,40.06,2,5.5,4,0.0,Easy
565,2,Everyday Problem Solver,Medium,44.84,4,5.07,4,4.78,Easy
565,3,Story & Conversation,Medium,41.61,4,6.35,6,-3.23,Easy
565,4,Story & Conversation,Medium,47.82,5,4.55,5,6.21,Easy
565,5,My Life Memories,Medium,40.74,2,4.1,4,-7.08,Easy
566,1,My Life Memories,Easy,45.45,4,3.2,4,0.0,Medium
566,2,Memory Match & Recall,Medium,35.29,2,6.86,4,-10.16,Medium
566,3,Story & Conversation,Medium,45.58,3,5.1,3,10.29,Medium
566,4,Story & Conversation,Easy,49.36,3,6.86,3,3.78,Medium
566,5,Memory Match & Recall,Easy,54.5,3,4.17,2,5.14,Medium
567,1,My Life Memories,Medium,40.97,2,6.17,3,0.0,Medium
567,2,Behaviour & Emotional Response,Hard,24.32,2,6.45,8,-16.65,Medium
567,3,Everyday Problem Solver,Hard,27.43,2,5.86,6,3.11,Medium
567,4,Story & Conversation,Medium,28.18,3,5.01,7,0.75,Medium
567,5,Behaviour & Emotional Response,Easy,60.43,6,3.76,4,32.25,Medium
568,1,Memory Match & Recall,Easy,66.25,5,4.9,3,0.0,Hard
568,2,Everyday Problem Solver,Easy,70.99,4,3.3,2,4.74,Hard
568,3,My Life Memories,Medium,71.78,4,6.04,1,0.79,Hard
568,4,Everyday Problem Solver,Hard,49.66,2,6.5,3,-22.12,Hard
568,5,Memory Match & Recall,Easy,80.01,8,5.13,2,30.35,Hard
569,1,Behaviour & Emotional Response,Medium,40.63,3,4.49,5,0.0,Easy
569,2,My Life Memories,Easy,43.94,4,7.81,4,3.31,Easy
569,3,Everyday Problem Solver,Medium,39.4,2,4.72,4,-4.54,Easy
569,4,My Life Memories,Easy,35.85,2,6.38,3,-3.55,Easy
569,5,My Life Memories,Medium,32.51,2,4.04,4,-3.34,Easy
570,1,Everyday Problem Solver,Easy,73.53,4,5.34,2,0.0,Medium
570,2,Everyday Problem Solver,Easy,65.58,7,4.85,3,-7.95,Medium
570,3,My Life Memories,Medium,54.43,3,5.23,2,-11.15,Medium
570,4,Everyday Problem Solver,Easy,69.97,3,5.6,2,15.54,Medium
570,5,My Life Memories,Easy,76.83,4,4.98,1,6.86,Medium
571,1,Story & Conversation,Easy,69.02,4,4.34,2,0.0,Medium
571,2,My Life Memories,Medium,49.57,2,4.62,3,-19.45,Medium
571,3,Memory Match & Recall,Easy,68.07,3,5.55,2,18.5,Medium
571,4,Behaviour & Emotional Response,Medium,57.96,3,3.59,2,-10.11,Medium
571,5,Memory Match & Recall,Easy,70.91,4,4.57,1,12.95,Medium
572,1,My Life Memories,Medium,68.31,5,6.18,3,0.0,Medium
572,2,My Life Memories,Medium,60.72,5,4.27,3,-7.59,Medium
572,3,Behaviour & Emotional Response,Medium,59.55,5,5.86,3,-1.17,Medium
572,4,Story & Conversation,Hard,63.98,4,5.41,2,4.43,Medium
572,5,Story & Conversation,Medium,67.34,7,6.72,3,3.36,Medium
573,1,Behaviour & Emotional Response,Easy,80.2,6,2.93,2,0.0,Medium
573,2,Story & Conversation,Hard,61.16,3,4.7,2,-19.04,Medium
573,3,My Life Memories,Hard,51.78,5,5.47,5,-9.38,Medium
573,4,Everyday Problem Solver,Easy,78.57,4,4.11,1,26.79,Medium
573,5,Behaviour & Emotional Response,Easy,74.94,4,5.55,2,-3.63,Medium
574,1,Story & Conversation,Medium,65.23,7,6.15,3,0.0,Medium
574,2,Behaviour & Emotional Response,Medium,73.55,4,5.94,2,8.32,Medium
574,3,Memory Match & Recall,Hard,67.5,5,5.79,3,-6.05,Medium
574,4,Memory Match & Recall,Medium,80.3,4,6.31,1,12.8,Medium
574,5,Story & Conversation,Medium,75.48,5,5.63,1,-4.82,Medium
575,1,Behaviour & Emotional Response,Medium,80.82,4,7.64,1,0.0,Medium
575,2,Story & Conversation,Medium,74.85,7,6.05,3,-5.97,Medium
575,3,Memory Match & Recall,Medium,78.88,6,6.35,2,4.03,Medium
575,4,Behaviour & Emotional Response,Easy,90.97,5,3.81,1,12.09,Medium
575,5,Behaviour & Emotional Response,Hard,78.36,4,5.08,1,-12.61,Medium
576,1,Everyday Problem Solver,Medium,35.71,2,5.96,3,0.0,Medium
576,2,Story & Conversation,Hard,36.66,4,6.14,6,0.95,Medium
576,3,Everyday Problem Solver,Hard,37.72,2,4.37,3,1.06,Medium
576,4,My Life Memories,Medium,40.65,2,4.83,4,2.93,Medium
576,5,Everyday Problem Solver,Easy,54.12,3,4.67,2,13.47,Medium
577,1,Memory Match & Recall,Medium,67.69,3,5.13,2,0.0,Medium
577,2,Everyday Problem Solver,Hard,59.59,5,4.71,3,-8.1,Medium
577,3,My Life Memories,Medium,72.68,4,4.75,2,13.09,Medium
577,4,Story & Conversation,Medium,73.87,4,4.95,1,1.19,Medium
577,5,Everyday Problem Solver,Hard,64.82,6,5.26,4,-9.05,Medium
578,1,Memory Match & Recall,Medium,72.07,6,4.06,2,0.0,Hard
578,2,Everyday Problem Solver,Hard,85.27,4,4.37,1,13.2,Hard
578,3,Story & Conversation,Medium,73.97,7,5.79,3,-11.3,Hard
578,4,Behaviour & Emotional Response,Hard,59.13,6,5.54,4,-14.84,Hard
578,5,Everyday Problem Solver,Easy,98.0,5,2.36,0,38.87,Hard
579,1,Story & Conversation,Easy,31.28,2,5.83,3,0.0,Easy
579,2,Story & Conversation,Medium,38.52,2,4.58,4,7.24,Easy
579,3,Memory Match & Recall,Medium,37.37,2,6.87,4,-1.15,Easy
579,4,Story & Conversation,Hard,33.49,2,5.74,3,-3.88,Easy
579,5,Story & Conversation,Easy,32.46,2,3.76,4,-1.03,Easy
580,1,My Life Memories,Hard,40.04,3,5.75,5,0.0,Hard
580,2,Story & Conversation,Medium,61.81,4,6.53,2,21.77,Hard
580,3,Behaviour & Emotional Response,Medium,55.57,3,6.37,3,-6.24,Hard
580,4,Memory Match & Recall,Medium,60.24,6,5.1,4,4.67,Hard
580,5,Story & Conversation,Easy,75.04,6,4.49,2,14.8,Hard
581,1,Everyday Problem Solver,Medium,82.24,8,4.22,2,0.0,Hard
581,2,Everyday Problem Solver,Medium,91.61,5,5.29,1,9.37,Hard
581,3,Memory Match & Recall,Medium,98.0,8,4.69,0,6.39,Hard
581,4,Behaviour & Emotional Response,Hard,74.83,4,6.71,1,-23.17,Hard
581,5,Story & Conversation,Hard,89.4,9,3.25,1,14.57,Hard
582,1,Everyday Problem Solver,Medium,50.4,5,4.3,5,0.0,Medium
582,2,Memory Match & Recall,Hard,44.03,4,6.92,4,-6.37,Medium
582,3,Everyday Problem Solver,Hard,51.64,3,4.34,3,7.61,Medium
582,4,Everyday Problem Solver,Medium,69.72,3,3.22,2,18.08,Medium
582,5,Everyday Problem Solver,Hard,55.92,6,4.88,4,-13.8,Medium
583,1,Story & Conversation,Hard,45.54,3,6.56,3,0.0,Medium
583,2,Memory Match & Recall,Medium,64.04,5,4.89,3,18.5,Medium
583,3,My Life Memories,Medium,59.35,5,4.5,3,-4.69,Medium
583,4,My Life Memories,Medium,60.11,5,5.55,3,0.76,Medium
583,5,Story & Conversation,Medium,59.92,4,2.86,2,-0.19,Medium
584,1,Behaviour & Emotional Response,Medium,67.16,4,4.15,2,0.0,Medium
584,2,Story & Conversation,Medium,58.77,3,6.8,2,-8.39,Medium
584,3,Story & Conversation,Medium,70.92,4,4.66,2,12.15,Medium
584,4,Behaviour & Emotional Response,Easy,72.65,7,3.43,3,1.73,Medium
584,5,Story & Conversation,Hard,66.79,4,5.93,2,-5.86,Medium
585,1,Everyday Problem Solver,Hard,42.8,3,4.98,3,0.0,Easy
585,2,Memory Match & Recall,Medium,62.25,3,6.63,2,19.45,Easy
585,3,Everyday Problem Solver,Medium,51.94,5,4.33,5,-10.31,Easy
585,4,Everyday Problem Solver,Hard,28.53,1,4.29,4,-23.41,Easy
585,5,Story & Conversation,Hard,37.7,2,6.16,4,9.17,Easy
586,1,Memory Match & Recall,Easy,57.03,5,4.21,3,0.0,Medium
586,2,Behaviour & Emotional Response,Medium,59.64,4,5.66,2,2.61,Medium
586,3,My Life Memories,Easy,56.71,3,4.39,2,-2.93,Medium
586,4,Everyday Problem Solver,Medium,51.31,4,6.17,4,-5.4,Medium
586,5,Behaviour & Emotional Response,Hard,53.81,5,4.79,5,2.5,Medium
587,1,Memory Match & Recall,Medium,45.74,5,2.43,5,0.0,Easy
587,2,Story & Conversation,Medium,52.03,5,4.76,5,6.29,Easy
587,3,Story & Conversation,Easy,67.33,3,3.14,2,15.3,Easy
587,4,Memory Match & Recall,Easy,59.29,4,2.72,2,-8.04,Easy
587,5,Memory Match & Recall,Medium,48.48,5,3.69,5,-10.81,Easy
588,1,Story & Conversation,Medium,70.75,4,5.08,1,0.0,Medium
588,2,Behaviour & Emotional Response,Easy,84.16,8,2.8,2,13.41,Medium
588,3,My Life Memories,Easy,86.93,5,5.02,1,2.77,Medium
588,4,Memory Match & Recall,Easy,82.19,5,5.31,1,-4.74,Medium
588,5,My Life Memories,Hard,63.84,3,5.21,2,-18.35,Medium
589,1,My Life Memories,Medium,63.98,6,5.03,4,0.0,Medium
589,2,Memory Match & Recall,Medium,67.57,3,5.11,2,3.59,Medium
589,3,Everyday Problem Solver,Hard,44.68,2,3.75,3,-22.89,Medium
589,4,Everyday Problem Solver,Hard,64.16,4,7.03,2,19.48,Medium
589,5,Memory Match & Recall,Medium,68.5,5,4.66,3,4.34,Medium
590,1,Memory Match & Recall,Easy,78.58,5,1.94,1,0.0,Medium
590,2,Everyday Problem Solver,Easy,70.6,6,4.04,2,-7.98,Medium
590,3,Memory Match & Recall,Easy,81.64,4,7.34,1,11.04,Medium
590,4,Behaviour & Emotional Response,Easy,77.55,5,2.69,1,-4.09,Medium
590,5,My Life Memories,Hard,60.83,3,7.4,2,-16.72,Medium
591,1,Everyday Problem Solver,Easy,66.18,5,5.62,3,0.0,Medium
591,2,Behaviour & Emotional Response,Medium,67.1,7,3.73,3,0.92,Medium
591,3,Story & Conversation,Medium,66.91,5,6.16,3,-0.19,Medium
591,4,Behaviour & Emotional Response,Medium,73.21,4,4.83,2,6.3,Medium
591,5,Memory Match & Recall,Medium,65.47,3,6.45,2,-7.74,Medium
592,1,Everyday Problem Solver,Easy,54.48,3,2.92,3,0.0,Medium
592,2,Story & Conversation,Hard,37.74,2,5.69,4,-16.74,Medium
592,3,Everyday Problem Solver,Medium,52.46,3,5.67,3,14.72,Medium
592,4,Behaviour & Emotional Response,Medium,39.01,2,6.9,4,-13.45,Medium
592,5,Behaviour & Emotional Response,Medium,57.16,5,6.1,3,18.15,Medium
593,1,Story & Conversation,Medium,46.74,3,5.3,3,0.0,Medium
593,2,My Life Memories,Medium,45.85,4,7.16,4,-0.89,Medium
593,3,My Life Memories,Hard,40.44,2,2.73,4,-5.41,Medium
593,4,Behaviour & Emotional Response,Easy,65.11,5,4.06,3,24.67,Medium
593,5,Everyday Problem Solver,Medium,54.13,3,4.62,3,-10.98,Medium
594,1,My Life Memories,Hard,66.82,5,6.11,3,0.0,Hard
594,2,My Life Memories,Medium,71.57,4,4.88,2,4.75,Hard
594,3,Memory Match & Recall,Easy,85.22,4,3.36,1,13.65,Hard
594,4,Behaviour & Emotional Response,Medium,80.08,6,5.41,2,-5.14,Hard
594,5,Memory Match & Recall,Medium,87.35,7,6.31,1,7.27,Hard
595,1,Story & Conversation,Easy,64.64,4,3.34,2,0.0,Easy
595,2,Story & Conversation,Easy,65.39,7,3.86,3,0.75,Easy
595,3,Everyday Problem Solver,Medium,46.58,2,5.46,3,-18.81,Easy
595,4,Memory Match & Recall,Easy,48.17,4,2.51,4,1.59,Easy
595,5,Behaviour & Emotional Response,Hard,42.65,4,6.06,6,-5.52,Easy
596,1,Memory Match & Recall,Medium,44.98,4,4.16,4,0.0,Medium
596,2,Behaviour & Emotional Response,Easy,68.31,3,5.15,2,23.33,Medium
596,3,Memory Match & Recall,Easy,67.36,7,5.85,3,-0.95,Medium
596,4,Everyday Problem Solver,Easy,71.34,7,3.53,3,3.98,Medium
596,5,My Life Memories,Medium,58.78,5,3.35,3,-12.56,Medium
597,1,Memory Match & Recall,Medium,65.05,4,5.8,2,0.0,Hard
597,2,Everyday Problem Solver,Easy,78.29,6,4.01,2,13.24,Hard
597,3,Memory Match & Recall,Hard,57.45,5,5.61,3,-20.84,Hard
597,4,Everyday Problem Solver,Medium,71.71,7,4.9,3,14.26,Hard
597,5,My Life Memories,Easy,78.62,6,6.14,2,6.91,Hard
598,1,My Life Memories,Medium,58.41,5,6.58,3,0.0,Medium
598,2,My Life Memories,Medium,57.8,3,3.45,3,-0.61,Medium
598,3,Story & Conversation,Medium,72.96,4,4.35,1,15.16,Medium
598,4,Story & Conversation,Medium,62.55,5,6.39,3,-10.41,Medium
598,5,Memory Match & Recall,Medium,59.45,3,3.81,2,-3.1,Medium
599,1,Everyday Problem Solver,Hard,41.05,2,5.63,4,0.0,Medium
599,2,Behaviour & Emotional Response,Easy,76.78,6,4.06,2,35.73,Medium
599,3,Behaviour & Emotional Response,Hard,45.55,2,7.85,3,-31.23,Medium
599,4,My Life Memories,Medium,68.93,4,6.67,2,23.38,Medium
599,5,My Life Memories,Medium,68.25,3,3.9,2,-0.68,Medium
600,1,My Life Memories,Easy,72.74,4,3.0,2,0.0,Easy
600,2,Memory Match & Recall,Medium,74.36,6,4.16,2,1.62,Easy
600,3,Everyday Problem Solver,Hard,44.0,2,7.54,3,-30.36,Easy
600,4,Behaviour & Emotional Response,Medium,65.51,4,4.25,2,21.51,Easy
600,5,Behaviour & Emotional Response,Hard,47.45,3,8.01,3,-18.06,Easy
601,1,Memory Match & Recall,Medium,41.01,2,6.27,4,0.0,Easy
601,2,Behaviour & Emotional Response,Medium,44.69,2,5.07,3,3.68,Easy
601,3,My Life Memories,Medium,33.45,2,4.26,4,-11.24,Easy
601,4,Story & Conversation,Hard,34.28,3,5.08,5,0.83,Easy
601,5,Everyday Problem Solver,Hard,35.88,2,6.83,3,1.6,Easy
602,1,Story & Conversation,Easy,77.08,6,7.02,2,0.0,Medium
602,2,Story & Conversation,Easy,90.54,9,4.27,1,13.46,Medium
602,3,Everyday Problem Solver,Hard,71.97,4,8.56,1,-18.57,Medium
602,4,My Life Memories,Hard,58.31,6,5.56,4,-13.66,Medium
602,5,Memory Match & Recall,Medium,66.17,7,5.2,3,7.86,Medium
603,1,Story & Conversation,Easy,75.25,4,3.61,1,0.0,Medium
603,2,Memory Match & Recall,Easy,64.68,4,4.93,2,-10.57,Medium
603,3,My Life Memories,Medium,77.21,4,4.17,1,12.53,Medium
603,4,My Life Memories,Medium,72.62,4,3.04,1,-4.59,Medium
603,5,Behaviour & Emotional Response,Medium,74.22,4,4.43,2,1.6,Medium
604,1,My Life Memories,Easy,54.0,5,4.1,5,0.0,Easy
604,2,Memory Match & Recall,Easy,62.36,5,2.93,3,8.36,Easy
604,3,Everyday Problem Solver,Medium,49.18,4,5.06,4,-13.18,Easy
604,4,Story & Conversation,Medium,46.47,3,7.28,3,-2.71,Easy
604,5,Behaviour & Emotional Response,Hard,37.44,2,5.2,3,-9.03,Easy
605,1,My Life Memories,Medium,56.12,6,5.71,4,0.0,Medium
605,2,Everyday Problem Solver,Easy,51.21,5,5.92,5,-4.91,Medium
605,3,Memory Match & Recall,Medium,49.53,3,5.41,3,-1.68,Medium
605,4,Memory Match & Recall,Easy,57.76,3,3.64,2,8.23,Medium
605,5,Everyday Problem Solver,Medium,53.35,4,4.42,4,-4.41,Medium
606,1,Memory Match & Recall,Easy,89.64,5,6.13,1,0.0,Hard
606,2,My Life Memories,Hard,76.08,6,6.05,2,-13.56,Hard
606,3,Memory Match & Recall,Medium,95.25,10,3.98,0,19.17,Hard
606,4,Everyday Problem Solver,Easy,98.0,10,1.5,0,2.75,Hard
606,5,Behaviour & Emotional Response,Medium,88.93,9,3.68,1,-9.07,Hard
607,1,Everyday Problem Solver,Easy,49.91,2,5.06,3,0.0,Easy
607,2,Memory Match & Recall,Easy,56.91,5,4.83,3,7.0,Easy
607,3,Behaviour & Emotional Response,Easy,50.2,3,5.04,3,-6.71,Easy
607,4,Memory Match & Recall,Medium,46.44,4,6.25,4,-3.76,Easy
607,5,My Life Memories,Hard,39.86,2,6.02,3,-6.58,Easy
608,1,My Life Memories,Medium,42.62,3,4.5,5,0.0,Easy
608,2,My Life Memories,Easy,56.15,6,4.87,4,13.53,Easy
608,3,Everyday Problem Solver,Medium,53.83,3,5.01,3,-2.32,Easy
608,4,Everyday Problem Solver,Easy,61.14,3,4.68,2,7.31,Easy
608,5,Story & Conversation,Hard,37.45,2,4.89,4,-23.69,Easy
609,1,My Life Memories,Easy,39.5,2,5.25,3,0.0,Medium
609,2,Behaviour & Emotional Response,Medium,30.95,2,4.97,4,-8.55,Medium
609,3,Behaviour & Emotional Response,Medium,39.47,2,5.81,4,8.52,Medium
609,4,Everyday Problem Solver,Easy,41.69,4,5.86,6,2.22,Medium
609,5,Memory Match & Recall,Easy,56.43,3,3.19,3,14.74,Medium
610,1,Everyday Problem Solver,Medium,54.79,3,4.89,3,0.0,Medium
610,2,Memory Match & Recall,Hard,23.82,2,4.43,8,-30.97,Medium
610,3,My Life Memories,Medium,49.15,3,3.71,3,25.33,Medium
610,4,Everyday Problem Solver,Easy,59.66,6,4.56,4,10.51,Medium
610,5,Memory Match & Recall,Medium,62.42,3,4.65,2,2.76,Medium
611,1,Story & Conversation,Easy,94.66,8,5.96,0,0.0,Hard
611,2,Story & Conversation,Hard,67.3,7,3.41,3,-27.36,Hard
611,3,Everyday Problem Solver,Easy,91.85,5,5.52,0,24.55,Hard
611,4,Everyday Problem Solver,Easy,90.1,5,6.37,0,-1.75,Hard
611,5,Story & Conversation,Easy,97.25,10,4.9,0,7.15,Hard
612,1,Story & Conversation,Hard,66.3,3,2.78,2,0.0,Hard
612,2,My Life Memories,Easy,84.8,8,5.76,2,18.5,Hard
612,3,Story & Conversation,Easy,84.45,4,4.06,1,-0.35,Hard
612,4,Memory Match & Recall,Medium,74.53,4,7.04,2,-9.92,Hard
612,5,Story & Conversation,Medium,92.38,7,3.7,1,17.85,Hard
613,1,Behaviour & Emotional Response,Medium,58.13,5,5.77,3,0.0,Medium
613,2,Everyday Problem Solver,Medium,66.77,4,5.94,2,8.64,Medium
613,3,Behaviour & Emotional Response,Medium,67.2,3,8.48,2,0.43,Medium
613,4,Everyday Problem Solver,Medium,60.54,3,2.96,2,-6.66,Medium
613,5,Memory Match & Recall,Medium,65.85,4,3.09,2,5.31,Medium
614,1,Everyday Problem Solver,Medium,31.61,2,4.14,3,0.0,Medium
614,2,Memory Match & Recall,Hard,21.39,2,6.75,6,-10.22,Medium
614,3,Story & Conversation,Medium,37.58,2,4.98,4,16.19,Medium
614,4,Behaviour & Emotional Response,Medium,47.48,2,4.2,3,9.9,Medium
614,5,Everyday Problem Solver,Easy,52.03,4,5.02,4,4.55,Medium
615,1,Behaviour & Emotional Response,Hard,15.0,1,6.6,7,0.0,Easy
615,2,My Life Memories,Medium,35.33,2,7.69,3,20.33,Easy
615,3,My Life Memories,Easy,44.83,4,5.63,6,9.5,Easy
615,4,Behaviour & Emotional Response,Hard,22.2,1,6.48,4,-22.63,Easy
615,5,Everyday Problem Solver,Medium,46.88,3,2.58,3,24.68,Easy
616,1,Story & Conversation,Easy,89.02,4,4.63,1,0.0,Medium
616,2,Everyday Problem Solver,Medium,77.61,8,4.12,2,-11.41,Medium
616,3,My Life Memories,Medium,69.01,3,4.99,2,-8.6,Medium
616,4,Everyday Problem Solver,Medium,57.4,6,3.64,4,-11.61,Medium
616,5,Behaviour & Emotional Response,Medium,65.62,7,5.96,3,8.22,Medium
617,1,Behaviour & Emotional Response,Easy,85.03,5,5.31,1,0.0,Medium
617,2,Memory Match & Recall,Easy,83.6,5,5.77,1,-1.43,Medium
617,3,Behaviour & Emotional Response,Medium,76.14,8,4.96,2,-7.46,Medium
617,4,Behaviour & Emotional Response,Medium,75.99,6,5.71,2,-0.15,Medium
617,5,Story & Conversation,Hard,64.56,5,6.96,3,-11.43,Medium
618,1,Story & Conversation,Medium,36.42,2,6.03,4,0.0,Medium
618,2,Everyday Problem Solver,Easy,53.99,3,4.02,3,17.57,Medium
618,3,Story & Conversation,Easy,61.36,4,3.78,2,7.37,Medium
618,4,Story & Conversation,Hard,34.32,3,7.7,5,-27.04,Medium
618,5,Memory Match & Recall,Medium,58.25,3,6.92,3,23.93,Medium
619,1,Everyday Problem Solver,Medium,63.15,3,3.86,2,0.0,Medium
619,2,Story & Conversation,Medium,51.83,4,2.26,4,-11.32,Medium
619,3,Story & Conversation,Easy,78.81,6,3.33,2,26.98,Medium
619,4,Everyday Problem Solver,Medium,59.51,5,3.93,3,-19.3,Medium
619,5,Story & Conversation,Hard,53.94,3,5.42,2,-5.57,Medium
620,1,Story & Conversation,Easy,53.08,4,2.85,4,0.0,Easy
620,2,Everyday Problem Solver,Easy,46.9,2,2.1,3,-6.18,Easy
620,3,Behaviour & Emotional Response,Medium,34.88,2,5.44,3,-12.02,Easy
620,4,My Life Memories,Hard,21.14,2,4.35,6,-13.74,Easy
620,5,Behaviour & Emotional Response,Medium,46.41,5,4.48,5,25.27,Easy
621,1,Everyday Problem Solver,Easy,98.0,6,3.17,0,0.0,Hard
621,2,Behaviour & Emotional Response,Medium,94.72,9,5.64,1,-3.28,Hard
621,3,Everyday Problem Solver,Medium,89.3,9,2.99,1,-5.42,Hard
621,4,Story & Conversation,Easy,98.0,10,4.01,0,8.7,Hard
621,5,Memory Match & Recall,Medium,93.27,9,5.28,1,-4.73,Hard
622,1,Everyday Problem Solver,Hard,29.83,2,6.19,4,0.0,Medium
622,2,Everyday Problem Solver,Medium,52.55,3,3.67,3,22.72,Medium
622,3,Story & Conversation,Easy,67.31,4,2.34,2,14.76,Medium
622,4,Everyday Problem Solver,Hard,37.77,2,5.69,4,-29.54,Medium
622,5,Memory Match & Recall,Easy,60.92,6,3.83,4,23.15,Medium
623,1,Everyday Problem Solver,Medium,82.96,8,7.77,2,0.0,Hard
623,2,Memory Match & Recall,Medium,92.19,6,4.87,0,9.23,Hard
623,3,Memory Match & Recall,Medium,93.92,9,7.78,1,1.73,Hard
623,4,My Life Memories,Easy,96.6,5,2.88,0,2.68,Hard
623,5,Memory Match & Recall,Easy,98.0,5,4.25,0,1.4,Hard
624,1,Story & Conversation,Easy,44.25,2,6.68,3,0.0,Easy
624,2,Memory Match & Recall,Hard,24.52,1,5.75,4,-19.73,Easy
624,3,Behaviour & Emotional Response,Medium,33.4,3,6.31,5,8.88,Easy
624,4,Memory Match & Recall,Easy,43.66,4,6.87,6,10.26,Easy
624,5,Behaviour & Emotional Response,Hard,39.71,2,6.29,4,-3.95,Easy
625,1,Story & Conversation,Easy,76.01,5,5.71,1,0.0,Easy
625,2,Everyday Problem Solver,Easy,66.49,5,3.84,3,-9.52,Easy
625,3,Behaviour & Emotional Response,Easy,64.89,3,4.97,2,-1.6,Easy
625,4,Memory Match & Recall,Medium,68.33,3,3.33,2,3.44,Easy
625,5,Behaviour & Emotional Response,Hard,51.1,5,4.27,5,-17.23,Easy
626,1,Everyday Problem Solver,Easy,59.82,4,3.64,2,0.0,Medium
626,2,Memory Match & Recall,Easy,56.21,6,2.6,4,-3.61,Medium
626,3,Everyday Problem Solver,Medium,50.64,4,5.04,4,-5.57,Medium
626,4,Everyday Problem Solver,Hard,34.64,3,5.8,7,-16.0,Medium
626,5,Memory Match & Recall,Medium,53.6,3,4.09,2,18.96,Medium
627,1,Everyday Problem Solver,Easy,58.69,5,3.77,3,0.0,Easy
627,2,Story & Conversation,Easy,48.78,4,5.82,4,-9.91,Easy
627,3,Memory Match & Recall,Medium,62.03,3,3.51,2,13.25,Easy
627,4,Memory Match & Recall,Medium,45.06,3,4.29,3,-16.97,Easy
627,5,My Life Memories,Medium,40.62,2,4.31,4,-4.44,Easy
628,1,My Life Memories,Easy,52.87,4,2.81,4,0.0,Easy
628,2,Behaviour & Emotional Response,Hard,38.3,3,6.06,5,-14.57,Easy
628,3,Memory Match & Recall,Easy,58.65,6,3.97,4,20.35,Easy
628,4,Story & Conversation,Hard,33.41,2,6.38,3,-25.24,Easy
628,5,Memory Match & Recall,Hard,30.13,2,5.63,4,-3.28,Easy
629,1,Everyday Problem Solver,Easy,51.76,5,2.05,5,0.0,Hard
629,2,My Life Memories,Medium,56.64,6,4.22,4,4.88,Hard
629,3,Memory Match & Recall,Easy,67.09,7,5.75,3,10.45,Hard
629,4,Story & Conversation,Easy,53.89,4,3.26,4,-13.2,Hard
629,5,Everyday Problem Solver,Easy,78.47,8,6.47,2,24.58,Hard
630,1,Story & Conversation,Easy,71.07,7,3.67,3,0.0,Medium
630,2,My Life Memories,Medium,63.62,6,4.13,4,-7.45,Medium
630,3,Behaviour & Emotional Response,Medium,50.33,4,3.51,4,-13.29,Medium
630,4,Everyday Problem Solver,Hard,52.15,3,4.53,3,1.82,Medium
630,5,My Life Memories,Medium,65.12,7,3.69,3,12.97,Medium
631,1,Behaviour & Emotional Response,Medium,53.38,3,5.37,3,0.0,Easy
631,2,My Life Memories,Easy,59.71,6,5.58,4,6.33,Easy
631,3,Behaviour & Emotional Response,Medium,54.15,3,6.8,3,-5.56,Easy
631,4,Memory Match & Recall,Easy,60.01,3,4.0,2,5.86,Easy
631,5,Everyday Problem Solver,Hard,34.46,2,5.51,3,-25.55,Easy
632,1,Story & Conversation,Medium,82.27,5,5.99,1,0.0,Hard
632,2,Memory Match & Recall,Easy,75.21,6,5.7,2,-7.06,Hard
632,3,Story & Conversation,Hard,54.44,3,6.94,3,-20.77,Hard
632,4,Story & Conversation,Medium,76.76,8,5.73,2,22.32,Hard
632,5,Everyday Problem Solver,Easy,82.48,5,5.75,1,5.72,Hard
633,1,Memory Match & Recall,Medium,34.01,2,4.03,3,0.0,Medium
633,2,Everyday Problem Solver,Medium,29.0,1,5.38,4,-5.01,Medium
633,3,My Life Memories,Medium,51.86,3,8.29,2,22.86,Medium
633,4,Behaviour & Emotional Response,Easy,53.11,3,5.92,3,1.25,Medium
633,5,Memory Match & Recall,Easy,55.42,3,5.16,3,2.31,Medium
634,1,Memory Match & Recall,Easy,66.04,3,5.12,2,0.0,Medium
634,2,Behaviour & Emotional Response,Hard,40.9,4,5.88,6,-25.14,Medium
634,3,Everyday Problem Solver,Medium,57.52,6,6.03,4,16.62,Medium
634,4,Everyday Problem Solver,Medium,52.97,4,5.01,4,-4.55,Medium
634,5,My Life Memories,Medium,72.34,6,6.32,2,19.37,Medium
635,1,My Life Memories,Medium,80.38,4,5.24,1,0.0,Hard
635,2,Story & Conversation,Easy,97.75,5,6.09,0,17.37,Hard
635,3,Memory Match & Recall,Medium,71.53,4,3.35,2,-26.22,Hard
635,4,Behaviour & Emotional Response,Easy,98.0,10,3.88,0,26.47,Hard
635,5,My Life Memories,Medium,82.21,8,3.34,2,-15.79,Hard
636,1,Behaviour & Emotional Response,Medium,43.26,3,7.66,5,0.0,Medium
636,2,Behaviour & Emotional Response,Medium,53.04,3,5.01,3,9.78,Medium
636,3,My Life Memories,Hard,46.2,4,7.09,4,-6.84,Medium
636,4,Memory Match & Recall,Medium,61.85,4,6.29,2,15.65,Medium
636,5,Everyday Problem Solver,Medium,53.89,3,4.71,2,-7.96,Medium
637,1,Everyday Problem Solver,Medium,68.37,3,4.95,2,0.0,Hard
637,2,My Life Memories,Medium,75.43,8,5.84,2,7.06,Hard
637,3,My Life Memories,Easy,73.87,6,5.27,2,-1.56,Hard
637,4,My Life Memories,Easy,84.63,4,5.17,1,10.76,Hard
637,5,Memory Match & Recall,Easy,92.2,7,6.19,1,7.57,Hard
638,1,Memory Match & Recall,Easy,98.0,6,5.95,0,0.0,Hard
638,2,Behaviour & Emotional Response,Easy,93.55,6,4.29,0,-4.45,Hard
638,3,Behaviour & Emotional Response,Easy,98.0,8,5.09,0,4.45,Hard
638,4,Everyday Problem Solver,Medium,82.95,4,5.32,1,-15.05,Hard
638,5,Everyday Problem Solver,Easy,96.09,5,3.21,0,13.14,Hard
639,1,Behaviour & Emotional Response,Hard,67.69,7,8.22,3,0.0,Hard
639,2,Memory Match & Recall,Easy,81.1,4,3.68,1,13.41,Hard
639,3,Story & Conversation,Easy,92.55,7,5.62,1,11.45,Hard
639,4,Story & Conversation,Hard,74.25,4,6.08,2,-18.3,Hard
639,5,Story & Conversation,Medium,78.59,6,3.48,2,4.34,Hard
640,1,Everyday Problem Solver,Medium,56.65,3,4.41,2,0.0,Medium
640,2,Story & Conversation,Medium,69.34,3,3.77,2,12.69,Medium
640,3,Behaviour & Emotional Response,Hard,65.47,4,7.24,2,-3.87,Medium
640,4,Memory Match & Recall,Medium,59.91,6,3.9,4,-5.56,Medium
640,5,My Life Memories,Medium,57.12,3,4.1,2,-2.79,Medium
641,1,Story & Conversation,Easy,79.01,8,4.92,2,0.0,Medium
641,2,Memory Match & Recall,Hard,51.86,3,6.84,2,-27.15,Medium
641,3,Everyday Problem Solver,Hard,59.17,4,5.84,2,7.31,Medium
641,4,Everyday Problem Solver,Hard,63.44,5,4.27,3,4.27,Medium
641,5,My Life Memories,Medium,70.58,6,6.1,2,7.14,Medium
642,1,Story & Conversation,Medium,72.29,7,5.31,3,0.0,Medium
642,2,Memory Match & Recall,Hard,56.34,6,3.78,4,-15.95,Medium
642,3,Everyday Problem Solver,Easy,77.36,4,4.35,1,21.02,Medium
642,4,Everyday Problem Solver,Medium,82.2,8,5.67,2,4.84,Medium
642,5,Memory Match & Recall,Hard,69.2,4,6.46,2,-13.0,Medium
643,1,Story & Conversation,Medium,50.03,3,5.38,2,0.0,Medium
643,2,My Life Memories,Easy,55.2,4,4.1,4,5.17,Medium
643,3,Everyday Problem Solver,Hard,39.1,2,7.91,4,-16.1,Medium
643,4,Memory Match & Recall,Easy,51.35,4,6.04,4,12.25,Medium
643,5,Story & Conversation,Easy,59.71,4,2.88,2,8.36,Medium
644,1,My Life Memories,Easy,92.09,9,5.77,1,0.0,Medium
644,2,Story & Conversation,Medium,84.0,8,7.3,2,-8.09,Medium
644,3,Everyday Problem Solver,Hard,72.05,7,5.54,3,-11.95,Medium
644,4,Memory Match & Recall,Medium,84.26,7,6.32,1,12.21,Medium
644,5,My Life Memories,Medium,79.02,5,4.09,1,-5.24,Medium
645,1,My Life Memories,Medium,42.74,3,5.32,5,0.0,Medium
645,2,Story & Conversation,Easy,55.55,6,4.62,4,12.81,Medium
645,3,Behaviour & Emotional Response,Medium,63.56,3,4.42,2,8.01,Medium
645,4,Behaviour & Emotional Response,Hard,57.93,3,4.08,2,-5.63,Medium
645,5,Everyday Problem Solver,Medium,68.51,3,5.76,2,10.58,Medium
646,1,Everyday Problem Solver,Hard,38.52,3,5.92,5,0.0,Easy
646,2,My Life Memories,Easy,40.49,4,2.99,6,1.97,Easy
646,3,Memory Match & Recall,Easy,45.94,5,4.48,5,5.45,Easy
646,4,Memory Match & Recall,Easy,49.38,5,4.25,5,3.44,Easy
646,5,Behaviour & Emotional Response,Hard,32.06,3,5.58,7,-17.32,Easy
647,1,Memory Match & Recall,Easy,40.08,2,1.84,3,0.0,Easy
647,2,My Life Memories,Medium,34.6,2,4.05,4,-5.48,Easy
647,3,My Life Memories,Easy,44.96,4,6.22,4,10.36,Easy
647,4,Story & Conversation,Hard,17.78,2,7.43,8,-27.18,Easy
647,5,Everyday Problem Solver,Medium,34.38,3,7.33,7,16.6,Easy
648,1,Memory Match & Recall,Easy,59.48,3,5.35,2,0.0,Easy
648,2,Behaviour & Emotional Response,Easy,63.41,6,3.48,4,3.93,Easy
648,3,Everyday Problem Solver,Medium,54.66,4,5.01,4,-8.75,Easy
648,4,Behaviour & Emotional Response,Easy,77.08,8,2.06,2,22.42,Easy
648,5,Memory Match & Recall,Hard,48.66,4,6.66,4,-28.42,Easy
649,1,My Life Memories,Hard,58.76,4,5.74,2,0.0,Hard
649,2,Memory Match & Recall,Easy,73.29,4,5.12,1,14.53,Hard
649,3,My Life Memories,Easy,76.5,5,3.92,1,3.21,Hard
649,4,Memory Match & Recall,Easy,80.5,6,3.57,2,4.0,Hard
649,5,My Life Memories,Easy,75.23,8,3.76,2,-5.27,Hard
650,1,My Life Memories,Medium,60.97,5,5.49,3,0.0,Hard
650,2,Everyday Problem Solver,Hard,70.0,4,3.72,1,9.03,Hard
650,3,My Life Memories,Easy,95.15,8,4.81,0,25.15,Hard
650,4,Everyday Problem Solver,Easy,98.0,10,1.5,0,2.85,Hard
650,5,My Life Memories,Medium,94.49,6,3.86,0,-3.51,Hard
651,1,My Life Memories,Medium,74.74,7,3.85,3,0.0,Hard
651,2,Memory Match & Recall,Medium,75.76,5,4.43,1,1.02,Hard
651,3,Memory Match & Recall,Medium,60.87,4,6.41,2,-14.89,Hard
651,4,Story & Conversation,Medium,70.15,6,3.91,2,9.28,Hard
651,5,Memory Match & Recall,Easy,83.88,8,4.66,2,13.73,Hard
652,1,Everyday Problem Solver,Medium,62.43,5,3.39,3,0.0,Medium
652,2,Memory Match & Recall,Medium,56.19,6,4.91,4,-6.24,Medium
652,3,Story & Conversation,Medium,73.53,4,4.78,1,17.34,Medium
652,4,My Life Memories,Hard,58.15,3,5.88,3,-15.38,Medium
652,5,My Life Memories,Medium,62.24,3,4.71,2,4.09,Medium
653,1,Memory Match & Recall,Easy,71.1,4,6.08,2,0.0,Easy
653,2,My Life Memories,Medium,61.13,4,6.44,2,-9.97,Easy
653,3,Behaviour & Emotional Response,Medium,54.68,4,4.57,4,-6.45,Easy
653,4,Everyday Problem Solver,Hard,45.63,2,6.31,3,-9.05,Easy
653,5,Story & Conversation,Hard,49.32,2,6.78,3,3.69,Easy
654,1,Story & Conversation,Hard,34.29,2,6.85,3,0.0,Easy
654,2,My Life Memories,Medium,35.14,4,7.76,6,0.85,Easy
654,3,My Life Memories,Medium,47.34,4,2.69,4,12.2,Easy
654,4,Behaviour & Emotional Response,Medium,51.48,4,5.13,4,4.14,Easy
654,5,Memory Match & Recall,Hard,39.54,4,7.17,6,-11.94,Easy
655,1,My Life Memories,Medium,73.0,4,5.46,2,0.0,Medium
655,2,Behaviour & Emotional Response,Medium,72.09,6,7.05,2,-0.91,Medium
655,3,My Life Memories,Medium,65.34,3,5.14,2,-6.75,Medium
655,4,Memory Match & Recall,Hard,64.1,3,6.76,2,-1.24,Medium
655,5,Memory Match & Recall,Medium,72.15,7,2.83,3,8.05,Medium
656,1,Memory Match & Recall,Medium,64.04,3,6.78,2,0.0,Hard
656,2,My Life Memories,Medium,56.23,3,6.44,2,-7.81,Hard
656,3,Story & Conversation,Hard,67.56,4,5.31,2,11.33,Hard
656,4,Everyday Problem Solver,Medium,59.11,6,4.54,4,-8.45,Hard
656,5,Memory Match & Recall,Easy,78.44,8,5.05,2,19.33,Hard
657,1,Memory Match & Recall,Medium,60.46,6,3.68,4,0.0,Easy
657,2,My Life Memories,Hard,30.19,3,7.39,7,-30.27,Easy
657,3,Memory Match & Recall,Hard,28.48,2,5.83,4,-1.71,Easy
657,4,Behaviour & Emotional Response,Easy,84.34,7,4.31,1,55.86,Easy
657,5,Story & Conversation,Hard,38.4,4,5.92,6,-45.94,Easy
658,1,Everyday Problem Solver,Easy,70.2,7,5.23,3,0.0,Medium
658,2,Memory Match & Recall,Easy,64.5,4,6.51,2,-5.7,Medium
658,3,Story & Conversation,Hard,51.71,4,6.76,4,-12.79,Medium
658,4,Story & Conversation,Easy,69.97,7,5.98,3,18.26,Medium
658,5,Everyday Problem Solver,Medium,63.7,6,5.32,4,-6.27,Medium
659,1,Everyday Problem Solver,Medium,40.02,4,6.01,6,0.0,Medium
659,2,Memory Match & Recall,Hard,32.84,3,5.01,7,-7.18,Medium
659,3,Everyday Problem Solver,Hard,33.14,3,6.87,7,0.3,Medium
659,4,Everyday Problem Solver,Medium,46.73,4,4.98,4,13.59,Medium
659,5,Behaviour & Emotional Response,Easy,62.09,4,2.2,2,15.36,Medium
660,1,Memory Match & Recall,Medium,39.95,2,4.3,4,0.0,Easy
660,2,Behaviour & Emotional Response,Easy,55.77,6,5.71,4,15.82,Easy
660,3,Story & Conversation,Hard,33.25,2,8.22,4,-22.52,Easy
660,4,Story & Conversation,Easy,51.93,3,5.36,2,18.68,Easy
660,5,Memory Match & Recall,Medium,40.43,2,8.12,4,-11.5,Easy
661,1,Memory Match & Recall,Medium,89.83,4,5.25,1,0.0,Hard
661,2,Behaviour & Emotional Response,Medium,98.0,6,4.54,0,8.17,Hard
661,3,My Life Memories,Medium,88.81,7,5.84,1,-9.19,Hard
661,4,Everyday Problem Solver,Easy,98.0,6,4.44,0,9.19,Hard
661,5,Story & Conversation,Easy,98.0,6,2.15,0,0.0,Hard
662,1,My Life Memories,Medium,68.97,3,4.68,2,0.0,Medium
662,2,Story & Conversation,Easy,83.66,5,3.49,1,14.69,Medium
662,3,Memory Match & Recall,Medium,60.21,3,4.94,2,-23.45,Medium
662,4,Memory Match & Recall,Medium,67.55,3,5.88,2,7.34,Medium
662,5,Memory Match & Recall,Easy,74.89,6,6.04,2,7.34,Medium
663,1,Everyday Problem Solver,Easy,98.0,10,5.72,0,0.0,Hard
663,2,Story & Conversation,Hard,72.66,4,7.01,2,-25.34,Hard
663,3,My Life Memories,Easy,98.0,5,5.25,0,25.34,Hard
663,4,My Life Memories,Easy,98.0,5,1.5,0,0.0,Hard
663,5,Everyday Problem Solver,Medium,91.65,9,4.02,1,-6.35,Hard
664,1,Story & Conversation,Medium,46.06,5,4.63,5,0.0,Easy
664,2,Everyday Problem Solver,Easy,51.88,3,3.31,2,5.82,Easy
664,3,Everyday Problem Solver,Medium,44.03,2,6.49,3,-7.85,Easy
664,4,Memory Match & Recall,Hard,33.86,3,5.41,5,-10.17,Easy
664,5,My Life Memories,Hard,36.59,2,6.41,3,2.73,Easy
665,1,Everyday Problem Solver,Medium,48.58,4,6.34,4,0.0,Medium
665,2,Memory Match & Recall,Easy,86.96,4,3.04,1,38.38,Medium
665,3,Behaviour & Emotional Response,Easy,74.01,4,3.87,2,-12.95,Medium
665,4,Everyday Problem Solver,Hard,54.81,3,6.13,2,-19.2,Medium
665,5,Everyday Problem Solver,Easy,71.16,4,3.09,2,16.35,Medium
666,1,Everyday Problem Solver,Easy,87.52,5,5.79,1,0.0,Hard
666,2,Story & Conversation,Easy,96.72,6,2.06,0,9.2,Hard
666,3,Memory Match & Recall,Easy,98.0,8,4.07,0,1.28,Hard
666,4,My Life Memories,Medium,84.86,8,5.12,2,-13.14,Hard
666,5,My Life Memories,Medium,91.94,9,5.61,1,7.08,Hard
667,1,Everyday Problem Solver,Easy,90.12,5,2.63,1,0.0,Medium
667,2,Story & Conversation,Hard,64.33,3,9.32,2,-25.79,Medium
667,3,Behaviour & Emotional Response,Medium,85.02,7,7.66,1,20.69,Medium
667,4,Everyday Problem Solver,Medium,90.55,9,5.07,1,5.53,Medium
667,5,My Life Memories,Hard,73.48,7,5.67,3,-17.07,Medium
668,1,Behaviour & Emotional Response,Medium,34.04,3,6.68,5,0.0,Easy
668,2,Behaviour & Emotional Response,Easy,41.84,4,5.16,6,7.8,Easy
668,3,My Life Memories,Easy,52.04,4,3.49,4,10.2,Easy
668,4,Story & Conversation,Hard,23.73,1,4.89,4,-28.31,Easy
668,5,My Life Memories,Easy,45.0,2,3.09,3,21.27,Easy
669,1,Behaviour & Emotional Response,Easy,65.01,7,3.38,3,0.0,Medium
669,2,Story & Conversation,Medium,48.75,4,4.51,4,-16.26,Medium
669,3,My Life Memories,Easy,66.57,4,6.04,2,17.82,Medium
669,4,Story & Conversation,Medium,56.18,3,5.42,3,-10.39,Medium
669,5,Story & Conversation,Easy,61.11,4,3.08,2,4.93,Medium
670,1,Story & Conversation,Medium,84.59,7,5.62,1,0.0,Hard
670,2,Memory Match & Recall,Easy,98.0,5,3.55,0,13.41,Hard
670,3,Story & Conversation,Easy,98.0,8,5.13,0,0.0,Hard
670,4,Everyday Problem Solver,Medium,98.0,10,4.15,0,0.0,Hard
670,5,Story & Conversation,Medium,87.44,5,4.19,1,-10.56,Hard
671,1,Memory Match & Recall,Medium,63.48,3,4.52,2,0.0,Hard
671,2,Behaviour & Emotional Response,Hard,41.18,4,6.54,6,-22.3,Hard
671,3,My Life Memories,Easy,87.97,7,4.85,1,46.79,Hard
671,4,Everyday Problem Solver,Easy,81.29,8,5.04,2,-6.68,Hard
671,5,My Life Memories,Easy,81.52,7,5.47,1,0.23,Hard
672,1,My Life Memories,Easy,74.05,7,3.45,3,0.0,Hard
672,2,Everyday Problem Solver,Medium,65.94,7,5.35,3,-8.11,Hard
672,3,Everyday Problem Solver,Medium,67.03,5,5.34,3,1.09,Hard
672,4,Memory Match & Recall,Medium,73.07,4,5.92,1,6.04,Hard
672,5,My Life Memories,Easy,89.63,9,4.38,1,16.56,Hard
673,1,Memory Match & Recall,Hard,26.31,1,6.14,4,0.0,Medium
673,2,Story & Conversation,Medium,30.87,2,6.92,3,4.56,Medium
673,3,My Life Memories,Easy,54.24,5,5.02,5,23.37,Medium
673,4,Story & Conversation,Easy,63.08,5,3.74,3,8.84,Medium
673,5,My Life Memories,Easy,59.83,5,4.39,3,-3.25,Medium
674,1,My Life Memories,Medium,52.61,5,7.08,5,0.0,Medium
674,2,Story & Conversation,Medium,56.49,6,5.89,4,3.88,Medium
674,3,My Life Memories,Hard,36.99,2,7.42,3,-19.5,Medium
674,4,Story & Conversation,Hard,56.05,3,5.97,2,19.06,Medium
674,5,Memory Match & Recall,Easy,71.88,4,4.9,1,15.83,Medium
675,1,Everyday Problem Solver,Easy,93.75,8,5.19,0,0.0,Hard
675,2,My Life Memories,Easy,98.0,5,4.19,0,4.25,Hard
675,3,Everyday Problem Solver,Medium,95.84,8,4.22,0,-2.16,Hard
675,4,Behaviour & Emotional Response,Hard,86.77,4,4.24,1,-9.07,Hard
675,5,Story & Conversation,Hard,94.51,5,3.39,0,7.74,Hard
676,1,Memory Match & Recall,Easy,76.14,6,2.99,2,0.0,Medium
676,2,Memory Match & Recall,Easy,80.81,8,2.49,2,4.67,Medium
676,3,Story & Conversation,Medium,71.33,4,3.22,2,-9.48,Medium
676,4,Behaviour & Emotional Response,Medium,75.36,5,3.79,1,4.03,Medium
676,5,Story & Conversation,Hard,59.39,6,6.18,4,-15.97,Medium
677,1,My Life Memories,Medium,48.06,3,3.3,3,0.0,Medium
677,2,Behaviour & Emotional Response,Medium,53.7,5,7.19,5,5.64,Medium
677,3,Story & Conversation,Easy,78.17,8,4.48,2,24.47,Medium
677,4,Everyday Problem Solver,Easy,67.64,5,2.32,3,-10.53,Medium
677,5,Memory Match & Recall,Medium,63.43,4,5.92,2,-4.21,Medium
678,1,Everyday Problem Solver,Medium,60.16,3,4.71,2,0.0,Easy
678,2,My Life Memories,Easy,61.49,3,5.08,2,1.33,Easy
678,3,Everyday Problem Solver,Medium,49.36,5,6.33,5,-12.13,Easy
678,4,Everyday Problem Solver,Medium,50.91,4,3.83,4,1.55,Easy
678,5,Everyday Problem Solver,Hard,41.28,3,6.88,5,-9.63,Easy
679,1,Story & Conversation,Medium,42.66,3,4.43,3,0.0,Medium
679,2,Behaviour & Emotional Response,Easy,62.06,4,3.09,2,19.4,Medium
679,3,Everyday Problem Solver,Hard,34.84,3,8.55,7,-27.22,Medium
679,4,My Life Memories,Hard,38.08,2,5.61,4,3.24,Medium
679,5,My Life Memories,Easy,64.54,5,3.98,3,26.46,Medium
680,1,My Life Memories,Easy,85.01,7,3.95,1,0.0,Hard
680,2,Behaviour & Emotional Response,Medium,63.4,4,6.52,2,-21.61,Hard
680,3,My Life Memories,Hard,59.75,3,7.9,2,-3.65,Hard
680,4,Everyday Problem Solver,Easy,70.35,7,4.67,3,10.6,Hard
680,5,Everyday Problem Solver,Easy,96.83,10,3.8,0,26.48,Hard
681,1,Behaviour & Emotional Response,Medium,58.39,5,4.36,3,0.0,Medium
681,2,Memory Match & Recall,Hard,44.25,2,5.54,3,-14.14,Medium
681,3,Story & Conversation,Medium,55.85,3,6.53,3,11.6,Medium
681,4,My Life Memories,Medium,63.88,5,5.29,3,8.03,Medium
681,5,Memory Match & Recall,Medium,67.47,5,4.64,3,3.59,Medium
682,1,Memory Match & Recall,Easy,54.77,5,4.56,5,0.0,Medium
682,2,My Life Memories,Easy,53.53,3,3.97,3,-1.24,Medium
682,3,My Life Memories,Easy,58.29,5,7.08,3,4.76,Medium
682,4,Behaviour & Emotional Response,Medium,36.24,4,4.99,6,-22.05,Medium
682,5,Memory Match & Recall,Medium,64.74,4,5.13,2,28.5,Medium
683,1,Memory Match & Recall,Easy,81.9,4,3.54,1,0.0,Hard
683,2,Memory Match & Recall,Medium,59.35,4,5.27,2,-22.55,Hard
683,3,Memory Match & Recall,Medium,69.65,6,3.98,2,10.3,Hard
683,4,Everyday Problem Solver,Hard,60.81,6,7.91,4,-8.84,Hard
683,5,My Life Memories,Medium,91.73,6,5.03,0,30.92,Hard
684,1,Story & Conversation,Medium,45.97,3,5.69,3,0.0,Easy
684,2,Everyday Problem Solver,Easy,75.23,6,4.1,2,29.26,Easy
684,3,Behaviour & Emotional Response,Easy,51.75,3,5.39,2,-23.48,Easy
684,4,Memory Match & Recall,Easy,73.44,7,2.51,3,21.69,Easy
684,5,Story & Conversation,Hard,48.09,3,6.46,3,-25.35,Easy
685,1,Everyday Problem Solver,Easy,64.16,3,5.71,2,0.0,Easy
685,2,Everyday Problem Solver,Easy,67.98,7,2.67,3,3.82,Easy
685,3,Everyday Problem Solver,Hard,37.61,4,7.51,6,-30.37,Easy
685,4,My Life Memories,Easy,77.1,5,4.49,1,39.49,Easy
685,5,Story & Conversation,Hard,50.26,3,5.26,3,-26.84,Easy
686,1,Memory Match & Recall,Medium,41.28,4,2.63,6,0.0,Medium
686,2,Behaviour & Emotional Response,Easy,50.95,3,4.22,3,9.67,Medium
686,3,My Life Memories,Easy,60.52,3,4.47,2,9.57,Medium
686,4,Behaviour & Emotional Response,Medium,53.13,4,6.69,4,-7.39,Medium
686,5,Everyday Problem Solver,Medium,56.21,3,5.61,3,3.08,Medium
687,1,Everyday Problem Solver,Medium,54.29,3,5.95,2,0.0,Medium
687,2,Story & Conversation,Hard,59.76,5,6.23,3,5.47,Medium
687,3,My Life Memories,Medium,74.68,6,3.07,2,14.92,Medium
687,4,Behaviour & Emotional Response,Easy,67.75,7,5.48,3,-6.93,Medium
687,5,Story & Conversation,Medium,67.76,3,6.53,2,0.01,Medium
688,1,Story & Conversation,Easy,64.56,5,4.23,3,0.0,Medium
688,2,Behaviour & Emotional Response,Medium,52.07,5,3.73,5,-12.49,Medium
688,3,Memory Match & Recall,Easy,78.6,4,5.42,1,26.53,Medium
688,4,Everyday Problem Solver,Hard,54.45,3,3.8,3,-24.15,Medium
688,5,Everyday Problem Solver,Medium,63.62,3,3.52,2,9.17,Medium
689,1,Everyday Problem Solver,Medium,74.15,7,3.6,3,0.0,Hard
689,2,Story & Conversation,Easy,89.33,4,3.52,1,15.18,Hard
689,3,Everyday Problem Solver,Hard,77.55,8,4.8,2,-11.78,Hard
689,4,Memory Match & Recall,Hard,61.75,6,3.22,4,-15.8,Hard
689,5,Behaviour & Emotional Response,Easy,93.46,7,3.58,1,31.71,Hard
690,1,Story & Conversation,Medium,45.7,5,5.94,5,0.0,Easy
690,2,Story & Conversation,Easy,49.9,2,6.24,3,4.2,Easy
690,3,Behaviour & Emotional Response,Medium,45.54,4,4.15,4,-4.36,Easy
690,4,Behaviour & Emotional Response,Easy,46.83,5,5.61,5,1.29,Easy
690,5,Behaviour & Emotional Response,Hard,34.94,3,6.22,5,-11.89,Easy
691,1,Story & Conversation,Easy,60.95,3,3.61,2,0.0,Medium
691,2,My Life Memories,Hard,36.19,2,7.75,4,-24.76,Medium
691,3,My Life Memories,Medium,46.34,4,3.24,4,10.15,Medium
691,4,Behaviour & Emotional Response,Medium,45.49,3,6.33,3,-0.85,Medium
691,5,Story & Conversation,Medium,54.83,3,4.91,2,9.34,Medium
692,1,Story & Conversation,Easy,65.28,3,3.46,2,0.0,Medium
692,2,Everyday Problem Solver,Easy,65.7,3,3.6,2,0.42,Medium
692,3,Memory Match & Recall,Medium,49.98,2,4.34,3,-15.72,Medium
692,4,My Life Memories,Medium,54.61,3,5.0,2,4.63,Medium
692,5,Memory Match & Recall,Easy,69.78,6,1.5,2,15.17,Medium
693,1,Story & Conversation,Medium,45.54,3,6.94,3,0.0,Medium
693,2,Memory Match & Recall,Medium,42.91,3,5.35,3,-2.63,Medium
693,3,Everyday Problem Solver,Medium,59.86,3,3.45,2,16.95,Medium
693,4,Story & Conversation,Easy,64.75,6,3.52,4,4.89,Medium
693,5,Story & Conversation,Easy,60.86,6,3.55,4,-3.89,Medium
694,1,My Life Memories,Medium,65.35,3,5.99,2,0.0,Medium
694,2,Story & Conversation,Hard,45.13,4,6.53,4,-20.22,Medium
694,3,Everyday Problem Solver,Medium,42.38,3,5.63,5,-2.75,Medium
694,4,Behaviour & Emotional Response,Easy,69.96,4,3.42,2,27.58,Medium
694,5,Story & Conversation,Easy,70.81,4,5.28,2,0.85,Medium
695,1,Story & Conversation,Easy,95.27,8,2.92,0,0.0,Hard
695,2,Behaviour & Emotional Response,Hard,75.11,8,7.42,2,-20.16,Hard
695,3,Behaviour & Emotional Response,Easy,89.81,9,1.8,1,14.7,Hard
695,4,Memory Match & Recall,Easy,98.0,10,3.68,0,8.19,Hard
695,5,Story & Conversation,Medium,93.83,8,5.88,0,-4.17,Hard
696,1,My Life Memories,Medium,40.47,4,7.63,6,0.0,Medium
696,2,My Life Memories,Hard,35.23,4,4.75,6,-5.24,Medium
696,3,Memory Match & Recall,Hard,49.33,2,5.44,3,14.1,Medium
696,4,My Life Memories,Easy,65.83,4,5.05,2,16.5,Medium
696,5,Behaviour & Emotional Response,Hard,52.21,3,5.48,3,-13.62,Medium
697,1,Behaviour & Emotional Response,Medium,69.98,4,5.85,2,0.0,Hard
697,2,Behaviour & Emotional Response,Medium,79.26,6,6.51,2,9.28,Hard
697,3,Memory Match & Recall,Medium,86.65,9,4.0,1,7.39,Hard
697,4,Everyday Problem Solver,Medium,91.28,5,5.84,0,4.63,Hard
697,5,My Life Memories,Hard,80.65,8,4.42,2,-10.63,Hard
698,1,Memory Match & Recall,Easy,62.72,5,4.45,3,0.0,Medium
698,2,Memory Match & Recall,Easy,68.74,3,2.03,2,6.02,Medium
698,3,Story & Conversation,Medium,57.75,5,4.69,3,-10.99,Medium
698,4,Memory Match & Recall,Easy,62.21,3,3.61,2,4.46,Medium
698,5,Everyday Problem Solver,Medium,57.45,6,1.5,4,-4.76,Medium
699,1,Everyday Problem Solver,Easy,54.23,3,5.21,3,0.0,Easy
699,2,Story & Conversation,Medium,46.15,2,4.87,3,-8.08,Easy
699,3,My Life Memories,Medium,61.73,4,6.2,2,15.58,Easy
699,4,Memory Match & Recall,Easy,69.39,4,3.85,2,7.66,Easy
699,5,Behaviour & Emotional Response,Hard,46.74,2,5.65,3,-22.65,Easy
700,1,Everyday Problem Solver,Easy,69.52,7,3.73,3,0.0,Easy
700,2,Memory Match & Recall,Hard,55.52,6,5.66,4,-14.0,Easy
700,3,My Life Memories,Easy,73.77,4,6.16,1,18.25,Easy
700,4,Story & Conversation,Medium,67.75,4,3.27,2,-6.02,Easy
700,5,Everyday Problem Solver,Hard,53.73,4,6.89,4,-14.02,Easy
701,1,Behaviour & Emotional Response,Medium,66.7,3,4.18,2,0.0,Medium
701,2,My Life Memories,Easy,90.85,5,3.36,0,24.15,Medium
701,3,Everyday Problem Solver,Easy,84.58,5,6.21,1,-6.27,Medium
701,4,Everyday Problem Solver,Medium,77.59,5,4.01,1,-6.99,Medium
701,5,My Life Memories,Medium,74.11,6,5.31,2,-3.48,Medium
702,1,Memory Match & Recall,Hard,26.52,3,6.49,7,0.0,Medium
702,2,Story & Conversation,Medium,49.3,5,5.91,5,22.78,Medium
702,3,My Life Memories,Medium,38.72,2,6.6,3,-10.58,Medium
702,4,My Life Memories,Medium,42.71,4,3.68,6,3.99,Medium
702,5,Everyday Problem Solver,Easy,54.97,5,6.29,5,12.26,Medium
703,1,Memory Match & Recall,Medium,62.55,3,6.96,2,0.0,Hard
703,2,Behaviour & Emotional Response,Easy,65.39,7,2.93,3,2.84,Hard
703,3,Memory Match & Recall,Hard,43.78,4,6.4,4,-21.61,Hard
703,4,Everyday Problem Solver,Medium,67.98,7,6.81,3,24.2,Hard
703,5,Story & Conversation,Easy,79.94,5,3.88,1,11.96,Hard
704,1,Story & Conversation,Medium,60.73,4,3.01,2,0.0,Medium
704,2,Story & Conversation,Hard,65.79,7,6.4,3,5.06,Medium
704,3,Behaviour & Emotional Response,Easy,74.29,4,5.14,2,8.5,Medium
704,4,Story & Conversation,Medium,68.78,6,4.78,2,-5.51,Medium
704,5,My Life Memories,Medium,62.24,4,5.72,2,-6.54,Medium
705,1,Story & Conversation,Medium,60.93,5,6.72,3,0.0,Medium
705,2,My Life Memories,Easy,79.05,8,5.24,2,18.12,Medium
705,3,My Life Memories,Hard,65.14,4,5.81,2,-13.91,Medium
705,4,Behaviour & Emotional Response,Medium,72.19,6,5.89,2,7.05,Medium
705,5,Everyday Problem Solver,Medium,67.44,5,5.03,3,-4.75,Medium
706,1,Behaviour & Emotional Response,Medium,56.15,6,7.83,4,0.0,Hard
706,2,Memory Match & Recall,Easy,64.94,4,2.92,2,8.79,Hard
706,3,Everyday Problem Solver,Easy,82.77,4,5.19,1,17.83,Hard
706,4,My Life Memories,Hard,48.23,5,6.64,5,-34.54,Hard
706,5,Story & Conversation,Medium,76.69,5,4.85,1,28.46,Hard
707,1,Memory Match & Recall,Hard,72.66,4,6.55,2,0.0,Hard
707,2,My Life Memories,Medium,98.0,10,5.79,0,25.34,Hard
707,3,Memory Match & Recall,Easy,98.0,8,3.87,0,0.0,Hard
707,4,Memory Match & Recall,Easy,98.0,5,5.19,0,0.0,Hard
707,5,My Life Memories,Medium,98.0,5,5.96,0,0.0,Hard
708,1,Everyday Problem Solver,Easy,53.35,5,3.45,5,0.0,Easy
708,2,My Life Memories,Easy,53.9,3,5.79,3,0.55,Easy
708,3,Everyday Problem Solver,Easy,58.36,6,7.66,4,4.46,Easy
708,4,Story & Conversation,Easy,60.38,4,4.59,2,2.02,Easy
708,5,My Life Memories,Hard,39.35,2,5.22,4,-21.03,Easy
709,1,Memory Match & Recall,Medium,65.9,3,5.11,2,0.0,Medium
709,2,Everyday Problem Solver,Easy,65.87,4,3.36,2,-0.03,Medium
709,3,Memory Match & Recall,Medium,59.43,6,5.11,4,-6.44,Medium
709,4,Behaviour & Emotional Response,Medium,70.79,4,3.33,1,11.36,Medium
709,5,Story & Conversation,Easy,73.21,7,4.59,3,2.42,Medium
710,1,Everyday Problem Solver,Hard,15.49,2,5.36,8,0.0,Medium
710,2,Behaviour & Emotional Response,Medium,29.22,2,5.5,4,13.73,Medium
710,3,Memory Match & Recall,Medium,34.53,3,4.56,7,5.31,Medium
710,4,Memory Match & Recall,Medium,39.56,2,7.25,4,5.03,Medium
710,5,Behaviour & Emotional Response,Easy,58.33,3,2.23,2,18.77,Medium
711,1,My Life Memories,Easy,77.59,6,4.57,2,0.0,Hard
711,2,Memory Match & Recall,Easy,77.77,6,4.52,2,0.18,Hard
711,3,Story & Conversation,Medium,72.56,6,4.22,2,-5.21,Hard
711,4,Memory Match & Recall,Hard,55.78,3,5.32,3,-16.78,Hard
711,5,Story & Conversation,Easy,86.06,5,5.03,1,30.28,Hard
712,1,Behaviour & Emotional Response,Hard,57.84,5,6.18,3,0.0,Hard
712,2,My Life Memories,Medium,80.08,4,6.26,1,22.24,Hard
712,3,Behaviour & Emotional Response,Medium,75.45,6,4.63,2,-4.63,Hard
712,4,Memory Match & Recall,Easy,88.45,9,2.91,1,13.0,Hard
712,5,Story & Conversation,Easy,87.64,4,5.19,1,-0.81,Hard
713,1,Everyday Problem Solver,Easy,78.01,6,4.64,2,0.0,Medium
713,2,Memory Match & Recall,Easy,76.18,4,5.23,1,-1.83,Medium
713,3,Behaviour & Emotional Response,Hard,60.16,3,5.49,2,-16.02,Medium
713,4,Story & Conversation,Hard,59.96,6,5.74,4,-0.2,Medium
713,5,Behaviour & Emotional Response,Medium,72.94,4,5.71,1,12.98,Medium
714,1,Behaviour & Emotional Response,Medium,63.63,4,6.75,2,0.0,Medium
714,2,Story & Conversation,Medium,50.22,3,5.18,2,-13.41,Medium
714,3,Memory Match & Recall,Medium,53.17,3,4.68,3,2.95,Medium
714,4,Story & Conversation,Medium,70.59,6,4.57,2,17.42,Medium
714,5,Everyday Problem Solver,Easy,72.23,4,5.07,1,1.64,Medium
715,1,Memory Match & Recall,Medium,39.86,2,3.73,4,0.0,Easy
715,2,Behaviour & Emotional Response,Medium,41.17,4,1.75,6,1.31,Easy
715,3,Memory Match & Recall,Medium,51.26,3,7.55,2,10.09,Easy
715,4,My Life Memories,Medium,50.38,3,3.4,3,-0.88,Easy
715,5,My Life Memories,Medium,47.13,3,4.57,3,-3.25,Easy
716,1,Memory Match & Recall,Medium,49.9,4,6.07,4,0.0,Medium
716,2,Story & Conversation,Easy,49.3,5,5.48,5,-0.6,Medium
716,3,Memory Match & Recall,Easy,66.9,3,6.75,2,17.6,Medium
716,4,Behaviour & Emotional Response,Easy,76.43,8,3.31,2,9.53,Medium
716,5,Behaviour & Emotional Response,Medium,67.68,3,4.53,2,-8.75,Medium
717,1,Everyday Problem Solver,Hard,41.08,2,5.27,3,0.0,Medium
717,2,Memory Match & Recall,Easy,65.01,4,2.9,2,23.93,Medium
717,3,Story & Conversation,Easy,62.68,5,6.04,3,-2.33,Medium
717,4,Behaviour & Emotional Response,Medium,55.27,3,5.23,3,-7.41,Medium
717,5,Story & Conversation,Easy,69.96,7,5.85,3,14.69,Medium
718,1,My Life Memories,Medium,38.68,2,4.87,3,0.0,Easy
718,2,Memory Match & Recall,Easy,47.67,3,5.89,3,8.99,Easy
718,3,My Life Memories,Medium,31.01,2,4.04,6,-16.66,Easy
718,4,Everyday Problem Solver,Medium,28.06,2,4.62,6,-2.95,Easy
718,5,Story & Conversation,Medium,49.15,4,4.96,4,21.09,Easy
719,1,Everyday Problem Solver,Medium,36.98,3,3.42,5,0.0,Easy
719,2,Story & Conversation,Medium,34.65,2,5.69,3,-2.33,Easy
719,3,Memory Match & Recall,Easy,45.85,5,5.97,5,11.2,Easy
719,4,Behaviour & Emotional Response,Medium,43.97,2,5.25,3,-1.88,Easy
719,5,Everyday Problem Solver,Hard,32.23,2,6.97,4,-11.74,Easy
720,1,Story & Conversation,Medium,73.76,4,5.59,2,0.0,Medium
720,2,Memory Match & Recall,Medium,71.97,4,5.57,2,-1.79,Medium
720,3,Memory Match & Recall,Hard,60.72,6,5.82,4,-11.25,Medium
720,4,My Life Memories,Hard,62.6,3,5.25,2,1.88,Medium
720,5,My Life Memories,Hard,61.61,5,6.37,3,-0.99,Medium
721,1,Story & Conversation,Medium,86.69,7,3.3,1,0.0,Medium
721,2,Memory Match & Recall,Easy,98.0,10,3.83,0,11.31,Medium
721,3,My Life Memories,Easy,96.26,10,3.14,0,-1.74,Medium
721,4,My Life Memories,Medium,85.01,5,5.2,1,-11.25,Medium
721,5,Everyday Problem Solver,Medium,76.75,8,5.62,2,-8.26,Medium
722,1,Behaviour & Emotional Response,Easy,89.14,7,5.92,1,0.0,Hard
722,2,Memory Match & Recall,Medium,80.55,6,5.88,2,-8.59,Hard
722,3,Memory Match & Recall,Hard,57.88,5,8.74,3,-22.67,Hard
722,4,Story & Conversation,Hard,81.66,5,5.31,1,23.78,Hard
722,5,Memory Match & Recall,Easy,84.36,8,4.67,2,2.7,Hard
723,1,My Life Memories,Medium,41.01,2,5.67,3,0.0,Medium
723,2,Memory Match & Recall,Medium,34.19,3,6.57,5,-6.82,Medium
723,3,Behaviour & Emotional Response,Medium,46.17,4,6.3,4,11.98,Medium
723,4,Everyday Problem Solver,Hard,30.89,3,4.35,7,-15.28,Medium
723,5,Everyday Problem Solver,Easy,60.21,3,4.19,2,29.32,Medium
724,1,Story & Conversation,Medium,47.27,4,7.64,4,0.0,Easy
724,2,Memory Match & Recall,Hard,28.41,2,8.66,6,-18.86,Easy
724,3,Story & Conversation,Medium,42.7,2,4.7,3,14.29,Easy
724,4,Behaviour & Emotional Response,Easy,49.87,4,6.57,4,7.17,Easy
724,5,Story & Conversation,Medium,40.47,2,6.06,3,-9.4,Easy
725,1,Memory Match & Recall,Easy,58.85,5,5.77,3,0.0,Medium
725,2,Story & Conversation,Hard,38.83,4,5.5,6,-20.02,Medium
725,3,My Life Memories,Easy,71.41,4,6.35,1,32.58,Medium
725,4,My Life Memories,Easy,69.98,6,3.65,2,-1.43,Medium
725,5,My Life Memories,Medium,54.55,3,5.16,3,-15.43,Medium
726,1,My Life Memories,Easy,68.89,3,5.32,2,0.0,Hard
726,2,Story & Conversation,Hard,54.83,4,3.8,4,-14.06,Hard
726,3,Memory Match & Recall,Medium,62.24,5,4.4,3,7.41,Hard
726,4,Story & Conversation,Easy,78.88,8,6.64,2,16.64,Hard
726,5,Everyday Problem Solver,Easy,82.24,5,3.33,1,3.36,Hard
727,1,Everyday Problem Solver,Hard,49.2,2,6.3,3,0.0,Medium
727,2,Everyday Problem Solver,Easy,78.29,4,5.82,1,29.09,Medium
727,3,Everyday Problem Solver,Medium,66.16,7,6.94,3,-12.13,Medium
727,4,Behaviour & Emotional Response,Easy,83.26,5,3.48,1,17.1,Medium
727,5,Memory Match & Recall,Hard,70.57,6,6.13,2,-12.69,Medium
728,1,Story & Conversation,Easy,67.39,5,6.95,3,0.0,Medium
728,2,Behaviour & Emotional Response,Medium,48.77,3,4.51,3,-18.62,Medium
728,3,Story & Conversation,Easy,59.44,6,5.38,4,10.67,Medium
728,4,Memory Match & Recall,Medium,59.64,4,5.71,2,0.2,Medium
728,5,Everyday Problem Solver,Easy,64.08,5,6.28,3,4.44,Medium
729,1,My Life Memories,Easy,71.49,7,4.08,3,0.0,Easy
729,2,Story & Conversation,Easy,69.39,6,4.31,2,-2.1,Easy
729,3,Behaviour & Emotional Response,Medium,57.97,5,4.58,3,-11.42,Easy
729,4,My Life Memories,Hard,55.88,4,4.97,4,-2.09,Easy
729,5,My Life Memories,Hard,44.87,4,8.49,4,-11.01,Easy
730,1,Behaviour & Emotional Response,Easy,70.36,6,3.76,2,0.0,Medium
730,2,Memory Match & Recall,Easy,75.3,5,3.26,1,4.94,Medium
730,3,Behaviour & Emotional Response,Easy,68.84,4,4.28,2,-6.46,Medium
730,4,Story & Conversation,Medium,72.32,6,4.99,2,3.48,Medium
730,5,Everyday Problem Solver,Medium,70.92,4,5.03,1,-1.4,Medium
731,1,Everyday Problem Solver,Medium,62.79,3,6.69,2,0.0,Medium
731,2,Memory Match & Recall,Hard,47.99,3,5.52,3,-14.8,Medium
731,3,Behaviour & Emotional Response,Medium,68.69,7,3.09,3,20.7,Medium
731,4,Behaviour & Emotional Response,Medium,49.85,2,5.0,3,-18.84,Medium
731,5,Behaviour & Emotional Response,Medium,73.3,7,4.67,3,23.45,Medium
732,1,Story & Conversation,Easy,58.6,5,5.67,3,0.0,Medium
732,2,Everyday Problem Solver,Easy,74.47,6,5.35,2,15.87,Medium
732,3,Everyday Problem Solver,Medium,56.48,3,4.2,2,-17.99,Medium
732,4,Everyday Problem Solver,Medium,53.99,5,5.17,5,-2.49,Medium
732,5,Story & Conversation,Easy,66.77,3,3.05,2,12.78,Medium
733,1,Story & Conversation,Medium,50.71,3,4.45,3,0.0,Medium
733,2,My Life Memories,Medium,57.94,3,5.13,3,7.23,Medium
733,3,Behaviour & Emotional Response,Hard,42.92,3,6.18,3,-15.02,Medium
733,4,Behaviour & Emotional Response,Easy,62.2,6,4.63,4,19.28,Medium
733,5,Behaviour & Emotional Response,Medium,60.55,5,3.21,3,-1.65,Medium
734,1,Story & Conversation,Easy,79.65,4,4.47,1,0.0,Hard
734,2,Memory Match & Recall,Medium,83.42,5,5.94,1,3.77,Hard
734,3,Behaviour & Emotional Response,Medium,78.14,5,4.44,1,-5.28,Hard
734,4,Everyday Problem Solver,Hard,73.12,4,6.52,1,-5.02,Hard
734,5,Everyday Problem Solver,Easy,87.23,7,3.35,1,14.11,Hard
735,1,Behaviour & Emotional Response,Medium,29.84,3,5.16,7,0.0,Easy
735,2,Memory Match & Recall,Easy,47.23,2,5.05,3,17.39,Easy
735,3,My Life Memories,Easy,49.92,3,3.76,3,2.69,Easy
735,4,Memory Match & Recall,Easy,50.24,5,3.96,5,0.32,Easy
735,5,My Life Memories,Medium,39.58,4,3.43,6,-10.66,Easy
736,1,Behaviour & Emotional Response,Easy,61.62,5,4.19,3,0.0,Medium
736,2,Memory Match & Recall,Easy,77.67,6,3.75,2,16.05,Medium
736,3,Behaviour & Emotional Response,Medium,60.22,3,6.03,2,-17.45,Medium
736,4,Memory Match & Recall,Easy,77.41,6,3.79,2,17.19,Medium
736,5,My Life Memories,Hard,57.78,6,9.0,4,-19.63,Medium
737,1,My Life Memories,Easy,94.28,9,4.77,1,0.0,Medium
737,2,Everyday Problem Solver,Medium,79.8,4,1.99,1,-14.48,Medium
737,3,Everyday Problem Solver,Hard,64.23,5,5.21,3,-15.57,Medium
737,4,My Life Memories,Medium,70.55,7,3.55,3,6.32,Medium
737,5,Everyday Problem Solver,Medium,71.42,6,4.88,2,0.87,Medium
738,1,Memory Match & Recall,Easy,88.92,9,4.79,1,0.0,Medium
738,2,Story & Conversation,Easy,78.0,8,2.06,2,-10.92,Medium
738,3,Story & Conversation,Easy,74.74,6,2.88,2,-3.26,Medium
738,4,Everyday Problem Solver,Hard,59.45,3,5.63,2,-15.29,Medium
738,5,Everyday Problem Solver,Medium,72.2,6,5.33,2,12.75,Medium
739,1,Behaviour & Emotional Response,Hard,44.58,4,7.31,4,0.0,Easy
739,2,Memory Match & Recall,Easy,60.93,4,5.02,2,16.35,Easy
739,3,Memory Match & Recall,Easy,69.43,7,4.04,3,8.5,Easy
739,4,My Life Memories,Easy,76.33,5,5.44,1,6.9,Easy
739,5,Story & Conversation,Hard,44.84,4,5.72,4,-31.49,Easy
740,1,Behaviour & Emotional Response,Medium,62.58,4,5.7,2,0.0,Medium
740,2,Story & Conversation,Easy,77.41,5,6.58,1,14.83,Medium
740,3,Behaviour & Emotional Response,Hard,46.04,3,5.78,3,-31.37,Medium
740,4,Memory Match & Recall,Medium,63.27,3,5.72,2,17.23,Medium
740,5,Behaviour & Emotional Response,Medium,60.52,4,5.43,2,-2.75,Medium
741,1,Memory Match & Recall,Medium,46.14,2,3.4,3,0.0,Easy
741,2,Story & Conversation,Easy,59.26,6,5.83,4,13.12,Easy
741,3,My Life Memories,Medium,53.4,5,5.83,5,-5.86,Easy
741,4,Story & Conversation,Hard,53.04,3,6.19,2,-0.36,Easy
741,5,My Life Memories,Hard,41.2,4,6.53,6,-11.84,Easy
742,1,Story & Conversation,Easy,58.81,4,2.71,2,0.0,Medium
742,2,Story & Conversation,Medium,58.89,3,4.57,2,0.08,Medium
742,3,Story & Conversation,Hard,43.93,3,4.71,3,-14.96,Medium
742,4,Memory Match & Recall,Easy,68.95,6,3.53,2,25.02,Medium
742,5,Story & Conversation,Medium,56.99,3,6.1,2,-11.96,Medium
743,1,Story & Conversation,Hard,59.73,3,3.7,2,0.0,Hard
743,2,My Life Memories,Easy,98.0,8,6.31,0,38.27,Hard
743,3,Everyday Problem Solver,Hard,67.2,3,4.86,2,-30.8,Hard
743,4,Memory Match & Recall,Easy,85.68,9,3.66,1,18.48,Hard
743,5,Everyday Problem Solver,Medium,85.44,7,5.13,1,-0.24,Hard
744,1,My Life Memories,Easy,55.41,3,5.9,3,0.0,Medium
744,2,My Life Memories,Easy,69.34,4,6.28,2,13.93,Medium
744,3,Memory Match & Recall,Hard,43.78,3,5.65,3,-25.56,Medium
744,4,Memory Match & Recall,Medium,33.29,3,5.59,7,-10.49,Medium
744,5,Behaviour & Emotional Response,Medium,54.23,3,5.23,3,20.94,Medium
745,1,Memory Match & Recall,Medium,52.85,4,5.75,4,0.0,Medium
745,2,Behaviour & Emotional Response,Medium,66.1,4,5.79,2,13.25,Medium
745,3,Story & Conversation,Medium,69.49,4,5.67,2,3.39,Medium
745,4,Story & Conversation,Hard,50.85,4,5.81,4,-18.64,Medium
745,5,My Life Memories,Medium,67.36,7,5.09,3,16.51,Medium
746,1,Behaviour & Emotional Response,Medium,78.84,8,7.36,2,0.0,Hard
746,2,Story & Conversation,Easy,98.0,5,4.31,0,19.16,Hard
746,3,Story & Conversation,Medium,54.95,5,6.54,5,-43.05,Hard
746,4,Story & Conversation,Easy,86.23,9,3.35,1,31.28,Hard
746,5,Memory Match & Recall,Easy,88.58,7,3.76,1,2.35,Hard
747,1,Memory Match & Recall,Easy,69.83,7,3.15,3,0.0,Hard
747,2,Everyday Problem Solver,Medium,72.74,7,5.67,3,2.91,Hard
747,3,My Life Memories,Medium,76.03,5,3.95,1,3.29,Hard
747,4,Memory Match & Recall,Easy,77.81,5,3.77,1,1.78,Hard
747,5,My Life Memories,Easy,86.62,7,6.09,1,8.81,Hard
748,1,Story & Conversation,Medium,27.96,3,3.68,7,0.0,Easy
748,2,My Life Memories,Hard,15.0,2,7.34,8,-12.96,Easy
748,3,My Life Memories,Easy,45.56,2,5.17,3,30.56,Easy
748,4,Story & Conversation,Medium,39.31,2,4.61,4,-6.25,Easy
748,5,Story & Conversation,Medium,32.69,2,7.86,3,-6.62,Easy
749,1,Story & Conversation,Medium,60.71,4,5.02,2,0.0,Easy
749,2,Behaviour & Emotional Response,Hard,34.71,2,3.57,4,-26.0,Easy
749,3,Memory Match & Recall,Hard,43.83,4,7.22,4,9.12,Easy
749,4,Everyday Problem Solver,Medium,65.53,3,6.07,2,21.7,Easy
749,5,Memory Match & Recall,Hard,44.38,2,7.88,3,-21.15,Easy
750,1,Story & Conversation,Hard,34.8,2,6.01,3,0.0,Medium
750,2,Memory Match & Recall,Medium,45.98,4,6.74,4,11.18,Medium
750,3,Behaviour & Emotional Response,Easy,54.3,3,2.95,3,8.32,Medium
750,4,Behaviour & Emotional Response,Medium,50.15,3,4.62,3,-4.15,Medium
750,5,Story & Conversation,Hard,59.79,5,6.63,3,9.64,Medium
751,1,Story & Conversation,Medium,47.52,3,2.86,3,0.0,Medium
751,2,Memory Match & Recall,Easy,59.21,3,4.66,2,11.69,Medium
751,3,Behaviour & Emotional Response,Easy,75.42,8,5.74,2,16.21,Medium
751,4,My Life Memories,Easy,69.73,6,4.05,2,-5.69,Medium
751,5,Story & Conversation,Easy,71.47,4,3.81,2,1.74,Medium
752,1,Memory Match & Recall,Easy,94.64,5,4.14,0,0.0,Hard
752,2,My Life Memories,Medium,73.98,4,4.67,2,-20.66,Hard
752,3,Story & Conversation,Hard,81.79,4,4.36,1,7.81,Hard
752,4,Memory Match & Recall,Medium,85.77,9,5.77,1,3.98,Hard
752,5,Memory Match & Recall,Easy,92.92,6,5.53,0,7.15,Hard
753,1,Memory Match & Recall,Medium,49.69,5,3.75,5,0.0,Hard
753,2,Everyday Problem Solver,Hard,43.79,4,8.9,4,-5.9,Hard
753,3,Story & Conversation,Medium,59.71,3,3.99,2,15.92,Hard
753,4,Story & Conversation,Easy,73.33,4,4.03,2,13.62,Hard
753,5,Memory Match & Recall,Easy,76.26,8,5.36,2,2.93,Hard
754,1,My Life Memories,Easy,23.98,1,5.94,4,0.0,Easy
754,2,Everyday Problem Solver,Hard,15.0,1,4.95,7,-8.98,Easy
754,3,My Life Memories,Easy,29.2,2,2.48,4,14.2,Easy
754,4,My Life Memories,Easy,33.97,3,7.38,7,4.77,Easy
754,5,My Life Memories,Hard,18.83,1,8.78,4,-15.14,Easy
755,1,My Life Memories,Easy,89.4,4,6.65,1,0.0,Hard
755,2,My Life Memories,Medium,77.0,8,4.66,2,-12.4,Hard
755,3,Story & Conversation,Medium,82.43,4,6.59,1,5.43,Hard
755,4,Story & Conversation,Easy,84.86,4,3.46,1,2.43,Hard
755,5,Memory Match & Recall,Medium,80.07,5,5.86,1,-4.79,Hard
756,1,My Life Memories,Medium,63.43,3,7.29,2,0.0,Hard
756,2,Everyday Problem Solver,Medium,69.62,7,4.62,3,6.19,Hard
756,3,Behaviour & Emotional Response,Medium,69.56,4,8.18,2,-0.06,Hard
756,4,Memory Match & Recall,Medium,77.92,6,3.86,2,8.36,Hard
756,5,My Life Memories,Easy,93.15,7,5.18,1,15.23,Hard
757,1,Everyday Problem Solver,Easy,72.23,7,3.43,3,0.0,Medium
757,2,Memory Match & Recall,Easy,65.73,4,2.06,2,-6.5,Medium
757,3,Behaviour & Emotional Response,Medium,52.24,5,7.25,5,-13.49,Medium
757,4,Story & Conversation,Hard,59.53,4,5.9,2,7.29,Medium
757,5,Story & Conversation,Medium,73.16,7,4.72,3,13.63,Medium
758,1,Behaviour & Emotional Response,Medium,56.69,3,4.9,2,0.0,Medium
758,2,Memory Match & Recall,Medium,56.56,3,6.42,2,-0.13,Medium
758,3,My Life Memories,Easy,70.25,4,5.29,1,13.69,Medium
758,4,Everyday Problem Solver,Medium,67.04,3,5.43,2,-3.21,Medium
758,5,Everyday Problem Solver,Easy,66.53,3,2.84,2,-0.51,Medium
759,1,Memory Match & Recall,Hard,49.2,5,6.01,5,0.0,Medium
759,2,Everyday Problem Solver,Medium,63.64,6,8.09,4,14.44,Medium
759,3,Everyday Problem Solver,Medium,57.25,6,2.65,4,-6.39,Medium
759,4,My Life Memories,Easy,78.73,4,3.92,1,21.48,Medium
759,5,My Life Memories,Hard,58.13,5,6.54,3,-20.6,Medium
760,1,Behaviour & Emotional Response,Easy,80.22,6,3.69,2,0.0,Hard
760,2,Behaviour & Emotional Response,Medium,83.33,5,5.76,1,3.11,Hard
760,3,Story & Conversation,Medium,95.42,6,5.88,0,12.09,Hard
760,4,Behaviour & Emotional Response,Hard,71.42,6,4.66,2,-24.0,Hard
760,5,Behaviour & Emotional Response,Medium,81.88,8,4.13,2,10.46,Hard
761,1,My Life Memories,Easy,81.37,7,2.76,1,0.0,Medium
761,2,Everyday Problem Solver,Easy,78.71,8,5.42,2,-2.66,Medium
761,3,Memory Match & Recall,Easy,84.94,5,5.0,1,6.23,Medium
761,4,Everyday Problem Solver,Medium,76.63,4,6.84,1,-8.31,Medium
761,5,Story & Conversation,Medium,77.24,5,4.42,1,0.61,Medium
762,1,Memory Match & Recall,Medium,47.76,4,2.19,4,0.0,Easy
762,2,Memory Match & Recall,Easy,56.66,6,4.3,4,8.9,Easy
762,3,Behaviour & Emotional Response,Easy,51.08,4,3.48,4,-5.58,Easy
762,4,Behaviour & Emotional Response,Hard,43.62,3,6.23,5,-7.46,Easy
762,5,Memory Match & Recall,Hard,40.87,3,6.34,5,-2.75,Easy
763,1,Story & Conversation,Hard,56.85,6,5.99,4,0.0,Medium
763,2,Behaviour & Emotional Response,Medium,54.14,4,7.02,4,-2.71,Medium
763,3,Behaviour & Emotional Response,Medium,66.61,5,4.26,3,12.47,Medium
763,4,Behaviour & Emotional Response,Medium,58.37,4,5.51,2,-8.24,Medium
763,5,Memory Match & Recall,Medium,66.69,3,6.86,2,8.32,Medium
764,1,Everyday Problem Solver,Easy,59.79,5,5.6,3,0.0,Medium
764,2,Behaviour & Emotional Response,Easy,71.86,7,4.63,3,12.07,Medium
764,3,Story & Conversation,Medium,61.87,5,4.96,3,-9.99,Medium
764,4,Behaviour & Emotional Response,Medium,60.71,6,6.41,4,-1.16,Medium
764,5,Everyday Problem Solver,Easy,74.56,4,4.2,2,13.85,Medium
765,1,Everyday Problem Solver,Easy,76.1,5,6.85,1,0.0,Hard
765,2,Everyday Problem Solver,Easy,81.55,4,3.6,1,5.45,Hard
765,3,Story & Conversation,Easy,93.04,5,4.08,0,11.49,Hard
765,4,Everyday Problem Solver,Medium,90.82,9,3.5,1,-2.22,Hard
765,5,My Life Memories,Medium,87.85,7,4.1,1,-2.97,Hard
766,1,Story & Conversation,Medium,64.04,3,5.1,2,0.0,Hard
766,2,Everyday Problem Solver,Medium,62.63,6,4.39,4,-1.41,Hard
766,3,My Life Memories,Medium,69.15,6,6.08,2,6.52,Hard
766,4,Story & Conversation,Hard,53.34,4,4.83,4,-15.81,Hard
766,5,Behaviour & Emotional Response,Easy,84.11,5,4.29,1,30.77,Hard
767,1,Everyday Problem Solver,Hard,55.02,4,3.72,4,0.0,Hard
767,2,Everyday Problem Solver,Hard,58.76,6,4.91,4,3.74,Hard
767,3,My Life Memories,Medium,74.98,6,4.14,2,16.22,Hard
767,4,Memory Match & Recall,Medium,81.4,8,4.5,2,6.42,Hard
767,5,Story & Conversation,Easy,89.36,7,4.47,1,7.96,Hard
768,1,My Life Memories,Medium,62.78,5,5.61,3,0.0,Medium
768,2,My Life Memories,Easy,69.65,4,6.12,2,6.87,Medium
768,3,My Life Memories,Medium,64.51,3,3.41,2,-5.14,Medium
768,4,Everyday Problem Solver,Medium,68.55,4,3.93,2,4.04,Medium
768,5,Memory Match & Recall,Medium,72.92,6,7.57,2,4.37,Medium
769,1,Memory Match & Recall,Hard,38.2,3,3.89,5,0.0,Medium
769,2,Behaviour & Emotional Response,Hard,40.42,3,4.91,5,2.22,Medium
769,3,Memory Match & Recall,Medium,47.45,5,3.8,5,7.03,Medium
769,4,My Life Memories,Easy,67.09,5,5.67,3,19.64,Medium
769,5,Story & Conversation,Medium,54.34,3,4.03,2,-12.75,Medium
770,1,My Life Memories,Hard,67.34,7,3.17,3,0.0,Hard
770,2,My Life Memories,Easy,98.0,5,2.89,0,30.66,Hard
770,3,Memory Match & Recall,Medium,92.77,6,4.3,0,-5.23,Hard
770,4,Everyday Problem Solver,Hard,79.97,5,7.34,1,-12.8,Hard
770,5,Memory Match & Recall,Medium,82.59,4,4.16,1,2.62,Hard
771,1,Memory Match & Recall,Medium,68.09,3,4.17,2,0.0,Easy
771,2,Story & Conversation,Easy,66.8,5,5.04,3,-1.29,Easy
771,3,Everyday Problem Solver,Medium,58.4,3,5.22,2,-8.4,Easy
771,4,Story & Conversation,Hard,42.06,3,8.62,5,-16.34,Easy
771,5,Everyday Problem Solver,Hard,44.78,4,5.56,4,2.72,Easy
772,1,Behaviour & Emotional Response,Easy,80.99,8,2.76,2,0.0,Hard
772,2,My Life Memories,Hard,60.92,3,6.72,2,-20.07,Hard
772,3,Memory Match & Recall,Easy,75.02,5,3.22,1,14.1,Hard
772,4,Story & Conversation,Easy,77.44,8,3.51,2,2.42,Hard
772,5,Memory Match & Recall,Easy,83.11,5,3.17,1,5.67,Hard
773,1,Behaviour & Emotional Response,Medium,54.97,3,3.88,2,0.0,Easy
773,2,Story & Conversation,Easy,74.25,6,5.05,2,19.28,Easy
773,3,Memory Match & Recall,Easy,78.56,4,2.24,1,4.31,Easy
773,4,Behaviour & Emotional Response,Hard,57.19,3,8.85,2,-21.37,Easy
773,5,Memory Match & Recall,Hard,49.59,3,8.18,3,-7.6,Easy
774,1,Memory Match & Recall,Easy,57.82,3,4.17,2,0.0,Medium
774,2,Everyday Problem Solver,Medium,63.84,4,3.98,2,6.02,Medium
774,3,Story & Conversation,Medium,55.45,3,5.77,3,-8.39,Medium
774,4,Story & Conversation,Hard,48.57,3,6.61,3,-6.88,Medium
774,5,Everyday Problem Solver,Easy,73.48,7,4.99,3,24.91,Medium
775,1,Story & Conversation,Easy,64.91,4,3.37,2,0.0,Medium
775,2,Behaviour & Emotional Response,Easy,72.75,4,3.66,2,7.84,Medium
775,3,Everyday Problem Solver,Easy,73.29,4,4.13,2,0.54,Medium
775,4,Everyday Problem Solver,Hard,47.23,4,5.33,4,-26.06,Medium
775,5,My Life Memories,Easy,63.42,6,2.4,4,16.19,Medium
776,1,Story & Conversation,Medium,42.23,3,5.42,5,0.0,Medium
776,2,Behaviour & Emotional Response,Medium,51.73,3,4.55,3,9.5,Medium
776,3,Memory Match & Recall,Hard,29.88,3,4.33,7,-21.85,Medium
776,4,Everyday Problem Solver,Medium,51.55,3,6.75,3,21.67,Medium
776,5,My Life Memories,Easy,67.77,5,5.31,3,16.22,Medium
777,1,Everyday Problem Solver,Easy,89.76,7,4.68,1,0.0,Hard
777,2,Memory Match & Recall,Medium,74.95,4,4.52,2,-14.81,Hard
777,3,Story & Conversation,Easy,74.41,6,3.58,2,-0.54,Hard
777,4,Memory Match & Recall,Hard,62.02,4,5.88,2,-12.39,Hard
777,5,My Life Memories,Easy,97.14,8,4.32,0,35.12,Hard
778,1,Story & Conversation,Medium,75.07,4,4.53,1,0.0,Medium
778,2,Story & Conversation,Medium,71.21,6,4.04,2,-3.86,Medium
778,3,Memory Match & Recall,Easy,93.84,9,4.26,1,22.63,Medium
778,4,Story & Conversation,Easy,97.84,5,4.43,0,4.0,Medium
778,5,Everyday Problem Solver,Hard,69.57,6,8.32,2,-28.27,Medium
779,1,Everyday Problem Solver,Medium,65.57,4,4.49,2,0.0,Medium
779,2,Memory Match & Recall,Medium,64.35,6,6.1,4,-1.22,Medium
779,3,Behaviour & Emotional Response,Medium,62.84,6,2.17,4,-1.51,Medium
779,4,My Life Memories,Medium,63.2,4,6.47,2,0.36,Medium
779,5,Story & Conversation,Medium,67.76,5,5.49,3,4.56,Medium
780,1,My Life Memories,Medium,29.84,2,5.75,6,0.0,Easy
780,2,Memory Match & Recall,Hard,26.13,2,7.55,4,-3.71,Easy
780,3,Behaviour & Emotional Response,Easy,46.3,5,5.12,5,20.17,Easy
780,4,Story & Conversation,Hard,26.76,3,4.9,7,-19.54,Easy
780,5,Behaviour & Emotional Response,Easy,36.63,2,5.22,4,9.87,Easy
781,1,Story & Conversation,Hard,46.9,3,3.98,3,0.0,Medium
781,2,Behaviour & Emotional Response,Medium,67.89,4,4.64,2,20.99,Medium
781,3,Story & Conversation,Medium,68.95,3,7.19,2,1.06,Medium
781,4,Memory Match & Recall,Easy,64.26,4,3.65,2,-4.69,Medium
781,5,Story & Conversation,Medium,67.35,4,6.71,2,3.09,Medium
782,1,My Life Memories,Easy,57.07,3,4.71,3,0.0,Easy
782,2,Everyday Problem Solver,Hard,24.38,2,5.87,6,-32.69,Easy
782,3,Story & Conversation,Easy,45.84,3,5.89,3,21.46,Easy
782,4,Everyday Problem Solver,Medium,33.54,2,5.65,4,-12.3,Easy
782,5,Everyday Problem Solver,Medium,39.15,3,4.27,5,5.61,Easy
783,1,Memory Match & Recall,Medium,97.51,8,5.46,0,0.0,Hard
783,2,Memory Match & Recall,Medium,98.0,10,3.01,0,0.49,Hard
783,3,Everyday Problem Solver,Hard,96.51,10,2.52,0,-1.49,Hard
783,4,My Life Memories,Medium,94.89,5,4.19,0,-1.62,Hard
783,5,My Life Memories,Easy,98.0,6,4.48,0,3.11,Hard
784,1,My Life Memories,Medium,57.43,5,3.87,3,0.0,Medium
784,2,My Life Memories,Medium,50.01,3,5.97,2,-7.42,Medium
784,3,Story & Conversation,Medium,64.66,3,6.88,2,14.65,Medium
784,4,Everyday Problem Solver,Hard,45.26,3,6.77,3,-19.4,Medium
784,5,Everyday Problem Solver,Medium,61.8,5,6.43,3,16.54,Medium
785,1,Behaviour & Emotional Response,Hard,64.6,6,5.38,4,0.0,Hard
785,2,Memory Match & Recall,Medium,82.6,5,5.62,1,18.0,Hard
785,3,My Life Memories,Easy,84.22,5,2.73,1,1.62,Hard
785,4,Story & Conversation,Medium,78.1,6,6.69,2,-6.12,Hard
785,5,My Life Memories,Medium,88.21,9,3.46,1,10.11,Hard
786,1,Everyday Problem Solver,Easy,60.13,6,3.16,4,0.0,Easy
786,2,My Life Memories,Easy,57.04,6,3.8,4,-3.09,Easy
786,3,Everyday Problem Solver,Easy,65.19,3,3.55,2,8.15,Easy
786,4,My Life Memories,Hard,41.84,3,6.19,5,-23.35,Easy
786,5,Memory Match & Recall,Medium,50.0,5,2.74,5,8.16,Easy
787,1,Memory Match & Recall,Easy,35.63,2,5.01,4,0.0,Easy
787,2,Behaviour & Emotional Response,Medium,21.71,2,4.02,8,-13.92,Easy
787,3,Memory Match & Recall,Medium,33.33,3,5.91,7,11.62,Easy
787,4,My Life Memories,Medium,30.63,2,6.19,6,-2.7,Easy
787,5,My Life Memories,Easy,35.91,2,4.29,3,5.28,Easy
788,1,Behaviour & Emotional Response,Hard,73.13,7,5.87,3,0.0,Hard
788,2,Behaviour & Emotional Response,Medium,98.0,10,3.04,0,24.87,Hard
788,3,Story & Conversation,Hard,80.5,6,7.65,2,-17.5,Hard
788,4,Memory Match & Recall,Medium,87.27,9,5.83,1,6.77,Hard
788,5,Behaviour & Emotional Response,Medium,84.83,4,4.0,1,-2.44,Hard
789,1,Everyday Problem Solver,Easy,80.57,6,5.7,2,0.0,Medium
789,2,Everyday Problem Solver,Medium,76.69,8,4.81,2,-3.88,Medium
789,3,My Life Memories,Easy,85.94,7,3.9,1,9.25,Medium
789,4,Memory Match & Recall,Easy,85.69,9,4.56,1,-0.25,Medium
789,5,My Life Memories,Medium,74.45,6,5.41,2,-11.24,Medium
790,1,Story & Conversation,Medium,29.18,2,5.39,6,0.0,Medium
790,2,Memory Match & Recall,Medium,27.31,2,6.28,4,-1.87,Medium
790,3,Story & Conversation,Medium,44.16,2,5.54,3,16.85,Medium
790,4,My Life Memories,Easy,43.7,2,6.31,3,-0.46,Medium
790,5,Behaviour & Emotional Response,Easy,64.15,3,4.66,2,20.45,Medium
791,1,Behaviour & Emotional Response,Medium,68.87,4,5.59,2,0.0,Medium
791,2,Everyday Problem Solver,Easy,78.44,4,4.33,1,9.57,Medium
791,3,Everyday Problem Solver,Medium,76.09,8,7.71,2,-2.35,Medium
791,4,My Life Memories,Hard,51.76,4,5.76,4,-24.33,Medium
791,5,My Life Memories,Medium,66.58,4,6.88,2,14.82,Medium
792,1,Behaviour & Emotional Response,Medium,42.52,2,5.93,3,0.0,Easy
792,2,Memory Match & Recall,Easy,73.15,4,5.21,1,30.63,Easy
792,3,Everyday Problem Solver,Medium,55.41,3,5.55,2,-17.74,Easy
792,4,My Life Memories,Medium,64.17,3,3.94,2,8.76,Easy
792,5,Story & Conversation,Hard,44.51,4,5.4,4,-19.66,Easy
793,1,My Life Memories,Medium,40.51,2,6.51,4,0.0,Easy
793,2,Story & Conversation,Medium,47.38,2,5.89,3,6.87,Easy
793,3,My Life Memories,Hard,34.36,2,6.65,4,-13.02,Easy
793,4,Behaviour & Emotional Response,Easy,52.18,4,4.21,4,17.82,Easy
793,5,Behaviour & Emotional Response,Medium,49.63,3,5.44,3,-2.55,Easy
794,1,Memory Match & Recall,Medium,63.97,6,4.54,4,0.0,Medium
794,2,Everyday Problem Solver,Medium,85.25,9,5.91,1,21.28,Medium
794,3,Story & Conversation,Medium,70.28,4,4.66,2,-14.97,Medium
794,4,Story & Conversation,Medium,66.6,3,4.81,2,-3.68,Medium
794,5,Behaviour & Emotional Response,Medium,72.56,4,2.66,2,5.96,Medium
795,1,Story & Conversation,Easy,42.64,4,4.91,6,0.0,Medium
795,2,Everyday Problem Solver,Easy,46.52,5,6.4,5,3.88,Medium
795,3,Everyday Problem Solver,Easy,40.56,4,3.77,6,-5.96,Medium
795,4,Behaviour & Emotional Response,Medium,50.08,4,5.26,4,9.52,Medium
795,5,Memory Match & Recall,Easy,57.77,3,7.0,2,7.69,Medium
796,1,Story & Conversation,Easy,59.0,5,4.2,3,0.0,Medium
796,2,Behaviour & Emotional Response,Hard,27.37,3,5.71,7,-31.63,Medium
796,3,Behaviour & Emotional Response,Easy,67.88,7,5.11,3,40.51,Medium
796,4,My Life Memories,Hard,45.81,2,5.48,3,-22.07,Medium
796,5,Story & Conversation,Easy,61.66,5,6.03,3,15.85,Medium
797,1,My Life Memories,Easy,64.3,6,4.68,4,0.0,Easy
797,2,Everyday Problem Solver,Medium,62.81,4,6.16,2,-1.49,Easy
797,3,My Life Memories,Easy,57.77,3,3.11,2,-5.04,Easy
797,4,Behaviour & Emotional Response,Hard,48.51,5,5.83,5,-9.26,Easy
797,5,Behaviour & Emotional Response,Hard,43.81,2,7.17,3,-4.7,Easy
798,1,Everyday Problem Solver,Medium,63.13,5,5.93,3,0.0,Medium
798,2,Story & Conversation,Easy,72.06,6,6.31,2,8.93,Medium
798,3,My Life Memories,Medium,61.08,3,5.8,2,-10.98,Medium
798,4,Everyday Problem Solver,Medium,75.91,5,3.24,1,14.83,Medium
798,5,Behaviour & Emotional Response,Medium,66.75,7,6.34,3,-9.16,Medium
799,1,My Life Memories,Hard,64.33,3,4.9,2,0.0,Hard
799,2,Story & Conversation,Medium,84.59,8,6.24,2,20.26,Hard
799,3,Everyday Problem Solver,Medium,73.37,4,3.47,2,-11.22,Hard
799,4,My Life Memories,Medium,83.21,4,5.59,1,9.84,Hard
799,5,Memory Match & Recall,Medium,81.56,5,5.66,1,-1.65,Hard
800,1,Memory Match & Recall,Medium,36.66,2,4.7,4,0.0,Medium
800,2,Everyday Problem Solver,Medium,51.23,5,4.76,5,14.57,Medium
800,3,Behaviour & Emotional Response,Medium,45.4,3,2.96,3,-5.83,Medium
800,4,My Life Memories,Hard,38.76,3,7.07,5,-6.64,Medium
800,5,Story & Conversation,Medium,62.89,3,6.42,2,24.13,Medium
801,1,Story & Conversation,Medium,40.84,4,5.77,6,0.0,Medium
801,2,Everyday Problem Solver,Hard,41.07,4,6.45,6,0.23,Medium
801,3,My Life Memories,Easy,48.68,5,3.57,5,7.61,Medium
801,4,Everyday Problem Solver,Hard,40.08,2,6.56,4,-8.6,Medium
801,5,My Life Memories,Easy,68.37,5,4.63,3,28.29,Medium
802,1,My Life Memories,Medium,65.47,3,5.8,2,0.0,Medium
802,2,My Life Memories,Medium,68.34,7,5.03,3,2.87,Medium
802,3,My Life Memories,Medium,66.35,3,5.07,2,-1.99,Medium
802,4,Behaviour & Emotional Response,Easy,82.37,4,4.66,1,16.02,Medium
802,5,Behaviour & Emotional Response,Medium,73.25,7,6.53,3,-9.12,Medium
803,1,Memory Match & Recall,Easy,70.08,4,5.5,2,0.0,Medium
803,2,Everyday Problem Solver,Medium,57.28,6,3.74,4,-12.8,Medium
803,3,Memory Match & Recall,Hard,56.99,3,6.46,2,-0.29,Medium
803,4,Behaviour & Emotional Response,Hard,49.01,5,5.45,5,-7.98,Medium
803,5,Behaviour & Emotional Response,Medium,66.34,4,4.39,2,17.33,Medium
804,1,Everyday Problem Solver,Medium,78.39,5,4.85,1,0.0,Hard
804,2,Everyday Problem Solver,Medium,72.38,4,3.3,2,-6.01,Hard
804,3,Story & Conversation,Easy,95.68,5,4.95,0,23.3,Hard
804,4,Memory Match & Recall,Easy,84.41,8,5.19,2,-11.27,Hard
804,5,My Life Memories,Easy,89.73,9,3.94,1,5.32,Hard
805,1,Everyday Problem Solver,Medium,62.08,6,4.59,4,0.0,Easy
805,2,Behaviour & Emotional Response,Medium,68.76,6,4.35,2,6.68,Easy
805,3,Everyday Problem Solver,Easy,83.54,4,6.57,1,14.78,Easy
805,4,Memory Match & Recall,Medium,66.5,7,2.97,3,-17.04,Easy
805,5,Behaviour & Emotional Response,Hard,48.52,5,5.73,5,-17.98,Easy
806,1,Memory Match & Recall,Medium,51.3,4,5.25,4,0.0,Medium
806,2,Behaviour & Emotional Response,Easy,51.93,3,2.41,2,0.63,Medium
806,3,My Life Memories,Medium,54.83,3,5.22,2,2.9,Medium
806,4,Story & Conversation,Hard,40.0,2,3.99,3,-14.83,Medium
806,5,Story & Conversation,Medium,58.88,6,6.56,4,18.88,Medium
807,1,My Life Memories,Medium,59.08,3,5.08,2,0.0,Hard
807,2,Everyday Problem Solver,Hard,45.47,2,7.21,3,-13.61,Hard
807,3,Everyday Problem Solver,Medium,67.66,5,2.84,3,22.19,Hard
807,4,Everyday Problem Solver,Hard,54.87,5,6.42,5,-12.79,Hard
807,5,Everyday Problem Solver,Easy,78.17,6,4.04,2,23.3,Hard
808,1,Memory Match & Recall,Medium,45.03,5,4.36,5,0.0,Medium
808,2,Everyday Problem Solver,Medium,30.2,2,4.81,6,-14.83,Medium
808,3,Story & Conversation,Medium,50.52,4,4.63,4,20.32,Medium
808,4,My Life Memories,Medium,56.56,5,5.56,3,6.04,Medium
808,5,Behaviour & Emotional Response,Easy,59.67,4,4.37,2,3.11,Medium
809,1,Everyday Problem Solver,Medium,57.4,3,4.68,2,0.0,Medium
809,2,Everyday Problem Solver,Hard,51.66,4,4.76,4,-5.74,Medium
809,3,Story & Conversation,Easy,65.52,4,3.13,2,13.86,Medium
809,4,Behaviour & Emotional Response,Medium,75.75,8,5.53,2,10.23,Medium
809,5,My Life Memories,Medium,66.8,4,3.7,2,-8.95,Medium
810,1,Everyday Problem Solver,Easy,78.65,6,4.63,2,0.0,Hard
810,2,My Life Memories,Easy,74.99,4,4.59,2,-3.66,Hard
810,3,Memory Match & Recall,Hard,57.81,5,4.92,3,-17.18,Hard
810,4,Everyday Problem Solver,Medium,78.25,6,3.03,2,20.44,Hard
810,5,Story & Conversation,Medium,78.74,8,5.69,2,0.49,Hard
811,1,My Life Memories,Medium,41.88,3,4.9,3,0.0,Medium
811,2,Story & Conversation,Medium,50.0,4,4.92,4,8.12,Medium
811,3,Behaviour & Emotional Response,Medium,52.41,5,7.2,5,2.41,Medium
811,4,Everyday Problem Solver,Hard,36.26,4,3.95,6,-16.15,Medium
811,5,Everyday Problem Solver,Medium,57.76,6,7.06,4,21.5,Medium
812,1,Memory Match & Recall,Medium,59.37,3,4.88,2,0.0,Medium
812,2,Story & Conversation,Easy,70.68,4,5.21,2,11.31,Medium
812,3,Everyday Problem Solver,Easy,70.78,4,4.07,1,0.1,Medium
812,4,Everyday Problem Solver,Medium,64.37,6,5.14,4,-6.41,Medium
812,5,Behaviour & Emotional Response,Hard,57.69,3,6.05,2,-6.68,Medium
813,1,Behaviour & Emotional Response,Hard,42.42,3,6.71,3,0.0,Hard
813,2,Story & Conversation,Medium,61.54,6,3.82,4,19.12,Hard
813,3,Memory Match & Recall,Hard,64.78,3,6.35,2,3.24,Hard
813,4,Story & Conversation,Medium,63.92,3,6.69,2,-0.86,Hard
813,5,Memory Match & Recall,Medium,77.39,5,4.71,1,13.47,Hard
814,1,Everyday Problem Solver,Easy,69.28,4,4.27,2,0.0,Easy
814,2,Everyday Problem Solver,Easy,75.52,8,4.62,2,6.24,Easy
814,3,Everyday Problem Solver,Easy,80.21,6,5.03,2,4.69,Easy
814,4,Behaviour & Emotional Response,Easy,81.14,5,2.9,1,0.93,Easy
814,5,Memory Match & Recall,Hard,53.58,3,5.22,3,-27.56,Easy
815,1,Behaviour & Emotional Response,Easy,72.07,4,3.03,2,0.0,Medium
815,2,Everyday Problem Solver,Easy,65.12,7,5.62,3,-6.95,Medium
815,3,My Life Memories,Easy,66.97,3,5.02,2,1.85,Medium
815,4,Story & Conversation,Medium,59.43,3,5.33,2,-7.54,Medium
815,5,Everyday Problem Solver,Medium,60.4,6,5.82,4,0.97,Medium
816,1,Memory Match & Recall,Medium,34.64,2,5.58,3,0.0,Easy
816,2,Behaviour & Emotional Response,Medium,41.53,4,6.96,6,6.89,Easy
816,3,Story & Conversation,Medium,37.48,4,6.98,6,-4.05,Easy
816,4,Memory Match & Recall,Medium,37.37,4,6.8,6,-0.11,Easy
816,5,Everyday Problem Solver,Medium,47.73,5,4.02,5,10.36,Easy
817,1,Memory Match & Recall,Easy,74.3,7,5.16,3,0.0,Hard
817,2,Behaviour & Emotional Response,Easy,74.77,4,4.03,2,0.47,Hard
817,3,Story & Conversation,Medium,75.82,6,4.77,2,1.05,Hard
817,4,Story & Conversation,Easy,84.06,5,4.06,1,8.24,Hard
817,5,Story & Conversation,Easy,90.61,7,3.46,1,6.55,Hard
818,1,My Life Memories,Easy,69.93,4,3.91,2,0.0,Medium
818,2,My Life Memories,Easy,71.89,7,5.5,3,1.96,Medium
818,3,My Life Memories,Easy,62.86,3,2.32,2,-9.03,Medium
818,4,My Life Memories,Medium,55.17,3,5.18,2,-7.69,Medium
818,5,My Life Memories,Easy,73.79,4,6.32,2,18.62,Medium
819,1,Everyday Problem Solver,Medium,54.53,3,5.98,3,0.0,Medium
819,2,Everyday Problem Solver,Easy,67.67,5,5.06,3,13.14,Medium
819,3,Story & Conversation,Medium,41.07,4,4.98,6,-26.6,Medium
819,4,Memory Match & Recall,Medium,47.29,3,4.88,3,6.22,Medium
819,5,Behaviour & Emotional Response,Medium,61.61,5,5.37,3,14.32,Medium
820,1,Everyday Problem Solver,Easy,89.27,9,2.73,1,0.0,Medium
820,2,Everyday Problem Solver,Hard,51.6,3,6.07,3,-37.67,Medium
820,3,Story & Conversation,Hard,66.94,7,4.59,3,15.34,Medium
820,4,Behaviour & Emotional Response,Medium,71.52,6,4.05,2,4.58,Medium
820,5,Everyday Problem Solver,Hard,70.05,7,6.54,3,-1.47,Medium
821,1,Story & Conversation,Medium,72.48,6,3.68,2,0.0,Easy
821,2,Story & Conversation,Medium,69.62,6,5.0,2,-2.86,Easy
821,3,My Life Memories,Easy,80.0,8,3.84,2,10.38,Easy
821,4,My Life Memories,Easy,83.76,8,4.68,2,3.76,Easy
821,5,Memory Match & Recall,Hard,52.75,4,5.86,4,-31.01,Easy
822,1,Everyday Problem Solver,Hard,47.34,4,4.51,4,0.0,Medium
822,2,Memory Match & Recall,Hard,45.73,3,6.41,3,-1.61,Medium
822,3,Everyday Problem Solver,Medium,59.6,5,6.64,3,13.87,Medium
822,4,Story & Conversation,Hard,53.55,3,5.86,2,-6.05,Medium
822,5,Story & Conversation,Medium,63.71,6,5.35,4,10.16,Medium
823,1,Story & Conversation,Medium,55.1,3,4.7,3,0.0,Medium
823,2,Everyday Problem Solver,Medium,58.64,6,6.56,4,3.54,Medium
823,3,Story & Conversation,Easy,78.68,5,4.14,1,20.04,Medium
823,4,Everyday Problem Solver,Easy,85.93,9,4.82,1,7.25,Medium
823,5,Behaviour & Emotional Response,Medium,65.28,3,4.89,2,-20.65,Medium
824,1,My Life Memories,Medium,44.51,4,4.32,6,0.0,Hard
824,2,Everyday Problem Solver,Easy,65.37,7,4.34,3,20.86,Hard
824,3,Memory Match & Recall,Easy,59.08,5,5.91,3,-6.29,Hard
824,4,Story & Conversation,Medium,58.86,6,5.07,4,-0.22,Hard
824,5,Story & Conversation,Easy,73.38,4,3.47,2,14.52,Hard
825,1,Memory Match & Recall,Easy,74.64,7,3.33,3,0.0,Hard
825,2,Everyday Problem Solver,Hard,59.79,5,7.61,3,-14.85,Hard
825,3,Behaviour & Emotional Response,Easy,84.19,4,5.43,1,24.4,Hard
825,4,My Life Memories,Easy,78.22,6,2.46,2,-5.97,Hard
825,5,Behaviour & Emotional Response,Medium,81.79,7,7.31,1,3.57,Hard
826,1,Memory Match & Recall,Easy,91.13,5,2.89,0,0.0,Hard
826,2,Story & Conversation,Hard,66.25,5,3.75,3,-24.88,Hard
826,3,My Life Memories,Medium,85.5,5,6.74,1,19.25,Hard
826,4,Everyday Problem Solver,Easy,96.79,6,4.59,0,11.29,Hard
826,5,My Life Memories,Medium,97.4,6,4.24,0,0.61,Hard
827,1,Story & Conversation,Easy,98.0,5,4.06,0,0.0,Hard
827,2,Everyday Problem Solver,Easy,98.0,10,5.05,0,0.0,Hard
827,3,My Life Memories,Medium,91.45,9,3.38,1,-6.55,Hard
827,4,Memory Match & Recall,Hard,90.72,5,7.03,0,-0.73,Hard
827,5,Behaviour & Emotional Response,Medium,97.47,10,3.2,0,6.75,Hard
828,1,Memory Match & Recall,Hard,30.2,2,5.46,6,0.0,Easy
828,2,Behaviour & Emotional Response,Medium,41.01,3,6.4,5,10.81,Easy
828,3,Memory Match & Recall,Medium,48.96,2,6.76,3,7.95,Easy
828,4,Behaviour & Emotional Response,Medium,40.11,2,4.77,4,-8.85,Easy
828,5,Behaviour & Emotional Response,Hard,40.11,2,6.52,3,0.0,Easy
829,1,Behaviour & Emotional Response,Hard,73.51,4,7.93,2,0.0,Hard
829,2,Memory Match & Recall,Medium,87.73,9,6.07,1,14.22,Hard
829,3,Story & Conversation,Medium,84.04,5,4.84,1,-3.69,Hard
829,4,Story & Conversation,Easy,98.0,8,6.15,0,13.96,Hard
829,5,My Life Memories,Medium,93.36,9,4.65,1,-4.64,Hard
830,1,Memory Match & Recall,Medium,67.51,5,3.25,3,0.0,Hard
830,2,Memory Match & Recall,Medium,86.25,9,4.83,1,18.74,Hard
830,3,Memory Match & Recall,Easy,97.29,8,4.3,0,11.04,Hard
830,4,My Life Memories,Easy,98.0,6,3.24,0,0.71,Hard
830,5,Behaviour & Emotional Response,Medium,90.08,7,5.97,1,-7.92,Hard
831,1,Behaviour & Emotional Response,Medium,90.39,5,5.07,1,0.0,Hard
831,2,Behaviour & Emotional Response,Hard,69.45,4,3.92,2,-20.94,Hard
831,3,Everyday Problem Solver,Medium,78.12,5,4.64,1,8.67,Hard
831,4,Story & Conversation,Easy,98.0,5,3.48,0,19.88,Hard
831,5,Behaviour & Emotional Response,Medium,89.09,4,4.79,1,-8.91,Hard
832,1,Everyday Problem Solver,Medium,58.84,3,4.56,2,0.0,Medium
832,2,Story & Conversation,Hard,44.27,3,3.9,3,-14.57,Medium
832,3,Everyday Problem Solver,Easy,68.85,4,3.87,2,24.58,Medium
832,4,My Life Memories,Hard,46.75,3,6.43,3,-22.1,Medium
832,5,Everyday Problem Solver,Medium,67.29,3,5.24,2,20.54,Medium
833,1,Everyday Problem Solver,Hard,66.38,7,5.41,3,0.0,Hard
833,2,Memory Match & Recall,Hard,61.65,6,6.18,4,-4.73,Hard
833,3,Memory Match & Recall,Medium,81.37,5,6.53,1,19.72,Hard
833,4,My Life Memories,Easy,96.58,10,3.58,0,15.21,Hard
833,5,My Life Memories,Easy,90.32,9,5.08,1,-6.26,Hard
834,1,Behaviour & Emotional Response,Hard,69.65,3,5.67,2,0.0,Hard
834,2,Everyday Problem Solver,Medium,70.0,3,3.74,2,0.35,Hard
834,3,Everyday Problem Solver,Medium,80.66,4,5.27,1,10.66,Hard
834,4,My Life Memories,Medium,73.93,6,4.96,2,-6.73,Hard
834,5,Story & Conversation,Medium,85.81,5,3.43,1,11.88,Hard
835,1,Memory Match & Recall,Medium,74.31,6,6.41,2,0.0,Hard
835,2,My Life Memories,Easy,84.87,4,3.09,1,10.56,Hard
835,3,My Life Memories,Easy,86.83,9,4.19,1,1.96,Hard
835,4,My Life Memories,Medium,78.74,4,4.61,1,-8.09,Hard
835,5,Story & Conversation,Medium,84.58,7,4.62,1,5.84,Hard
836,1,Memory Match & Recall,Medium,48.75,4,5.58,4,0.0,Medium
836,2,Everyday Problem Solver,Hard,47.97,2,7.85,3,-0.78,Medium
836,3,My Life Memories,Hard,44.37,2,3.78,3,-3.6,Medium
836,4,Story & Conversation,Medium,67.22,5,5.38,3,22.85,Medium
836,5,Memory Match & Recall,Easy,68.96,4,2.61,2,1.74,Medium
837,1,Everyday Problem Solver,Medium,91.55,5,1.78,1,0.0,Medium
837,2,Behaviour & Emotional Response,Easy,91.81,9,6.26,1,0.26,Medium
837,3,Memory Match & Recall,Easy,93.2,6,3.67,0,1.39,Medium
837,4,Story & Conversation,Medium,85.86,9,3.47,1,-7.34,Medium
837,5,Everyday Problem Solver,Medium,78.83,5,6.13,1,-7.03,Medium
838,1,Behaviour & Emotional Response,Hard,21.84,1,7.19,5,0.0,Easy
838,2,Story & Conversation,Hard,15.0,1,5.07,4,-6.84,Easy
838,3,Everyday Problem Solver,Easy,52.64,3,5.22,3,37.64,Easy
838,4,Story & Conversation,Medium,33.15,3,6.68,5,-19.49,Easy
838,5,Story & Conversation,Medium,45.6,2,5.46,3,12.45,Easy
839,1,Memory Match & Recall,Easy,54.02,5,4.91,5,0.0,Medium
839,2,Memory Match & Recall,Medium,46.87,3,6.25,3,-7.15,Medium
839,3,My Life Memories,Easy,50.32,5,2.8,5,3.45,Medium
839,4,Behaviour & Emotional Response,Medium,52.08,3,4.49,3,1.76,Medium
839,5,Everyday Problem Solver,Easy,58.74,5,2.41,3,6.66,Medium
840,1,Everyday Problem Solver,Easy,69.98,3,5.22,2,0.0,Medium
840,2,Memory Match & Recall,Hard,50.21,5,5.74,5,-19.77,Medium
840,3,My Life Memories,Hard,58.36,6,4.26,4,8.15,Medium
840,4,Everyday Problem Solver,Hard,56.01,3,3.85,2,-2.35,Medium
840,5,Story & Conversation,Medium,61.26,5,3.55,3,5.25,Medium
841,1,Everyday Problem Solver,Easy,81.34,7,4.33,1,0.0,Medium
841,2,Behaviour & Emotional Response,Medium,66.59,3,4.61,2,-14.75,Medium
841,3,My Life Memories,Medium,70.15,4,5.4,2,3.56,Medium
841,4,Everyday Problem Solver,Easy,80.28,5,5.95,1,10.13,Medium
841,5,Everyday Problem Solver,Easy,77.68,4,3.41,1,-2.6,Medium
842,1,Memory Match & Recall,Medium,82.55,7,3.26,1,0.0,Hard
842,2,Behaviour & Emotional Response,Easy,97.97,6,3.65,0,15.42,Hard
842,3,Story & Conversation,Easy,93.14,7,2.94,1,-4.83,Hard
842,4,Story & Conversation,Medium,98.0,10,4.41,0,4.86,Hard
842,5,Behaviour & Emotional Response,Medium,79.6,6,6.66,2,-18.4,Hard
843,1,Everyday Problem Solver,Easy,74.57,6,3.28,2,0.0,Hard
843,2,Everyday Problem Solver,Medium,74.71,4,4.61,1,0.14,Hard
843,3,My Life Memories,Medium,60.61,4,7.16,2,-14.1,Hard
843,4,Everyday Problem Solver,Easy,81.06,4,6.15,1,20.45,Hard
843,5,Everyday Problem Solver,Easy,92.84,7,3.06,1,11.78,Hard
844,1,Memory Match & Recall,Medium,71.59,7,2.69,3,0.0,Hard
844,2,Story & Conversation,Easy,84.45,8,4.8,2,12.86,Hard
844,3,My Life Memories,Hard,63.72,6,5.42,4,-20.73,Hard
844,4,Behaviour & Emotional Response,Easy,96.86,10,4.35,0,33.14,Hard
844,5,Memory Match & Recall,Medium,76.44,6,5.73,2,-20.42,Hard
845,1,Story & Conversation,Hard,35.84,2,6.53,4,0.0,Hard
845,2,Story & Conversation,Easy,76.82,8,4.41,2,40.98,Hard
845,3,Behaviour & Emotional Response,Medium,71.32,4,4.12,1,-5.5,Hard
845,4,Story & Conversation,Medium,69.48,6,3.06,2,-1.84,Hard
845,5,Memory Match & Recall,Medium,71.41,7,7.27,3,1.93,Hard
846,1,Memory Match & Recall,Hard,28.52,2,5.22,4,0.0,Medium
846,2,Memory Match & Recall,Easy,57.36,6,3.27,4,28.84,Medium
846,3,Memory Match & Recall,Easy,60.6,5,5.53,3,3.24,Medium
846,4,Everyday Problem Solver,Hard,40.78,3,3.85,5,-19.82,Medium
846,5,My Life Memories,Medium,57.05,3,6.17,2,16.27,Medium
847,1,Behaviour & Emotional Response,Easy,84.69,5,4.59,1,0.0,Easy
847,2,Everyday Problem Solver,Hard,68.15,4,8.06,2,-16.54,Easy
847,3,Memory Match & Recall,Easy,79.73,6,5.66,2,11.58,Easy
847,4,Behaviour & Emotional Response,Medium,76.44,5,4.73,1,-3.29,Easy
847,5,Behaviour & Emotional Response,Hard,57.23,3,5.5,2,-19.21,Easy
848,1,Behaviour & Emotional Response,Medium,42.26,3,3.84,3,0.0,Medium
848,2,Behaviour & Emotional Response,Easy,53.85,3,4.08,3,11.59,Medium
848,3,Memory Match & Recall,Medium,48.62,3,3.17,3,-5.23,Medium
848,4,Everyday Problem Solver,Medium,40.87,4,5.61,6,-7.75,Medium
848,5,Everyday Problem Solver,Easy,56.26,6,5.84,4,15.39,Medium
849,1,Story & Conversation,Medium,67.02,7,6.66,3,0.0,Medium
849,2,My Life Memories,Medium,63.02,4,4.31,2,-4.0,Medium
849,3,Story & Conversation,Easy,81.61,7,4.96,1,18.59,Medium
849,4,Behaviour & Emotional Response,Medium,66.76,4,6.64,2,-14.85,Medium
849,5,Behaviour & Emotional Response,Medium,68.11,3,4.99,2,1.35,Medium
850,1,Memory Match & Recall,Medium,54.71,3,5.16,3,0.0,Medium
850,2,Everyday Problem Solver,Medium,70.2,4,5.47,2,15.49,Medium
850,3,Everyday Problem Solver,Medium,63.5,4,4.8,2,-6.7,Medium
850,4,My Life Memories,Medium,66.8,4,5.87,2,3.3,Medium
850,5,Everyday Problem Solver,Hard,57.97,3,5.44,2,-8.83,Medium
851,1,Everyday Problem Solver,Hard,55.75,4,4.65,4,0.0,Hard
851,2,Everyday Problem Solver,Hard,55.38,3,3.26,2,-0.37,Hard
851,3,Behaviour & Emotional Response,Hard,58.77,4,6.62,2,3.39,Hard
851,4,Everyday Problem Solver,Medium,73.86,6,4.44,2,15.09,Hard
851,5,Story & Conversation,Easy,82.73,4,6.05,1,8.87,Hard
852,1,Behaviour & Emotional Response,Easy,91.03,5,4.44,0,0.0,Medium
852,2,Behaviour & Emotional Response,Medium,89.37,9,2.98,1,-1.66,Medium
852,3,Story & Conversation,Hard,70.27,7,7.34,3,-19.1,Medium
852,4,Everyday Problem Solver,Easy,98.0,8,4.66,0,27.73,Medium
852,5,Story & Conversation,Hard,66.17,3,5.71,2,-31.83,Medium
853,1,My Life Memories,Hard,41.14,3,5.0,5,0.0,Easy
853,2,Memory Match & Recall,Medium,46.5,5,2.65,5,5.36,Easy
853,3,Behaviour & Emotional Response,Easy,71.48,7,3.95,3,24.98,Easy
853,4,Story & Conversation,Easy,66.59,3,4.46,2,-4.89,Easy
853,5,Memory Match & Recall,Hard,38.75,3,4.48,5,-27.84,Easy
854,1,Everyday Problem Solver,Hard,28.58,3,6.51,7,0.0,Easy
854,2,My Life Memories,Medium,41.65,2,7.26,3,13.07,Easy
854,3,Story & Conversation,Hard,42.08,3,6.93,5,0.43,Easy
854,4,Story & Conversation,Medium,48.7,4,6.93,4,6.62,Easy
854,5,My Life Memories,Medium,49.61,4,5.07,4,0.91,Easy
855,1,Story & Conversation,Easy,76.76,4,5.15,1,0.0,Medium
855,2,My Life Memories,Easy,71.2,7,3.79,3,-5.56,Medium
855,3,Everyday Problem Solver,Medium,69.39,6,5.8,2,-1.81,Medium
855,4,Memory Match & Recall,Hard,52.69,5,3.97,5,-16.7,Medium
855,5,Behaviour & Emotional Response,Medium,67.31,7,5.71,3,14.62,Medium
856,1,Behaviour & Emotional Response,Medium,79.89,8,4.35,2,0.0,Hard
856,2,Memory Match & Recall,Medium,86.24,4,6.44,1,6.35,Hard
856,3,Behaviour & Emotional Response,Easy,98.0,6,3.13,0,11.76,Hard
856,4,Story & Conversation,Medium,94.93,9,4.25,1,-3.07,Hard
856,5,My Life Memories,Medium,85.73,4,3.74,1,-9.2,Hard
857,1,Story & Conversation,Medium,88.32,9,4.92,1,0.0,Hard
857,2,My Life Memories,Medium,86.01,4,5.16,1,-2.31,Hard
857,3,My Life Memories,Hard,78.69,8,6.02,2,-7.32,Hard
857,4,Memory Match & Recall,Easy,98.0,6,5.26,0,19.31,Hard
857,5,Memory Match & Recall,Medium,92.15,7,3.59,1,-5.85,Hard
858,1,Memory Match & Recall,Easy,48.94,5,7.04,5,0.0,Medium
858,2,Memory Match & Recall,Medium,57.49,5,4.04,3,8.55,Medium
858,3,Story & Conversation,Hard,40.12,3,5.21,5,-17.37,Medium
858,4,Story & Conversation,Hard,52.57,3,4.18,3,12.45,Medium
858,5,Story & Conversation,Medium,57.5,3,4.91,2,4.93,Medium
859,1,Story & Conversation,Medium,71.78,6,2.82,2,0.0,Medium
859,2,Everyday Problem Solver,Easy,82.4,7,3.17,1,10.62,Medium
859,3,My Life Memories,Medium,75.88,5,6.61,1,-6.52,Medium
859,4,My Life Memories,Hard,54.47,4,4.9,4,-21.41,Medium
859,5,Story & Conversation,Medium,75.09,5,4.44,1,20.62,Medium
860,1,Story & Conversation,Hard,58.06,3,6.33,2,0.0,Hard
860,2,Memory Match & Recall,Medium,68.85,6,5.23,2,10.79,Hard
860,3,Behaviour & Emotional Response,Medium,78.77,5,3.99,1,9.92,Hard
860,4,My Life Memories,Easy,90.29,9,4.34,1,11.52,Hard
860,5,Story & Conversation,Easy,93.37,9,4.01,1,3.08,Hard
861,1,Story & Conversation,Medium,65.48,4,4.86,2,0.0,Medium
861,2,Story & Conversation,Easy,78.77,5,5.01,1,13.29,Medium
861,3,Behaviour & Emotional Response,Easy,71.22,6,6.15,2,-7.55,Medium
861,4,Behaviour & Emotional Response,Medium,59.06,6,4.21,4,-12.16,Medium
861,5,Behaviour & Emotional Response,Medium,71.15,4,5.43,2,12.09,Medium
862,1,Memory Match & Recall,Easy,82.49,8,3.73,2,0.0,Hard
862,2,Story & Conversation,Easy,82.38,7,4.38,1,-0.11,Hard
862,3,Behaviour & Emotional Response,Medium,88.27,5,6.7,1,5.89,Hard
862,4,My Life Memories,Easy,98.0,8,5.47,0,9.73,Hard
862,5,Behaviour & Emotional Response,Medium,93.15,5,4.23,0,-4.85,Hard
863,1,Story & Conversation,Hard,28.52,3,4.28,7,0.0,Easy
863,2,Memory Match & Recall,Easy,58.14,3,4.34,3,29.62,Easy
863,3,Story & Conversation,Easy,59.04,4,3.95,2,0.9,Easy
863,4,Everyday Problem Solver,Easy,54.98,3,4.81,3,-4.06,Easy
863,5,My Life Memories,Medium,44.6,3,4.62,3,-10.38,Easy
864,1,Everyday Problem Solver,Easy,70.33,4,2.99,2,0.0,Medium
864,2,Memory Match & Recall,Hard,62.84,6,6.67,4,-7.49,Medium
864,3,My Life Memories,Medium,69.28,4,6.94,2,6.44,Medium
864,4,My Life Memories,Easy,78.78,8,5.96,2,9.5,Medium
864,5,Behaviour & Emotional Response,Hard,60.94,6,4.58,4,-17.84,Medium
865,1,Story & Conversation,Medium,93.66,7,4.61,1,0.0,Hard
865,2,Story & Conversation,Medium,93.58,7,4.27,1,-0.08,Hard
865,3,Everyday Problem Solver,Easy,98.0,8,1.5,0,4.42,Hard
865,4,Memory Match & Recall,Hard,74.1,4,6.88,2,-23.9,Hard
865,5,Story & Conversation,Hard,80.22,5,5.91,1,6.12,Hard
866,1,Behaviour & Emotional Response,Medium,50.89,3,6.52,2,0.0,Easy
866,2,Behaviour & Emotional Response,Medium,40.09,3,4.69,5,-10.8,Easy
866,3,Memory Match & Recall,Hard,36.98,2,8.38,4,-3.11,Easy
866,4,Story & Conversation,Medium,50.02,3,7.71,3,13.04,Easy
866,5,My Life Memories,Easy,50.26,3,3.61,2,0.24,Easy
867,1,My Life Memories,Medium,44.82,4,5.35,6,0.0,Easy
867,2,Behaviour & Emotional Response,Medium,42.75,3,6.13,3,-2.07,Easy
867,3,Memory Match & Recall,Medium,52.56,3,3.25,2,9.81,Easy
867,4,Story & Conversation,Medium,43.08,3,6.14,3,-9.48,Easy
867,5,Memory Match & Recall,Medium,45.36,2,4.18,3,2.28,Easy
868,1,Story & Conversation,Medium,67.54,3,4.6,2,0.0,Hard
868,2,Behaviour & Emotional Response,Medium,78.75,5,4.18,1,11.21,Hard
868,3,My Life Memories,Easy,92.98,9,3.57,1,14.23,Hard
868,4,Story & Conversation,Medium,88.23,7,4.64,1,-4.75,Hard
868,5,Story & Conversation,Easy,95.31,10,5.13,0,7.08,Hard
869,1,Everyday Problem Solver,Medium,38.27,3,5.63,5,0.0,Medium
869,2,Memory Match & Recall,Hard,40.52,2,6.64,3,2.25,Medium
869,3,Story & Conversation,Medium,52.23,3,4.57,2,11.71,Medium
869,4,Behaviour & Emotional Response,Easy,77.14,8,2.62,2,24.91,Medium
869,5,Everyday Problem Solver,Medium,60.99,4,4.32,2,-16.15,Medium
870,1,Behaviour & Emotional Response,Medium,53.06,3,4.11,3,0.0,Hard
870,2,Everyday Problem Solver,Easy,69.89,7,6.11,3,16.83,Hard
870,3,Memory Match & Recall,Easy,70.78,4,4.56,1,0.89,Hard
870,4,My Life Memories,Medium,53.54,5,5.69,5,-17.24,Hard
870,5,My Life Memories,Medium,73.9,7,4.45,3,20.36,Hard
871,1,Everyday Problem Solver,Hard,38.99,2,5.4,4,0.0,Medium
871,2,Memory Match & Recall,Easy,49.39,3,5.09,3,10.4,Medium
871,3,My Life Memories,Hard,40.29,4,4.05,6,-9.1,Medium
871,4,Memory Match & Recall,Easy,73.38,7,3.11,3,33.09,Medium
871,5,Everyday Problem Solver,Easy,68.33,3,6.21,2,-5.05,Medium
872,1,Story & Conversation,Medium,29.67,1,5.59,4,0.0,Medium
872,2,Behaviour & Emotional Response,Easy,57.26,3,2.65,2,27.59,Medium
872,3,Behaviour & Emotional Response,Easy,54.31,4,5.26,4,-2.95,Medium
872,4,Memory Match & Recall,Easy,41.01,2,5.63,3,-13.3,Medium
872,5,Memory Match & Recall,Easy,60.12,5,4.14,3,19.11,Medium
873,1,Memory Match & Recall,Hard,73.6,6,5.83,2,0.0,Hard
873,2,Memory Match & Recall,Hard,65.58,4,4.61,2,-8.02,Hard
873,3,Behaviour & Emotional Response,Medium,81.56,5,5.53,1,15.98,Hard
873,4,Story & Conversation,Easy,91.34,5,1.63,1,9.78,Hard
873,5,Behaviour & Emotional Response,Medium,92.4,6,4.99,0,1.06,Hard
874,1,My Life Memories,Medium,59.45,4,6.85,2,0.0,Medium
874,2,Behaviour & Emotional Response,Easy,48.99,5,5.13,5,-10.46,Medium
874,3,Memory Match & Recall,Medium,48.75,2,5.71,3,-0.24,Medium
874,4,Story & Conversation,Hard,47.57,2,6.68,3,-1.18,Medium
874,5,Story & Conversation,Medium,57.31,3,2.79,3,9.74,Medium
875,1,Memory Match & Recall,Medium,55.69,3,6.27,3,0.0,Medium
875,2,Behaviour & Emotional Response,Hard,35.71,4,7.25,6,-19.98,Medium
875,3,Behaviour & Emotional Response,Hard,40.36,4,6.41,6,4.65,Medium
875,4,Memory Match & Recall,Medium,54.69,3,5.28,2,14.33,Medium
875,5,Story & Conversation,Easy,74.6,4,2.93,2,19.91,Medium
876,1,Everyday Problem Solver,Hard,38.91,4,8.87,6,0.0,Easy
876,2,Everyday Problem Solver,Medium,46.12,2,7.58,3,7.21,Easy
876,3,Story & Conversation,Easy,74.83,7,4.28,3,28.71,Easy
876,4,Behaviour & Emotional Response,Easy,62.51,3,3.67,2,-12.32,Easy
876,5,Story & Conversation,Hard,43.39,4,4.26,6,-19.12,Easy
877,1,Behaviour & Emotional Response,Medium,67.84,5,4.22,3,0.0,Medium
877,2,Story & Conversation,Easy,68.91,4,2.41,2,1.07,Medium
877,3,Story & Conversation,Hard,52.1,5,6.2,5,-16.81,Medium
877,4,My Life Memories,Medium,63.74,3,4.73,2,11.64,Medium
877,5,My Life Memories,Easy,73.1,4,5.02,1,9.36,Medium
878,1,Story & Conversation,Medium,61.46,6,5.27,4,0.0,Medium
878,2,Story & Conversation,Medium,67.81,5,5.77,3,6.35,Medium
878,3,Memory Match & Recall,Medium,63.72,3,6.81,2,-4.09,Medium
878,4,Everyday Problem Solver,Hard,54.59,4,7.43,4,-9.13,Medium
878,5,Behaviour & Emotional Response,Medium,69.21,4,2.74,2,14.62,Medium
879,1,Story & Conversation,Medium,80.38,4,4.79,1,0.0,Hard
879,2,Memory Match & Recall,Hard,70.76,7,5.32,3,-9.62,Hard
879,3,Everyday Problem Solver,Medium,83.93,4,4.12,1,13.17,Hard
879,4,My Life Memories,Medium,91.72,6,4.63,0,7.79,Hard
879,5,Behaviour & Emotional Response,Medium,83.28,4,3.72,1,-8.44,Hard
880,1,Everyday Problem Solver,Easy,75.15,5,4.86,1,0.0,Medium
880,2,Everyday Problem Solver,Medium,59.37,3,3.1,2,-15.78,Medium
880,3,Everyday Problem Solver,Medium,70.79,4,6.72,1,11.42,Medium
880,4,Memory Match & Recall,Hard,50.37,3,7.8,3,-20.42,Medium
880,5,Memory Match & Recall,Hard,59.74,3,5.81,2,9.37,Medium
881,1,Everyday Problem Solver,Medium,45.73,4,6.32,4,0.0,Medium
881,2,Everyday Problem Solver,Hard,38.88,2,5.05,4,-6.85,Medium
881,3,Story & Conversation,Hard,50.99,5,3.63,5,12.11,Medium
881,4,Memory Match & Recall,Easy,59.4,4,4.5,2,8.41,Medium
881,5,Behaviour & Emotional Response,Medium,61.8,6,5.59,4,2.4,Medium
882,1,Behaviour & Emotional Response,Medium,70.66,6,4.66,2,0.0,Medium
882,2,Everyday Problem Solver,Hard,43.59,3,4.99,5,-27.07,Medium
882,3,My Life Memories,Medium,59.22,6,5.76,4,15.63,Medium
882,4,My Life Memories,Medium,67.19,4,3.18,2,7.97,Medium
882,5,My Life Memories,Easy,70.0,3,4.98,2,2.81,Medium
883,1,My Life Memories,Easy,78.85,8,5.02,2,0.0,Hard
883,2,Everyday Problem Solver,Medium,65.45,4,6.85,2,-13.4,Hard
883,3,Memory Match & Recall,Medium,77.76,4,3.26,1,12.31,Hard
883,4,Everyday Problem Solver,Hard,54.86,5,4.6,5,-22.9,Hard
883,5,Memory Match & Recall,Easy,88.87,7,2.75,1,34.01,Hard
884,1,Everyday Problem Solver,Hard,45.76,4,5.85,4,0.0,Easy
884,2,My Life Memories,Easy,68.09,5,3.18,3,22.33,Easy
884,3,Story & Conversation,Hard,49.6,4,5.17,4,-18.49,Easy
884,4,Memory Match & Recall,Medium,57.59,6,5.32,4,7.99,Easy
884,5,Everyday Problem Solver,Hard,49.65,5,5.93,5,-7.94,Easy
885,1,Everyday Problem Solver,Easy,56.94,3,4.55,2,0.0,Easy
885,2,My Life Memories,Medium,41.99,2,4.61,3,-14.95,Easy
885,3,Everyday Problem Solver,Easy,64.07,6,2.95,4,22.08,Easy
885,4,Everyday Problem Solver,Easy,70.18,4,5.96,1,6.11,Easy
885,5,Everyday Problem Solver,Medium,47.27,4,6.75,4,-22.91,Easy
886,1,My Life Memories,Medium,60.36,6,4.42,4,0.0,Medium
886,2,Behaviour & Emotional Response,Medium,64.88,4,5.47,2,4.52,Medium
886,3,Everyday Problem Solver,Medium,55.96,3,3.65,2,-8.92,Medium
886,4,Behaviour & Emotional Response,Easy,63.58,4,4.72,2,7.62,Medium
886,5,Story & Conversation,Hard,55.28,4,6.64,4,-8.3,Medium
887,1,Everyday Problem Solver,Medium,51.29,3,4.27,3,0.0,Hard
887,2,Memory Match & Recall,Medium,66.64,4,4.39,2,15.35,Hard
887,3,Story & Conversation,Medium,62.09,4,3.71,2,-4.55,Hard
887,4,Everyday Problem Solver,Medium,64.75,5,4.43,3,2.66,Hard
887,5,My Life Memories,Easy,80.51,8,5.28,2,15.76,Hard
888,1,Memory Match & Recall,Hard,39.8,3,5.32,5,0.0,Medium
888,2,Behaviour & Emotional Response,Easy,55.55,4,3.53,4,15.75,Medium
888,3,Memory Match & Recall,Easy,66.75,3,4.86,2,11.2,Medium
888,4,My Life Memories,Medium,57.96,3,4.67,2,-8.79,Medium
888,5,Behaviour & Emotional Response,Medium,64.16,5,5.06,3,6.2,Medium
889,1,Story & Conversation,Easy,69.91,3,1.5,2,0.0,Hard
889,2,Everyday Problem Solver,Easy,83.75,4,2.62,1,13.84,Hard
889,3,Behaviour & Emotional Response,Easy,82.27,8,3.98,2,-1.48,Hard
889,4,Behaviour & Emotional Response,Easy,94.57,6,4.72,0,12.3,Hard
889,5,Memory Match & Recall,Medium,77.54,4,5.88,1,-17.03,Hard
890,1,Memory Match & Recall,Medium,62.78,6,6.28,4,0.0,Medium
890,2,Behaviour & Emotional Response,Medium,60.37,5,5.4,3,-2.41,Medium
890,3,Behaviour & Emotional Response,Medium,59.24,4,5.27,2,-1.13,Medium
890,4,My Life Memories,Medium,71.19,6,6.94,2,11.95,Medium
890,5,My Life Memories,Medium,62.14,4,4.28,2,-9.05,Medium
891,1,My Life Memories,Medium,74.35,6,5.12,2,0.0,Hard
891,2,Everyday Problem Solver,Easy,78.1,5,3.67,1,3.75,Hard
891,3,My Life Memories,Hard,70.81,4,5.67,2,-7.29,Hard
891,4,Story & Conversation,Medium,79.09,8,4.73,2,8.28,Hard
891,5,Story & Conversation,Easy,81.24,8,5.47,2,2.15,Hard
892,1,My Life Memories,Medium,81.38,5,3.63,1,0.0,Medium
892,2,My Life Memories,Easy,83.98,7,2.75,1,2.6,Medium
892,3,Everyday Problem Solver,Hard,59.49,6,7.0,4,-24.49,Medium
892,4,My Life Memories,Medium,59.62,6,4.78,4,0.13,Medium
892,5,My Life Memories,Hard,58.17,6,4.99,4,-1.45,Medium
893,1,Story & Conversation,Easy,82.5,8,4.18,2,0.0,Medium
893,2,Everyday Problem Solver,Medium,68.51,4,5.09,2,-13.99,Medium
893,3,Everyday Problem Solver,Easy,78.79,5,3.06,1,10.28,Medium
893,4,Behaviour & Emotional Response,Easy,86.93,7,4.66,1,8.14,Medium
893,5,My Life Memories,Medium,74.15,7,3.94,3,-12.78,Medium
894,1,Story & Conversation,Medium,52.05,3,3.24,3,0.0,Medium
894,2,My Life Memories,Easy,54.48,3,3.84,2,2.43,Medium
894,3,Behaviour & Emotional Response,Medium,59.25,5,4.24,3,4.77,Medium
894,4,Behaviour & Emotional Response,Medium,51.5,3,4.11,3,-7.75,Medium
894,5,Everyday Problem Solver,Easy,66.38,4,4.04,2,14.88,Medium
895,1,My Life Memories,Hard,86.81,9,6.84,1,0.0,Hard
895,2,Everyday Problem Solver,Hard,88.99,4,4.39,1,2.18,Hard
895,3,Everyday Problem Solver,Medium,88.15,5,3.47,1,-0.84,Hard
895,4,Story & Conversation,Hard,92.99,6,4.9,0,4.84,Hard
895,5,My Life Memories,Medium,90.97,5,4.26,1,-2.02,Hard
896,1,Everyday Problem Solver,Medium,58.03,6,5.34,4,0.0,Medium
896,2,Everyday Problem Solver,Hard,40.95,2,6.8,4,-17.08,Medium
896,3,My Life Memories,Easy,65.59,3,4.29,2,24.64,Medium
896,4,Memory Match & Recall,Medium,65.04,3,4.21,2,-0.55,Medium
896,5,Memory Match & Recall,Easy,69.0,3,5.16,2,3.96,Medium
897,1,Story & Conversation,Hard,32.83,3,6.7,5,0.0,Easy
897,2,Story & Conversation,Easy,70.96,4,5.16,2,38.13,Easy
897,3,Everyday Problem Solver,Easy,62.97,3,5.13,2,-7.99,Easy
897,4,Story & Conversation,Medium,45.19,4,5.28,4,-17.78,Easy
897,5,Behaviour & Emotional Response,Hard,40.96,4,6.36,6,-4.23,Easy
898,1,My Life Memories,Easy,74.03,4,4.03,2,0.0,Hard
898,2,Story & Conversation,Easy,73.6,4,2.94,2,-0.43,Hard
898,3,Everyday Problem Solver,Easy,72.83,4,6.09,1,-0.77,Hard
898,4,Behaviour & Emotional Response,Hard,56.16,6,5.83,4,-16.67,Hard
898,5,Everyday Problem Solver,Medium,79.12,8,3.23,2,22.96,Hard
899,1,Story & Conversation,Medium,53.63,3,5.13,3,0.0,Easy
899,2,Memory Match & Recall,Medium,43.4,3,3.71,3,-10.23,Easy
899,3,My Life Memories,Easy,59.04,3,5.18,2,15.64,Easy
899,4,Everyday Problem Solver,Hard,29.29,3,5.9,7,-29.75,Easy
899,5,My Life Memories,Medium,47.35,2,5.43,3,18.06,Easy
900,1,Behaviour & Emotional Response,Medium,50.72,4,6.19,4,0.0,Easy
900,2,My Life Memories,Medium,42.53,3,4.9,3,-8.19,Easy
900,3,My Life Memories,Hard,33.39,3,5.1,7,-9.14,Easy
900,4,Behaviour & Emotional Response,Easy,55.05,4,4.24,4,21.66,Easy
900,5,Memory Match & Recall,Hard,46.89,2,7.06,3,-8.16,Easy
901,1,Everyday Problem Solver,Easy,86.24,7,2.97,1,0.0,Hard
901,2,My Life Memories,Hard,63.27,3,6.96,2,-22.97,Hard
901,3,Everyday Problem Solver,Hard,57.47,5,6.6,3,-5.8,Hard
901,4,Story & Conversation,Medium,92.46,5,6.03,0,34.99,Hard
901,5,Story & Conversation,Medium,88.5,9,5.05,1,-3.96,Hard
902,1,Memory Match & Recall,Medium,70.21,7,5.89,3,0.0,Medium
902,2,Everyday Problem Solver,Medium,79.95,6,5.21,2,9.74,Medium
902,3,Everyday Problem Solver,Medium,85.42,4,4.17,1,5.47,Medium
902,4,My Life Memories,Easy,87.9,5,4.41,1,2.48,Medium
902,5,Memory Match & Recall,Medium,74.34,6,5.18,2,-13.56,Medium
903,1,Story & Conversation,Medium,40.5,4,5.23,6,0.0,Easy
903,2,Story & Conversation,Easy,42.59,4,3.66,6,2.09,Easy
903,3,Memory Match & Recall,Easy,45.81,2,5.46,3,3.22,Easy
903,4,Everyday Problem Solver,Hard,30.0,2,5.21,3,-15.81,Easy
903,5,Behaviour & Emotional Response,Easy,45.14,5,5.43,5,15.14,Easy
904,1,Everyday Problem Solver,Hard,37.52,4,6.15,6,0.0,Medium
904,2,My Life Memories,Easy,62.54,5,5.53,3,25.02,Medium
904,3,My Life Memories,Easy,54.59,5,2.27,5,-7.95,Medium
904,4,My Life Memories,Medium,50.26,3,7.26,3,-4.33,Medium
904,5,Story & Conversation,Medium,67.3,4,7.16,2,17.04,Medium
905,1,My Life Memories,Easy,56.41,3,1.74,2,0.0,Medium
905,2,My Life Memories,Hard,42.92,2,5.72,3,-13.49,Medium
905,3,Story & Conversation,Hard,55.91,3,6.89,2,12.99,Medium
905,4,Memory Match & Recall,Hard,50.97,3,4.82,2,-4.94,Medium
905,5,Everyday Problem Solver,Easy,67.34,5,4.77,3,16.37,Medium
906,1,Memory Match & Recall,Easy,82.81,5,3.1,1,0.0,Hard
906,2,Memory Match & Recall,Hard,63.86,3,6.3,2,-18.95,Hard
906,3,Memory Match & Recall,Medium,67.03,5,4.02,3,3.17,Hard
906,4,Behaviour & Emotional Response,Easy,89.09,9,4.01,1,22.06,Hard
906,5,Story & Conversation,Medium,85.99,4,5.41,1,-3.1,Hard
907,1,Behaviour & Emotional Response,Easy,62.64,4,4.57,2,0.0,Medium
907,2,Everyday Problem Solver,Hard,37.83,2,4.9,3,-24.81,Medium
907,3,Everyday Problem Solver,Easy,69.91,3,5.46,2,32.08,Medium
907,4,Memory Match & Recall,Medium,60.82,4,6.83,2,-9.09,Medium
907,5,Everyday Problem Solver,Easy,65.45,3,6.49,2,4.63,Medium
908,1,My Life Memories,Easy,50.41,3,2.48,3,0.0,Medium
908,2,My Life Memories,Hard,33.31,3,5.43,7,-17.1,Medium
908,3,Behaviour & Emotional Response,Medium,52.64,5,5.37,5,19.33,Medium
908,4,Story & Conversation,Medium,43.83,2,4.68,3,-8.81,Medium
908,5,My Life Memories,Easy,60.26,3,2.39,2,16.43,Medium
909,1,Memory Match & Recall,Easy,50.66,3,6.32,3,0.0,Medium
909,2,Story & Conversation,Easy,57.93,3,5.33,3,7.27,Medium
909,3,Memory Match & Recall,Medium,39.29,2,6.62,3,-18.64,Medium
909,4,Everyday Problem Solver,Easy,67.59,5,2.06,3,28.3,Medium
909,5,Everyday Problem Solver,Easy,57.05,5,5.14,3,-10.54,Medium
910,1,Behaviour & Emotional Response,Medium,65.59,5,4.61,3,0.0,Hard
910,2,Everyday Problem Solver,Medium,67.58,5,5.09,3,1.99,Hard
910,3,Everyday Problem Solver,Medium,79.85,6,3.94,2,12.27,Hard
910,4,Story & Conversation,Medium,80.17,4,3.92,1,0.32,Hard
910,5,Memory Match & Recall,Easy,80.58,6,5.34,2,0.41,Hard
911,1,Memory Match & Recall,Medium,78.94,8,3.29,2,0.0,Hard
911,2,Memory Match & Recall,Medium,72.53,7,5.91,3,-6.41,Hard
911,3,Memory Match & Recall,Hard,65.08,3,4.49,2,-7.45,Hard
911,4,Story & Conversation,Medium,81.08,6,3.99,2,16.0,Hard
911,5,Behaviour & Emotional Response,Medium,90.6,5,6.63,0,9.52,Hard
912,1,Behaviour & Emotional Response,Easy,87.23,7,4.38,1,0.0,Hard
912,2,My Life Memories,Medium,75.15,8,6.67,2,-12.08,Hard
912,3,Story & Conversation,Medium,73.53,7,4.61,3,-1.62,Hard
912,4,Story & Conversation,Medium,63.33,4,4.89,2,-10.2,Hard
912,5,Everyday Problem Solver,Medium,80.0,4,5.99,1,16.67,Hard
913,1,Story & Conversation,Medium,64.32,6,2.61,4,0.0,Medium
913,2,Story & Conversation,Hard,54.09,5,5.5,5,-10.23,Medium
913,3,My Life Memories,Hard,56.69,6,6.59,4,2.6,Medium
913,4,My Life Memories,Easy,93.98,9,4.4,1,37.29,Medium
913,5,My Life Memories,Hard,60.27,4,5.51,2,-33.71,Medium
914,1,Story & Conversation,Medium,56.9,3,5.19,3,0.0,Hard
914,2,My Life Memories,Medium,66.07,7,5.22,3,9.17,Hard
914,3,Everyday Problem Solver,Easy,77.61,5,4.9,1,11.54,Hard
914,4,Everyday Problem Solver,Easy,65.73,7,5.24,3,-11.88,Hard
914,5,My Life Memories,Easy,73.84,6,3.09,2,8.11,Hard
915,1,Everyday Problem Solver,Easy,56.03,6,4.28,4,0.0,Easy
915,2,Everyday Problem Solver,Easy,44.84,4,5.21,4,-11.19,Easy
915,3,Everyday Problem Solver,Easy,47.8,5,4.79,5,2.96,Easy
915,4,My Life Memories,Medium,49.36,3,6.17,3,1.56,Easy
915,5,My Life Memories,Hard,48.12,2,4.28,3,-1.24,Easy
916,1,Story & Conversation,Hard,45.55,2,6.46,3,0.0,Medium
916,2,Story & Conversation,Medium,62.01,5,4.58,3,16.46,Medium
916,3,Everyday Problem Solver,Easy,69.57,7,3.1,3,7.56,Medium
916,4,Everyday Problem Solver,Medium,69.64,3,5.49,2,0.07,Medium
916,5,Story & Conversation,Medium,70.72,6,4.56,2,1.08,Medium
917,1,Story & Conversation,Medium,43.68,4,5.58,6,0.0,Medium
917,2,Behaviour & Emotional Response,Easy,55.41,3,6.78,3,11.73,Medium
917,3,Behaviour & Emotional Response,Easy,55.3,4,4.89,4,-0.11,Medium
917,4,Everyday Problem Solver,Medium,64.05,6,5.71,4,8.75,Medium
917,5,Memory Match & Recall,Easy,67.2,5,3.3,3,3.15,Medium
918,1,My Life Memories,Easy,53.89,4,6.38,4,0.0,Easy
918,2,Everyday Problem Solver,Hard,26.14,2,4.72,6,-27.75,Easy
918,3,My Life Memories,Medium,27.52,2,4.1,6,1.38,Easy
918,4,Behaviour & Emotional Response,Medium,43.09,3,7.07,3,15.57,Easy
918,5,Everyday Problem Solver,Hard,37.31,2,6.37,4,-5.78,Easy
919,1,Behaviour & Emotional Response,Medium,50.5,3,6.78,3,0.0,Medium
919,2,My Life Memories,Medium,56.7,3,2.52,2,6.2,Medium
919,3,Story & Conversation,Medium,52.96,3,4.05,2,-3.74,Medium
919,4,My Life Memories,Medium,55.22,4,5.73,4,2.26,Medium
919,5,Memory Match & Recall,Medium,59.35,6,4.93,4,4.13,Medium
920,1,Behaviour & Emotional Response,Hard,63.52,5,8.03,3,0.0,Hard
920,2,Memory Match & Recall,Medium,77.17,5,4.99,1,13.65,Hard
920,3,Story & Conversation,Medium,81.01,6,5.0,2,3.84,Hard
920,4,Memory Match & Recall,Medium,86.87,5,5.33,1,5.86,Hard
920,5,Memory Match & Recall,Easy,91.18,9,2.92,1,4.31,Hard
921,1,Behaviour & Emotional Response,Easy,98.0,8,5.06,0,0.0,Hard
921,2,Story & Conversation,Medium,86.85,7,4.47,1,-11.15,Hard
921,3,Behaviour & Emotional Response,Hard,85.24,5,6.19,1,-1.61,Hard
921,4,Everyday Problem Solver,Hard,71.17,4,5.93,1,-14.07,Hard
921,5,Story & Conversation,Medium,94.1,6,5.14,0,22.93,Hard
922,1,Behaviour & Emotional Response,Medium,39.32,3,4.86,5,0.0,Medium
922,2,Everyday Problem Solver,Medium,39.64,4,4.61,6,0.32,Medium
922,3,Memory Match & Recall,Easy,50.29,3,2.4,3,10.65,Medium
922,4,Everyday Problem Solver,Easy,65.06,3,2.92,2,14.77,Medium
922,5,My Life Memories,Easy,59.38,6,5.43,4,-5.68,Medium
923,1,Everyday Problem Solver,Medium,45.82,5,5.4,5,0.0,Medium
923,2,Behaviour & Emotional Response,Easy,68.98,7,3.04,3,23.16,Medium
923,3,Story & Conversation,Easy,62.87,5,2.42,3,-6.11,Medium
923,4,My Life Memories,Easy,62.92,6,4.54,4,0.05,Medium
923,5,Story & Conversation,Easy,61.65,4,3.96,2,-1.27,Medium
924,1,Story & Conversation,Hard,27.34,1,7.35,4,0.0,Easy
924,2,Memory Match & Recall,Hard,21.79,2,5.38,8,-5.55,Easy
924,3,Story & Conversation,Easy,54.89,5,6.02,5,33.1,Easy
924,4,Behaviour & Emotional Response,Easy,44.42,4,4.44,6,-10.47,Easy
924,5,Story & Conversation,Medium,46.58,4,5.0,4,2.16,Easy
925,1,Behaviour & Emotional Response,Hard,15.0,1,8.0,4,0.0,Easy
925,2,Story & Conversation,Easy,35.05,2,3.48,3,20.05,Easy
925,3,Behaviour & Emotional Response,Easy,32.77,2,6.86,4,-2.28,Easy
925,4,My Life Memories,Easy,42.81,2,5.43,3,10.04,Easy
925,5,Everyday Problem Solver,Easy,40.99,2,3.88,4,-1.82,Easy
926,1,Everyday Problem Solver,Easy,66.52,5,5.13,3,0.0,Medium
926,2,Story & Conversation,Easy,77.54,8,5.72,2,11.02,Medium
926,3,Story & Conversation,Medium,51.48,5,5.36,5,-26.06,Medium
926,4,My Life Memories,Medium,65.91,7,5.72,3,14.43,Medium
926,5,My Life Memories,Medium,59.22,3,8.52,2,-6.69,Medium
927,1,Everyday Problem Solver,Medium,34.34,2,5.51,3,0.0,Easy
927,2,Story & Conversation,Easy,65.04,3,3.48,2,30.7,Easy
927,3,Behaviour & Emotional Response,Easy,52.25,3,5.87,3,-12.79,Easy
927,4,My Life Memories,Easy,55.24,3,4.16,3,2.99,Easy
927,5,Everyday Problem Solver,Hard,38.24,2,6.32,4,-17.0,Easy
928,1,Behaviour & Emotional Response,Easy,93.21,9,4.62,1,0.0,Hard
928,2,My Life Memories,Easy,88.71,7,4.55,1,-4.5,Hard
928,3,My Life Memories,Easy,91.39,9,4.34,1,2.68,Hard
928,4,Behaviour & Emotional Response,Easy,89.95,5,5.72,1,-1.44,Hard
928,5,Behaviour & Emotional Response,Easy,98.0,6,2.41,0,8.05,Hard
929,1,Behaviour & Emotional Response,Medium,56.02,4,4.68,4,0.0,Medium
929,2,Memory Match & Recall,Medium,64.07,5,5.79,3,8.05,Medium
929,3,Behaviour & Emotional Response,Hard,50.48,3,3.6,3,-13.59,Medium
929,4,My Life Memories,Easy,68.86,3,5.52,2,18.38,Medium
929,5,Behaviour & Emotional Response,Easy,59.71,5,5.95,3,-9.15,Medium
930,1,Behaviour & Emotional Response,Medium,75.72,5,4.66,1,0.0,Medium
930,2,Behaviour & Emotional Response,Easy,66.95,4,4.98,2,-8.77,Medium
930,3,Story & Conversation,Hard,66.47,7,6.88,3,-0.48,Medium
930,4,Memory Match & Recall,Medium,68.34,7,5.06,3,1.87,Medium
930,5,Memory Match & Recall,Medium,70.62,7,3.95,3,2.28,Medium
931,1,Everyday Problem Solver,Easy,77.15,4,3.31,1,0.0,Hard
931,2,My Life Memories,Hard,57.21,3,4.05,3,-19.94,Hard
931,3,Everyday Problem Solver,Medium,78.21,6,6.27,2,21.0,Hard
931,4,Everyday Problem Solver,Hard,65.72,5,3.97,3,-12.49,Hard
931,5,Story & Conversation,Medium,85.37,5,6.84,1,19.65,Hard
932,1,Behaviour & Emotional Response,Hard,35.44,3,6.64,5,0.0,Medium
932,2,Everyday Problem Solver,Medium,61.54,5,4.38,3,26.1,Medium
932,3,Memory Match & Recall,Easy,55.31,3,5.32,3,-6.23,Medium
932,4,Story & Conversation,Easy,69.6,7,4.45,3,14.29,Medium
932,5,Story & Conversation,Medium,52.96,5,6.27,5,-16.64,Medium
933,1,Behaviour & Emotional Response,Medium,63.31,6,5.05,4,0.0,Medium
933,2,My Life Memories,Medium,61.31,5,5.83,3,-2.0,Medium
933,3,Everyday Problem Solver,Easy,79.35,4,3.84,1,18.04,Medium
933,4,Memory Match & Recall,Hard,60.22,3,5.87,2,-19.13,Medium
933,5,Memory Match & Recall,Hard,67.29,3,6.47,2,7.07,Medium
934,1,Story & Conversation,Medium,62.24,4,5.48,2,0.0,Hard
934,2,Memory Match & Recall,Easy,66.59,4,4.32,2,4.35,Hard
934,3,Everyday Problem Solver,Hard,47.76,4,6.52,4,-18.83,Hard
934,4,Memory Match & Recall,Easy,69.95,3,3.97,2,22.19,Hard
934,5,Story & Conversation,Medium,75.47,4,6.02,1,5.52,Hard
935,1,Story & Conversation,Easy,62.02,6,4.65,4,0.0,Medium
935,2,Everyday Problem Solver,Easy,62.44,3,4.67,2,0.42,Medium
935,3,My Life Memories,Easy,68.73,3,4.86,2,6.29,Medium
935,4,Memory Match & Recall,Medium,52.72,5,6.33,5,-16.01,Medium
935,5,Behaviour & Emotional Response,Medium,55.99,4,5.2,4,3.27,Medium
936,1,Story & Conversation,Easy,74.15,7,4.42,3,0.0,Medium
936,2,Memory Match & Recall,Medium,62.69,4,4.1,2,-11.46,Medium
936,3,Everyday Problem Solver,Easy,71.72,7,2.76,3,9.03,Medium
936,4,Memory Match & Recall,Easy,73.93,7,4.2,3,2.21,Medium
936,5,My Life Memories,Medium,71.33,4,4.6,1,-2.6,Medium
937,1,Behaviour & Emotional Response,Hard,22.11,1,7.43,4,0.0,Easy
937,2,Story & Conversation,Medium,28.84,3,7.56,7,6.73,Easy
937,3,Everyday Problem Solver,Hard,15.0,1,8.45,4,-13.84,Easy
937,4,Story & Conversation,Hard,15.0,1,6.47,5,0.0,Easy
937,5,Everyday Problem Solver,Medium,23.02,1,5.33,4,8.02,Easy
938,1,Memory Match & Recall,Hard,52.86,5,6.73,5,0.0,Medium
938,2,Behaviour & Emotional Response,Hard,55.89,6,5.23,4,3.03,Medium
938,3,Everyday Problem Solver,Medium,65.39,3,5.95,2,9.5,Medium
938,4,Story & Conversation,Medium,66.37,5,6.07,3,0.98,Medium
938,5,My Life Memories,Hard,67.13,4,3.76,2,0.76,Medium
939,1,Story & Conversation,Medium,89.36,7,5.09,1,0.0,Hard
939,2,Behaviour & Emotional Response,Medium,82.09,7,6.09,1,-7.27,Hard
939,3,Story & Conversation,Medium,78.34,8,5.09,2,-3.75,Hard
939,4,Story & Conversation,Medium,73.61,6,5.08,2,-4.73,Hard
939,5,Story & Conversation,Easy,95.98,10,4.85,0,22.37,Hard
940,1,Behaviour & Emotional Response,Medium,71.33,7,4.29,3,0.0,Hard
940,2,Memory Match & Recall,Medium,88.85,5,4.61,1,17.52,Hard
940,3,Story & Conversation,Hard,68.18,7,5.67,3,-20.67,Hard
940,4,My Life Memories,Medium,75.55,5,6.84,1,7.37,Hard
940,5,Memory Match & Recall,Easy,88.82,5,2.94,1,13.27,Hard
941,1,Behaviour & Emotional Response,Easy,51.23,3,3.81,3,0.0,Medium
941,2,Behaviour & Emotional Response,Easy,58.93,4,5.27,2,7.7,Medium
941,3,My Life Memories,Easy,62.2,6,5.57,4,3.27,Medium
941,4,Memory Match & Recall,Hard,54.13,3,6.8,2,-8.07,Medium
941,5,Behaviour & Emotional Response,Easy,67.95,3,4.63,2,13.82,Medium
942,1,Story & Conversation,Hard,24.32,1,5.07,5,0.0,Easy
942,2,Everyday Problem Solver,Medium,42.79,3,8.24,5,18.47,Easy
942,3,My Life Memories,Easy,53.12,4,2.19,4,10.33,Easy
942,4,Behaviour & Emotional Response,Hard,27.46,3,6.23,7,-25.66,Easy
942,5,Everyday Problem Solver,Medium,43.65,4,4.27,6,16.19,Easy
943,1,Memory Match & Recall,Easy,66.22,7,3.34,3,0.0,Hard
943,2,Everyday Problem Solver,Hard,57.05,3,4.62,3,-9.17,Hard
943,3,Memory Match & Recall,Hard,57.91,3,4.19,2,0.86,Hard
943,4,My Life Memories,Easy,88.77,4,3.36,1,30.86,Hard
943,5,Story & Conversation,Easy,78.34,8,4.77,2,-10.43,Hard
944,1,Story & Conversation,Hard,40.38,2,6.67,3,0.0,Medium
944,2,Everyday Problem Solver,Easy,68.78,3,5.4,2,28.4,Medium
944,3,Story & Conversation,Easy,63.49,4,4.32,2,-5.29,Medium
944,4,Memory Match & Recall,Easy,80.11,8,5.5,2,16.62,Medium
944,5,Memory Match & Recall,Medium,51.99,4,5.2,4,-28.12,Medium
945,1,My Life Memories,Easy,64.16,5,3.01,3,0.0,Medium
945,2,Story & Conversation,Medium,54.0,3,7.24,3,-10.16,Medium
945,3,Story & Conversation,Medium,61.45,6,2.02,4,7.45,Medium
945,4,Behaviour & Emotional Response,Medium,66.77,7,6.27,3,5.32,Medium
945,5,Memory Match & Recall,Medium,58.82,5,5.89,3,-7.95,Medium
946,1,Memory Match & Recall,Easy,54.29,5,6.36,5,0.0,Easy
946,2,My Life Memories,Medium,46.98,2,2.88,3,-7.31,Easy
946,3,My Life Memories,Medium,49.73,4,5.01,4,2.75,Easy
946,4,My Life Memories,Hard,46.8,5,5.94,5,-2.93,Easy
946,5,Memory Match & Recall,Hard,38.58,2,7.25,3,-8.22,Easy
947,1,My Life Memories,Easy,67.31,3,5.85,2,0.0,Hard
947,2,Memory Match & Recall,Easy,74.47,4,4.41,1,7.16,Hard
947,3,My Life Memories,Medium,65.88,5,3.69,3,-8.59,Hard
947,4,Everyday Problem Solver,Medium,63.15,6,5.0,4,-2.73,Hard
947,5,Memory Match & Recall,Easy,76.64,8,5.91,2,13.49,Hard
948,1,Everyday Problem Solver,Medium,68.39,3,4.96,2,0.0,Medium
948,2,Memory Match & Recall,Medium,71.1,4,5.41,1,2.71,Medium
948,3,Behaviour & Emotional Response,Medium,66.34,4,4.95,2,-4.76,Medium
948,4,My Life Memories,Easy,72.03,7,5.03,3,5.69,Medium
948,5,Behaviour & Emotional Response,Medium,69.02,3,4.35,2,-3.01,Medium
949,1,Story & Conversation,Medium,69.1,7,4.44,3,0.0,Hard
949,2,Everyday Problem Solver,Hard,72.26,6,6.1,2,3.16,Hard
949,3,Everyday Problem Solver,Easy,89.31,7,4.59,1,17.05,Hard
949,4,My Life Memories,Easy,92.17,6,2.44,0,2.86,Hard
949,5,Memory Match & Recall,Easy,90.5,9,6.22,1,-1.67,Hard
950,1,Everyday Problem Solver,Easy,58.2,3,3.88,3,0.0,Medium
950,2,My Life Memories,Easy,61.09,4,3.81,2,2.89,Medium
950,3,Everyday Problem Solver,Easy,66.03,7,4.71,3,4.94,Medium
950,4,Everyday Problem Solver,Medium,59.25,3,3.76,2,-6.78,Medium
950,5,Memory Match & Recall,Easy,64.07,4,4.22,2,4.82,Medium
951,1,Behaviour & Emotional Response,Medium,62.08,6,6.1,4,0.0,Hard
951,2,My Life Memories,Medium,75.45,8,3.71,2,13.37,Hard
951,3,Memory Match & Recall,Medium,66.89,5,4.33,3,-8.56,Hard
951,4,Behaviour & Emotional Response,Easy,97.13,10,3.71,0,30.24,Hard
951,5,Memory Match & Recall,Easy,92.9,9,2.74,1,-4.23,Hard
952,1,Memory Match & Recall,Easy,51.04,4,3.58,4,0.0,Medium
952,2,Story & Conversation,Medium,45.05,3,4.29,3,-5.99,Medium
952,3,Everyday Problem Solver,Easy,53.24,3,5.96,3,8.19,Medium
952,4,Memory Match & Recall,Medium,57.0,3,6.18,3,3.76,Medium
952,5,My Life Memories,Medium,54.3,4,5.18,4,-2.7,Medium
953,1,Behaviour & Emotional Response,Easy,56.83,3,4.98,2,0.0,Medium
953,2,Everyday Problem Solver,Medium,47.0,2,3.93,3,-9.83,Medium
953,3,Behaviour & Emotional Response,Easy,72.46,4,6.7,2,25.46,Medium
953,4,Everyday Problem Solver,Easy,69.4,7,5.77,3,-3.06,Medium
953,5,Memory Match & Recall,Medium,57.07,3,3.44,2,-12.33,Medium
954,1,Memory Match & Recall,Medium,72.6,6,5.01,2,0.0,Medium
954,2,Behaviour & Emotional Response,Medium,69.23,6,6.1,2,-3.37,Medium
954,3,Everyday Problem Solver,Easy,76.27,5,3.46,1,7.04,Medium
954,4,My Life Memories,Hard,55.63,3,5.96,3,-20.64,Medium
954,5,My Life Memories,Medium,68.66,4,4.13,2,13.03,Medium
955,1,Memory Match & Recall,Easy,57.85,3,2.75,2,0.0,Easy
955,2,Everyday Problem Solver,Medium,51.44,3,6.59,3,-6.41,Easy
955,3,Memory Match & Recall,Medium,53.23,3,6.92,2,1.79,Easy
955,4,Behaviour & Emotional Response,Easy,71.92,7,5.36,3,18.69,Easy
955,5,Story & Conversation,Hard,43.86,4,5.98,4,-28.06,Easy
956,1,My Life Memories,Easy,79.11,8,2.11,2,0.0,Hard
956,2,Memory Match & Recall,Hard,63.91,6,4.43,4,-15.2,Hard
956,3,Memory Match & Recall,Easy,78.68,6,4.37,2,14.77,Hard
956,4,My Life Memories,Medium,75.39,5,3.2,1,-3.29,Hard
956,5,Everyday Problem Solver,Medium,78.45,8,6.03,2,3.06,Hard
957,1,Everyday Problem Solver,Easy,60.71,5,2.64,3,0.0,Easy
957,2,My Life Memories,Medium,57.28,6,4.55,4,-3.43,Easy
957,3,Behaviour & Emotional Response,Easy,56.95,3,2.27,2,-0.33,Easy
957,4,Behaviour & Emotional Response,Easy,57.2,3,4.82,3,0.25,Easy
957,5,Memory Match & Recall,Medium,48.56,5,4.44,5,-8.64,Easy
958,1,Story & Conversation,Medium,52.58,4,5.12,4,0.0,Medium
958,2,Story & Conversation,Hard,44.55,4,5.31,4,-8.03,Medium
958,3,Story & Conversation,Hard,34.19,3,7.01,7,-10.36,Medium
958,4,Behaviour & Emotional Response,Medium,40.56,2,3.72,4,6.37,Medium
958,5,My Life Memories,Easy,68.39,7,3.05,3,27.83,Medium
959,1,Story & Conversation,Medium,43.93,2,3.48,3,0.0,Easy
959,2,Story & Conversation,Medium,35.32,3,5.3,5,-8.61,Easy
959,3,Story & Conversation,Medium,18.85,1,5.03,5,-16.47,Easy
959,4,Story & Conversation,Hard,27.9,2,6.5,6,9.05,Easy
959,5,Everyday Problem Solver,Medium,44.14,4,4.68,4,16.24,Easy
960,1,Story & Conversation,Easy,76.55,6,2.7,2,0.0,Hard
960,2,Behaviour & Emotional Response,Medium,64.4,5,3.23,3,-12.15,Hard
960,3,Story & Conversation,Medium,79.75,5,3.04,1,15.35,Hard
960,4,Behaviour & Emotional Response,Hard,64.83,4,5.46,2,-14.92,Hard
960,5,Story & Conversation,Easy,86.07,7,5.95,1,21.24,Hard
961,1,Behaviour & Emotional Response,Medium,57.09,3,5.09,3,0.0,Medium
961,2,My Life Memories,Medium,54.01,3,7.83,3,-3.08,Medium
961,3,Memory Match & Recall,Medium,47.78,4,6.66,4,-6.23,Medium
961,4,Everyday Problem Solver,Easy,71.86,6,3.85,2,24.08,Medium
961,5,Everyday Problem Solver,Hard,57.2,6,3.62,4,-14.66,Medium
962,1,Story & Conversation,Easy,54.92,5,5.06,5,0.0,Easy
962,2,Story & Conversation,Hard,35.0,3,6.54,7,-19.92,Easy
962,3,Behaviour & Emotional Response,Easy,64.05,5,3.91,3,29.05,Easy
962,4,Behaviour & Emotional Response,Easy,69.01,3,4.13,2,4.96,Easy
962,5,My Life Memories,Hard,39.64,4,9.34,6,-29.37,Easy
963,1,Memory Match & Recall,Easy,49.39,4,3.59,4,0.0,Medium
963,2,My Life Memories,Medium,46.59,4,6.12,4,-2.8,Medium
963,3,Behaviour & Emotional Response,Medium,57.62,3,5.52,3,11.03,Medium
963,4,Story & Conversation,Easy,64.97,6,4.15,4,7.35,Medium
963,5,My Life Memories,Medium,56.47,6,4.95,4,-8.5,Medium
964,1,My Life Memories,Medium,74.55,4,5.5,1,0.0,Medium
964,2,Everyday Problem Solver,Easy,87.03,7,5.37,1,12.48,Medium
964,3,Memory Match & Recall,Easy,87.26,4,4.73,1,0.23,Medium
964,4,Story & Conversation,Easy,94.16,8,3.45,0,6.9,Medium
964,5,Everyday Problem Solver,Medium,73.4,7,3.49,3,-20.76,Medium
965,1,Everyday Problem Solver,Easy,61.62,3,5.06,2,0.0,Medium
965,2,Memory Match & Recall,Easy,73.59,6,5.77,2,11.97,Medium
965,3,Story & Conversation,Medium,61.71,4,4.76,2,-11.88,Medium
965,4,Everyday Problem Solver,Medium,73.98,6,6.57,2,12.27,Medium
965,5,Behaviour & Emotional Response,Medium,64.66,4,5.2,2,-9.32,Medium
966,1,Everyday Problem Solver,Easy,76.66,6,4.07,2,0.0,Hard
966,2,Everyday Problem Solver,Easy,83.6,8,2.06,2,6.94,Hard
966,3,Everyday Problem Solver,Medium,64.89,3,5.52,2,-18.71,Hard
966,4,Everyday Problem Solver,Easy,81.66,7,5.97,1,16.77,Hard
966,5,My Life Memories,Easy,87.61,5,3.96,1,5.95,Hard
967,1,My Life Memories,Easy,85.21,9,5.44,1,0.0,Medium
967,2,Behaviour & Emotional Response,Easy,98.0,6,5.67,0,12.79,Medium
967,3,Everyday Problem Solver,Easy,93.13,5,3.86,0,-4.87,Medium
967,4,Everyday Problem Solver,Medium,74.83,7,5.27,3,-18.3,Medium
967,5,Behaviour & Emotional Response,Hard,66.81,7,4.81,3,-8.02,Medium
968,1,My Life Memories,Easy,49.38,2,4.57,3,0.0,Medium
968,2,Memory Match & Recall,Medium,45.28,5,4.42,5,-4.1,Medium
968,3,My Life Memories,Easy,61.55,6,4.26,4,16.27,Medium
968,4,Behaviour & Emotional Response,Medium,41.91,2,5.44,3,-19.64,Medium
968,5,Behaviour & Emotional Response,Medium,59.92,4,5.42,2,18.01,Medium
969,1,My Life Memories,Medium,45.39,4,4.87,4,0.0,Medium
969,2,Story & Conversation,Easy,67.47,7,4.0,3,22.08,Medium
969,3,My Life Memories,Medium,47.56,4,4.1,4,-19.91,Medium
969,4,Everyday Problem Solver,Medium,67.78,7,6.68,3,20.22,Medium
969,5,Everyday Problem Solver,Medium,55.24,3,5.87,3,-12.54,Medium
970,1,Everyday Problem Solver,Easy,60.75,6,4.81,4,0.0,Easy
970,2,Story & Conversation,Easy,59.52,5,2.47,3,-1.23,Easy
970,3,Everyday Problem Solver,Medium,49.39,5,5.1,5,-10.13,Easy
970,4,Memory Match & Recall,Medium,51.93,3,6.18,3,2.54,Easy
970,5,Memory Match & Recall,Medium,48.72,2,4.39,3,-3.21,Easy
971,1,My Life Memories,Medium,71.33,6,3.88,2,0.0,Hard
971,2,My Life Memories,Easy,77.67,8,2.61,2,6.34,Hard
971,3,My Life Memories,Hard,59.63,3,7.15,2,-18.04,Hard
971,4,My Life Memories,Easy,87.26,5,3.67,1,27.63,Hard
971,5,Story & Conversation,Medium,82.52,7,3.84,1,-4.74,Hard
972,1,My Life Memories,Easy,70.35,4,5.37,2,0.0,Medium
972,2,Behaviour & Emotional Response,Medium,53.47,3,4.05,3,-16.88,Medium
972,3,Memory Match & Recall,Hard,42.6,3,5.65,5,-10.87,Medium
972,4,Memory Match & Recall,Medium,73.2,4,4.31,1,30.6,Medium
972,5,Everyday Problem Solver,Easy,74.37,4,5.45,1,1.17,Medium
973,1,Story & Conversation,Easy,85.5,7,5.14,1,0.0,Hard
973,2,My Life Memories,Easy,81.07,5,6.01,1,-4.43,Hard
973,3,My Life Memories,Easy,98.0,6,4.84,0,16.93,Hard
973,4,Everyday Problem Solver,Medium,68.02,4,4.29,2,-29.98,Hard
973,5,Behaviour & Emotional Response,Easy,95.71,5,3.73,0,27.69,Hard
974,1,Behaviour & Emotional Response,Easy,92.61,6,3.41,0,0.0,Hard
974,2,Story & Conversation,Medium,80.78,8,3.78,2,-11.83,Hard
974,3,Everyday Problem Solver,Easy,90.99,5,3.61,1,10.21,Hard
974,4,Behaviour & Emotional Response,Medium,90.63,5,7.31,0,-0.36,Hard
974,5,Memory Match & Recall,Easy,86.5,5,2.0,1,-4.13,Hard
975,1,Behaviour & Emotional Response,Easy,57.21,6,4.6,4,0.0,Medium
975,2,Behaviour & Emotional Response,Medium,62.32,4,6.79,2,5.11,Medium
975,3,Everyday Problem Solver,Medium,60.53,4,4.78,2,-1.79,Medium
975,4,Everyday Problem Solver,Medium,48.95,4,5.14,4,-11.58,Medium
975,5,Everyday Problem Solver,Medium,62.75,3,5.76,2,13.8,Medium
976,1,Behaviour & Emotional Response,Medium,46.76,2,3.35,3,0.0,Easy
976,2,My Life Memories,Easy,47.12,2,3.29,3,0.36,Easy
976,3,My Life Memories,Easy,52.95,3,4.98,3,5.83,Easy
976,4,Everyday Problem Solver,Hard,38.76,3,5.34,5,-14.19,Easy
976,5,Behaviour & Emotional Response,Medium,49.47,5,1.5,5,10.71,Easy
977,1,Everyday Problem Solver,Medium,76.62,4,4.39,1,0.0,Hard
977,2,Everyday Problem Solver,Easy,85.4,4,5.48,1,8.78,Hard
977,3,Memory Match & Recall,Hard,74.49,4,4.71,2,-10.91,Hard
977,4,Memory Match & Recall,Easy,94.77,9,6.26,1,20.28,Hard
977,5,My Life Memories,Medium,88.19,9,4.58,1,-6.58,Hard
978,1,Behaviour & Emotional Response,Medium,34.51,3,5.03,5,0.0,Easy
978,2,Behaviour & Emotional Response,Medium,49.33,5,6.42,5,14.82,Easy
978,3,Story & Conversation,Medium,35.39,4,3.87,6,-13.94,Easy
978,4,Everyday Problem Solver,Medium,46.89,5,5.12,5,11.5,Easy
978,5,Everyday Problem Solver,Hard,39.01,2,5.84,4,-7.88,Easy
979,1,Memory Match & Recall,Medium,60.7,5,6.14,3,0.0,Hard
979,2,Story & Conversation,Easy,80.22,8,3.97,2,19.52,Hard
979,3,My Life Memories,Medium,78.73,6,6.74,2,-1.49,Hard
979,4,Memory Match & Recall,Easy,86.22,5,1.5,1,7.49,Hard
979,5,Memory Match & Recall,Easy,91.6,5,5.22,1,5.38,Hard
980,1,My Life Memories,Hard,85.52,5,7.51,1,0.0,Hard
980,2,Story & Conversation,Medium,96.87,6,6.34,0,11.35,Hard
980,3,Memory Match & Recall,Hard,93.06,9,5.82,1,-3.81,Hard
980,4,Story & Conversation,Medium,85.16,9,4.45,1,-7.9,Hard
980,5,My Life Memories,Medium,98.0,6,4.81,0,12.84,Hard
981,1,My Life Memories,Easy,41.52,2,3.78,3,0.0,Easy
981,2,Everyday Problem Solver,Hard,35.65,2,7.91,3,-5.87,Easy
981,3,Story & Conversation,Medium,49.8,4,6.37,4,14.15,Easy
981,4,My Life Memories,Hard,33.32,3,3.94,7,-16.48,Easy
981,5,Memory Match & Recall,Medium,44.57,4,4.83,4,11.25,Easy
982,1,Behaviour & Emotional Response,Medium,52.87,3,5.61,2,0.0,Medium
982,2,My Life Memories,Easy,69.16,6,4.11,2,16.29,Medium
982,3,Everyday Problem Solver,Easy,54.12,3,3.99,3,-15.04,Medium
982,4,Memory Match & Recall,Hard,45.31,3,7.4,3,-8.81,Medium
982,5,Behaviour & Emotional Response,Easy,65.14,3,5.09,2,19.83,Medium
983,1,Behaviour & Emotional Response,Easy,74.61,6,5.52,2,0.0,Medium
983,2,Memory Match & Recall,Medium,61.89,5,4.31,3,-12.72,Medium
983,3,Behaviour & Emotional Response,Medium,67.28,5,4.19,3,5.39,Medium
983,4,Story & Conversation,Medium,71.9,4,4.07,1,4.62,Medium
983,5,My Life Memories,Medium,71.71,7,4.81,3,-0.19,Medium
984,1,Behaviour & Emotional Response,Easy,70.47,4,4.03,1,0.0,Medium
984,2,Everyday Problem Solver,Hard,53.3,5,6.12,5,-17.17,Medium
984,3,Story & Conversation,Medium,66.2,7,7.02,3,12.9,Medium
984,4,Story & Conversation,Easy,71.78,4,4.35,2,5.58,Medium
984,5,Memory Match & Recall,Medium,59.78,5,5.47,3,-12.0,Medium
985,1,My Life Memories,Easy,51.6,3,4.14,2,0.0,Easy
985,2,Story & Conversation,Easy,56.46,3,3.88,3,4.86,Easy
985,3,Everyday Problem Solver,Medium,42.7,3,6.88,3,-13.76,Easy
985,4,My Life Memories,Medium,49.48,3,4.43,3,6.78,Easy
985,5,My Life Memories,Medium,47.77,4,7.09,4,-1.71,Easy
986,1,Everyday Problem Solver,Easy,62.34,3,3.68,2,0.0,Medium
986,2,Everyday Problem Solver,Hard,42.68,3,5.25,5,-19.66,Medium
986,3,My Life Memories,Medium,51.79,3,3.74,3,9.11,Medium
986,4,My Life Memories,Hard,44.0,3,6.66,3,-7.79,Medium
986,5,My Life Memories,Easy,70.19,7,4.19,3,26.19,Medium
987,1,Story & Conversation,Medium,86.82,7,4.47,1,0.0,Hard
987,2,My Life Memories,Hard,64.77,5,4.74,3,-22.05,Hard
987,3,Behaviour & Emotional Response,Medium,86.21,7,4.56,1,21.44,Hard
987,4,Story & Conversation,Medium,81.23,6,3.87,2,-4.98,Hard
987,5,Behaviour & Emotional Response,Medium,80.43,5,5.24,1,-0.8,Hard
988,1,Everyday Problem Solver,Hard,34.24,3,5.39,7,0.0,Medium
988,2,My Life Memories,Easy,50.87,4,2.99,4,16.63,Medium
988,3,My Life Memories,Hard,31.19,3,5.66,7,-19.68,Medium
988,4,Memory Match & Recall,Hard,32.47,3,7.81,5,1.28,Medium
988,5,Story & Conversation,Easy,57.33,3,3.59,3,24.86,Medium
989,1,Behaviour & Emotional Response,Easy,62.9,4,6.06,2,0.0,Medium
989,2,Everyday Problem Solver,Medium,52.52,3,5.91,3,-10.38,Medium
989,3,Memory Match & Recall,Medium,55.99,4,6.75,4,3.47,Medium
989,4,My Life Memories,Medium,42.13,4,5.96,6,-13.86,Medium
989,5,Behaviour & Emotional Response,Easy,71.23,4,2.82,1,29.1,Medium
990,1,Everyday Problem Solver,Easy,51.61,5,3.71,5,0.0,Easy
990,2,Memory Match & Recall,Medium,45.32,2,5.43,3,-6.29,Easy
990,3,My Life Memories,Medium,54.91,5,6.36,5,9.59,Easy
990,4,Everyday Problem Solver,Medium,46.19,2,4.12,3,-8.72,Easy
990,5,Story & Conversation,Hard,48.61,2,6.69,3,2.42,Easy
991,1,Story & Conversation,Easy,74.08,7,4.37,3,0.0,Medium
991,2,My Life Memories,Medium,65.89,7,4.57,3,-8.19,Medium
991,3,My Life Memories,Hard,53.86,4,4.06,4,-12.03,Medium
991,4,Everyday Problem Solver,Medium,61.62,4,4.19,2,7.76,Medium
991,5,Story & Conversation,Easy,75.0,6,3.29,2,13.38,Medium
992,1,Behaviour & Emotional Response,Medium,42.91,2,5.82,3,0.0,Medium
992,2,Memory Match & Recall,Easy,63.0,3,2.45,2,20.09,Medium
992,3,Everyday Problem Solver,Medium,49.99,5,5.5,5,-13.01,Medium
992,4,Memory Match & Recall,Hard,41.24,2,5.13,4,-8.75,Medium
992,5,Memory Match & Recall,Easy,67.55,4,4.87,2,26.31,Medium
993,1,Memory Match & Recall,Easy,51.76,4,3.63,4,0.0,Easy
993,2,Story & Conversation,Medium,39.85,2,5.14,3,-11.91,Easy
993,3,Memory Match & Recall,Easy,48.29,4,3.39,4,8.44,Easy
993,4,Story & Conversation,Easy,51.24,3,6.54,2,2.95,Easy
993,5,Memory Match & Recall,Medium,36.28,2,7.24,4,-14.96,Easy
994,1,Everyday Problem Solver,Hard,44.32,4,4.64,6,0.0,Medium
994,2,Memory Match & Recall,Easy,62.98,5,3.89,3,18.66,Medium
994,3,Behaviour & Emotional Response,Hard,40.83,2,5.72,3,-22.15,Medium
994,4,Behaviour & Emotional Response,Easy,68.16,3,6.68,2,27.33,Medium
994,5,My Life Memories,Medium,55.11,4,5.18,4,-13.05,Medium
995,1,Everyday Problem Solver,Medium,57.3,3,5.87,2,0.0,Medium
995,2,My Life Memories,Medium,62.83,5,2.01,3,5.53,Medium
995,3,Memory Match & Recall,Medium,70.68,6,3.59,2,7.85,Medium
995,4,Everyday Problem Solver,Medium,61.93,6,5.83,4,-8.75,Medium
995,5,Story & Conversation,Hard,55.63,4,6.96,4,-6.3,Medium
996,1,Story & Conversation,Medium,74.28,7,5.86,3,0.0,Hard
996,2,My Life Memories,Hard,63.12,4,8.47,2,-11.16,Hard
996,3,Story & Conversation,Medium,76.99,5,6.12,1,13.87,Hard
996,4,Everyday Problem Solver,Medium,87.72,5,5.18,1,10.73,Hard
996,5,Memory Match & Recall,Easy,90.13,5,4.1,0,2.41,Hard
997,1,Everyday Problem Solver,Easy,39.04,4,5.11,6,0.0,Easy
997,2,Everyday Problem Solver,Easy,40.0,2,1.5,3,0.96,Easy
997,3,Story & Conversation,Medium,23.1,2,4.42,6,-16.9,Easy
997,4,Behaviour & Emotional Response,Easy,43.95,4,5.0,6,20.85,Easy
997,5,My Life Memories,Medium,32.67,3,6.0,5,-11.28,Easy
998,1,Everyday Problem Solver,Hard,36.27,2,6.58,3,0.0,Medium
998,2,Story & Conversation,Easy,58.37,4,4.31,2,22.1,Medium
998,3,Story & Conversation,Easy,68.59,3,5.04,2,10.22,Medium
998,4,Story & Conversation,Medium,43.3,4,5.45,6,-25.29,Medium
998,5,My Life Memories,Medium,55.12,6,4.35,4,11.82,Medium
999,1,Story & Conversation,Medium,78.63,6,2.06,2,0.0,Hard
999,2,My Life Memories,Medium,79.64,5,4.38,1,1.01,Hard
999,3,Memory Match & Recall,Hard,70.56,4,6.87,2,-9.08,Hard
999,4,Story & Conversation,Medium,82.01,8,6.84,2,11.45,Hard
999,5,Story & Conversation,Easy,91.27,5,5.02,1,9.26,Hard
1000,1,Everyday Problem Solver,Medium,71.49,7,5.86,3,0.0,Hard
1000,2,Story & Conversation,Hard,58.01,3,5.33,3,-13.48,Hard
1000,3,My Life Memories,Easy,77.2,4,4.67,1,19.19,Hard
1000,4,Story & Conversation,Medium,78.53,6,6.29,2,1.33,Hard
1000,5,Story & Conversation,Easy,92.82,9,3.92,1,14.29,Hard
